#pragma once
#include "epd_driver.h"

#ifdef __cplusplus
typedef GFXfont EpdFont;
typedef GFXglyph EpdGlyph;
typedef UnicodeInterval EpdUnicodeInterval;
#endif

const uint8_t MPLUSRounded1c_Regular_12Bitmaps[16298] = {
    0x78, 0x9C, 0x03, 0x00, 0x00, 0x00, 0x00, 0x01, 0x78, 0x9C, 0x13, 0x60, 0xFC, 0x20, 0xFF, 0x51,
    0x1F, 0x08, 0xE5, 0x3F, 0x80, 0x20, 0x3F, 0x0C, 0x3E, 0xE0, 0x5F, 0xC0, 0xC5, 0x00, 0x04, 0x17,
    0x78, 0x3F, 0xC8, 0x1F, 0xE0, 0x01, 0x00, 0x4E, 0x52, 0x0F, 0xDB, 0x78, 0x9C, 0x53, 0x60, 0x60,
    0x60, 0xFA, 0xC4, 0xB9, 0x40, 0xFE, 0x33, 0xD7, 0x06, 0x7D, 0x10, 0xFD, 0x91, 0x73, 0x82, 0xFC,
    0x47, 0x8E, 0x09, 0xFC, 0x07, 0x58, 0x02, 0xB8, 0x01, 0x8A, 0x53, 0x09, 0xD3, 0x78, 0x9C, 0x63,
    0x60, 0x60, 0x60, 0x62, 0x50, 0x60, 0x00, 0x82, 0x05, 0xFC, 0x0C, 0x9F, 0x38, 0x80, 0xF4, 0x03,
    0x7E, 0x86, 0x6F, 0xEC, 0x40, 0xFA, 0x23, 0x0F, 0xC3, 0x4F, 0x16, 0x20, 0xFD, 0x85, 0x93, 0xE1,
    0x0F, 0x23, 0x83, 0xC3, 0xBF, 0xFF, 0x20, 0xC0, 0xAE, 0xB0, 0xEA, 0xDF, 0xEA, 0x5D, 0xEF, 0x57,
    0x01, 0x25, 0xFE, 0x30, 0x38, 0xF4, 0x83, 0xF4, 0xDD, 0x67, 0x28, 0x88, 0x07, 0x52, 0x0A, 0xFB,
    0x19, 0x16, 0xD8, 0x03, 0xE9, 0x80, 0x7E, 0x86, 0x0B, 0xFC, 0x40, 0x1A, 0x28, 0xF8, 0x81, 0x97,
    0x81, 0x21, 0xE9, 0x58, 0x7F, 0xDA, 0x8F, 0x5C, 0x36, 0x86, 0x5F, 0x60, 0xED, 0xF1, 0x0C, 0x06,
    0x9F, 0x6D, 0x8D, 0x7F, 0x99, 0x33, 0x31, 0x30, 0x7C, 0xE6, 0x62, 0xF8, 0x0D, 0xA4, 0x18, 0xBE,
    0xB2, 0x33, 0xFC, 0x05, 0x19, 0xF3, 0x83, 0x85, 0xE1, 0x3C, 0x88, 0xBE, 0xC1, 0x20, 0x90, 0x07,
    0xA4, 0x00, 0xCA, 0x24, 0x2F, 0x2D, 0x78, 0x9C, 0x63, 0x60, 0x50, 0x60, 0x62, 0x00, 0x82, 0x03,
    0x3C, 0x70, 0xB2, 0xE9, 0xCF, 0xF9, 0x2A, 0xE6, 0x84, 0xFF, 0xFF, 0xEE, 0xFF, 0x97, 0xFF, 0xE4,
    0x77, 0x80, 0xC7, 0x80, 0xF5, 0x07, 0x3B, 0x48, 0xFC, 0x27, 0x0B, 0x88, 0xFC, 0xCE, 0x01, 0x22,
    0x3F, 0xFA, 0x83, 0x48, 0x87, 0xFF, 0x6F, 0x78, 0x81, 0xEA, 0x17, 0xFD, 0xBF, 0x2F, 0x01, 0xA4,
    0x2E, 0xBE, 0x7F, 0xCF, 0x02, 0x32, 0xE1, 0xBB, 0x3C, 0x88, 0x6C, 0xE8, 0x07, 0x91, 0x06, 0xFB,
    0x41, 0xA4, 0x03, 0x98, 0x9C, 0xD0, 0x7F, 0xD8, 0xE3, 0xA2, 0xED, 0x2F, 0xB9, 0x87, 0xFF, 0xFF,
    0xFF, 0xBF, 0xCF, 0xC4, 0x90, 0xFC, 0xA3, 0x8E, 0x19, 0x6E, 0xEF, 0x06, 0x6E, 0x06, 0x28, 0x00,
    0x00, 0x47, 0x67, 0x2E, 0x8F, 0x78, 0x9C, 0x2D, 0x8D, 0x41, 0x0E, 0xC1, 0x50, 0x10, 0x86, 0x3F,
    0xA5, 0x6D, 0x08, 0x89, 0xC4, 0x92, 0x44, 0x17, 0x96, 0x44, 0x6F, 0xA0, 0x47, 0xB0, 0xB3, 0xAB,
    0xC4, 0x0D, 0x9C, 0xC0, 0x11, 0x48, 0x1C, 0x80, 0x85, 0x7B, 0xD4, 0x0D, 0xD8, 0x59, 0x73, 0x01,
    0x49, 0xA5, 0xB4, 0xD5, 0xBE, 0x67, 0x5E, 0x6A, 0x92, 0x49, 0xBE, 0x99, 0xCC, 0x7C, 0x3F, 0xAB,
    0x05, 0xD0, 0xB5, 0x60, 0xA7, 0xF5, 0x04, 0x1E, 0x6D, 0x48, 0xC6, 0xEB, 0x0B, 0x7C, 0x6D, 0x28,
    0xEA, 0x14, 0x56, 0x20, 0x03, 0x1A, 0x32, 0xFB, 0x3C, 0xAB, 0x28, 0x75, 0x92, 0x96, 0x90, 0x82,
    0xDC, 0x56, 0xF2, 0x4A, 0xEE, 0xA0, 0xD6, 0x07, 0x01, 0xE2, 0xC3, 0x6D, 0x7B, 0x1F, 0x1A, 0xF2,
    0x8B, 0xA7, 0x9B, 0xBA, 0xFE, 0xC8, 0x30, 0xDE, 0x73, 0xAE, 0xF4, 0xC0, 0xD0, 0x71, 0xF9, 0x0A,
    0xF7, 0xC6, 0xC8, 0xAB, 0x93, 0xDB, 0x26, 0x41, 0x62, 0x1A, 0x65, 0x4D, 0xA4, 0x10, 0x44, 0x46,
    0xFA, 0x71, 0xE1, 0x3A, 0xE5, 0xBF, 0x7B, 0x37, 0xC9, 0x1C, 0x4A, 0x89, 0x51, 0x35, 0xE2, 0xCD,
    0x29, 0x92, 0xB3, 0x50, 0x5A, 0xE9, 0x3E, 0x55, 0x79, 0x3D, 0xF8, 0x01, 0xD0, 0x1B, 0x3B, 0x64,
    0x78, 0x9C, 0x63, 0x60, 0x08, 0x2C, 0x17, 0x65, 0x00, 0x81, 0x86, 0xFF, 0xFF, 0xFF, 0xB3, 0x81,
    0x18, 0xDF, 0xE2, 0x94, 0x9E, 0xD9, 0x83, 0x18, 0x7F, 0x58, 0x18, 0x12, 0xFA, 0x41, 0x8C, 0xBF,
    0x4C, 0x0C, 0x0E, 0x60, 0xC6, 0x4F, 0x36, 0x86, 0x05, 0xF1, 0x20, 0xC6, 0x27, 0x7D, 0x86, 0xEF,
    0x3C, 0x20, 0x46, 0xC2, 0xFD, 0x45, 0xE7, 0x19, 0xC1, 0xFA, 0x7F, 0xFE, 0xE7, 0x62, 0x70, 0x06,
    0xD2, 0x02, 0xBF, 0xDE, 0x33, 0x30, 0xFC, 0x03, 0x32, 0x2E, 0xAD, 0xFF, 0xCD, 0x03, 0x62, 0x18,
    0xFC, 0x63, 0xDB, 0xB0, 0x1F, 0xC4, 0xB8, 0x00, 0xD4, 0xFA, 0x87, 0x0B, 0xC8, 0xF8, 0xCA, 0xCD,
    0xC0, 0x70, 0x60, 0xFE, 0x3F, 0xB0, 0x79, 0x0C, 0x02, 0x7F, 0xFE, 0x33, 0x30, 0xFC, 0xE0, 0x00,
    0x6A, 0xB8, 0x08, 0x64, 0x7C, 0xD1, 0x03, 0x32, 0xBE, 0x03, 0x1D, 0xB2, 0xE1, 0x7F, 0x66, 0xEA,
    0xCB, 0xF7, 0xCF, 0xF2, 0x19, 0x18, 0x9E, 0xFF, 0xFF, 0xBF, 0x9F, 0x4D, 0xE0, 0x35, 0x50, 0xDC,
    0x50, 0x19, 0x6C, 0x13, 0x00, 0x24, 0x45, 0x38, 0x1A, 0x78, 0x9C, 0x13, 0x60, 0xFC, 0xC0, 0xF7,
    0x91, 0xFF, 0x03, 0x1F, 0x10, 0xF2, 0x4E, 0xE0, 0x00, 0x00, 0x29, 0x9D, 0x05, 0xA1, 0x78, 0x9C,
    0x63, 0x60, 0x60, 0x60, 0x62, 0x60, 0x78, 0xCC, 0xCD, 0x20, 0x70, 0x8F, 0x91, 0x61, 0x83, 0x3D,
    0x03, 0xC3, 0x57, 0x4E, 0x06, 0x86, 0xBF, 0x8C, 0x0C, 0x0E, 0xEB, 0x19, 0x18, 0x26, 0xC4, 0x33,
    0x30, 0x5C, 0x90, 0x67, 0x60, 0xF8, 0xC0, 0xC7, 0xC0, 0xF0, 0x89, 0x87, 0x81, 0xE1, 0x33, 0x37,
    0x02, 0x7F, 0xE4, 0x65, 0x60, 0x78, 0xC0, 0xCF, 0xC0, 0xB0, 0x00, 0xA8, 0x25, 0x60, 0x3E, 0x03,
    0x03, 0xC3, 0x3B, 0x20, 0xFE, 0xCE, 0x0E, 0xD4, 0x20, 0xC7, 0xC0, 0x60, 0xB0, 0x1F, 0xC8, 0xF9,
    0xCA, 0x01, 0x64, 0xB0, 0x01, 0x00, 0x0E, 0x85, 0x15, 0x45, 0x78, 0x9C, 0x13, 0x64, 0x60, 0x60,
    0xF8, 0xC1, 0xC2, 0xC0, 0xB0, 0x41, 0x9F, 0x81, 0x41, 0xE0, 0x1E, 0x90, 0xF3, 0x8D, 0x8D, 0x81,
    0xE1, 0x01, 0x1F, 0x03, 0x43, 0x41, 0x3E, 0x03, 0x83, 0xC2, 0x7E, 0xA0, 0xC0, 0x3F, 0x20, 0xFE,
    0xCD, 0xCC, 0xC0, 0xF0, 0x93, 0x15, 0xA8, 0x92, 0x0D, 0x82, 0x41, 0xEC, 0x5F, 0x40, 0xB1, 0xBF,
    0x8C, 0x0C, 0x02, 0xF7, 0x19, 0x18, 0x12, 0xFA, 0x19, 0x18, 0x0E, 0xC8, 0x33, 0x30, 0x7C, 0xE1,
    0x64, 0x60, 0x78, 0xCB, 0xC8, 0x30, 0xC1, 0x1F, 0x68, 0x0C, 0x3B, 0x03, 0x83, 0x2B, 0x50, 0x27,
    0x00, 0xFE, 0xC6, 0x15, 0x3B, 0x78, 0x9C, 0x63, 0x60, 0x58, 0xC8, 0x00, 0x02, 0x5F, 0x99, 0x61,
    0x64, 0x31, 0xD3, 0x17, 0xE6, 0x66, 0xE6, 0xEF, 0xF7, 0x7F, 0xDF, 0xFA, 0xCF, 0xA6, 0x70, 0xFC,
    0xFF, 0x7E, 0x31, 0x06, 0x06, 0x85, 0xFF, 0x72, 0x40, 0xC9, 0x0B, 0x76, 0xE7, 0x81, 0xE4, 0x2F,
    0x96, 0x6F, 0x1C, 0x0C, 0x0C, 0xF3, 0x18, 0x16, 0xF0, 0x30, 0x40, 0x00, 0x00, 0x7C, 0xFC, 0x12,
    0x4F, 0x78, 0x9C, 0x63, 0x60, 0x60, 0x70, 0x62, 0x80, 0x80, 0x5F, 0x44, 0xD2, 0xBF, 0x19, 0x81,
    0xC4, 0xDF, 0xFF, 0x60, 0xC0, 0xDC, 0xDA, 0xD1, 0xF1, 0xB7, 0xB3, 0xA3, 0x83, 0x14, 0xFD, 0xC7,
    0x41, 0x04, 0x00, 0x40, 0xCC, 0x16, 0xEF, 0x78, 0x9C, 0x63, 0x08, 0x62, 0x10, 0xF8, 0xCF, 0x9C,
    0xF0, 0x9E, 0x61, 0x43, 0x3F, 0xC3, 0x07, 0x79, 0x86, 0x2F, 0xDC, 0x0C, 0x8B, 0x99, 0x18, 0x00,
    0x4B, 0x17, 0x06, 0xA6, 0x78, 0x9C, 0xFB, 0xF3, 0xFF, 0x7F, 0xFD, 0xF2, 0x55, 0xAB, 0x2C, 0x01,
    0x1D, 0x7D, 0x05, 0xAE, 0x78, 0x9C, 0x0B, 0x60, 0xFC, 0xC1, 0xF5, 0x93, 0xFB, 0x2B, 0x1B, 0x00,
    0x0E, 0x86, 0x03, 0x53, 0x78, 0x9C, 0x63, 0x60, 0x00, 0x02, 0x26, 0x10, 0xF1, 0x90, 0x07, 0x44,
    0xFE, 0x60, 0x03, 0x91, 0xEF, 0x40, 0x44, 0x42, 0x3F, 0x88, 0xBC, 0x20, 0x0F, 0x22, 0xBF, 0x70,
    0x82, 0xC8, 0x3F, 0x20, 0x85, 0x06, 0xFB, 0x41, 0xCC, 0x05, 0xFE, 0x20, 0xF2, 0x23, 0x2F, 0x42,
    0xCF, 0x7B, 0x10, 0x51, 0x50, 0x8F, 0xD0, 0xF3, 0x15, 0x43, 0x8F, 0x3D, 0x88, 0x7C, 0x00, 0x16,
    0x06, 0x00, 0x19, 0x17, 0x12, 0x0F, 0x78, 0x9C, 0x63, 0x60, 0x48, 0x4C, 0x67, 0x61, 0x60, 0x60,
    0x58, 0xF8, 0xFF, 0xFF, 0x7B, 0x56, 0x06, 0x81, 0xBF, 0x31, 0x46, 0x3F, 0xF2, 0x19, 0x26, 0xAC,
    0x67, 0x60, 0x30, 0xF8, 0xCF, 0xF4, 0x51, 0x1E, 0x28, 0xF1, 0x93, 0xE3, 0x2B, 0x17, 0x90, 0xFA,
    0xCC, 0xFB, 0x83, 0x1D, 0x48, 0x7D, 0xE0, 0xFF, 0x0D, 0x52, 0x7D, 0xC0, 0xFE, 0x0F, 0x33, 0x90,
    0xDA, 0xE0, 0xFF, 0x87, 0x09, 0x42, 0x31, 0x23, 0x53, 0xBF, 0x58, 0x81, 0xD4, 0x05, 0x7D, 0xA8,
    0x86, 0x2F, 0x3C, 0x40, 0xEA, 0x0B, 0xCF, 0x03, 0x7D, 0x20, 0xF5, 0x8B, 0xBD, 0xE0, 0x3E, 0x23,
    0x43, 0xC2, 0x7B, 0x20, 0x6B, 0x5E, 0xD9, 0x6F, 0x7B, 0x06, 0x86, 0x84, 0xBF, 0xFF, 0xD7, 0x83,
    0x8C, 0x50, 0x50, 0x06, 0x12, 0x00, 0x1B, 0x37, 0x2B, 0x18, 0x78, 0x9C, 0x63, 0x60, 0x60, 0x10,
    0x62, 0x60, 0x38, 0x74, 0x9F, 0xC1, 0xE1, 0xFF, 0x7B, 0x86, 0x1F, 0x71, 0xEF, 0x27, 0xDC, 0x17,
    0x7A, 0xFF, 0x89, 0x5B, 0xE0, 0x7D, 0x22, 0x83, 0xC0, 0x7B, 0x06, 0x92, 0x30, 0xC3, 0x5A, 0x00,
    0xE5, 0x23, 0x17, 0x95, 0x78, 0x9C, 0x63, 0x70, 0x28, 0x73, 0x67, 0x60, 0xD8, 0xF8, 0xFF, 0xFF,
    0xFF, 0x38, 0x86, 0xEF, 0x35, 0xA6, 0x5B, 0xFF, 0xB3, 0x28, 0x32, 0x30, 0x30, 0xFC, 0xE0, 0x05,
    0x12, 0x0C, 0x1F, 0xF4, 0x41, 0xE4, 0x05, 0x7B, 0x30, 0x09, 0x66, 0x7F, 0xE4, 0x07, 0x91, 0xDF,
    0xB9, 0x80, 0x84, 0xC0, 0x3F, 0x26, 0x20, 0xB9, 0xA1, 0x1F, 0x24, 0xF0, 0x93, 0x07, 0x48, 0x34,
    0xDC, 0x67, 0x04, 0xE9, 0x94, 0x05, 0x12, 0x13, 0xC0, 0xCC, 0xDF, 0x32, 0x40, 0xE2, 0xE2, 0x7E,
    0x90, 0x82, 0xDF, 0xEB, 0x57, 0xAD, 0x5A, 0x25, 0xF9, 0x1B, 0x68, 0xCB, 0x7F, 0x7D, 0x00, 0xF2,
    0xF0, 0x21, 0x85, 0x78, 0x9C, 0x73, 0x74, 0x01, 0x02, 0xA6, 0x3F, 0xFF, 0x81, 0x80, 0x3F, 0x39,
    0x2D, 0x2D, 0xED, 0x2F, 0x0F, 0x03, 0x03, 0x43, 0xC3, 0x7D, 0x46, 0x20, 0xF9, 0x53, 0x16, 0x48,
    0x4C, 0x00, 0x33, 0x7F, 0x81, 0x98, 0x0B, 0xC0, 0xCC, 0xAF, 0xFB, 0x2B, 0x99, 0x19, 0x18, 0x0E,
    0xBF, 0xFD, 0xBF, 0x1E, 0xC8, 0x61, 0x08, 0xF8, 0xC7, 0x09, 0xA2, 0x3E, 0xC9, 0x83, 0xC8, 0x03,
    0xFE, 0x20, 0x72, 0x03, 0x98, 0x3C, 0x60, 0x0F, 0x16, 0xE7, 0x17, 0x64, 0x60, 0x10, 0xF8, 0xC3,
    0xF9, 0xAB, 0xA7, 0xFC, 0xD7, 0x79, 0x86, 0x4D, 0xFF, 0xFF, 0xDF, 0x67, 0x67, 0x60, 0x50, 0x30,
    0x06, 0x9A, 0x03, 0x00, 0x11, 0x8B, 0x24, 0x50, 0x78, 0x9C, 0x63, 0x60, 0x60, 0x60, 0x10, 0x60,
    0x62, 0x00, 0x83, 0xAF, 0xFC, 0x60, 0x4A, 0xE1, 0xBF, 0x3C, 0x98, 0x3E, 0x00, 0xA5, 0x7F, 0x3C,
    0x07, 0xD3, 0x0E, 0xE7, 0x1F, 0x80, 0xE9, 0x87, 0xF2, 0x10, 0xFA, 0x17, 0x2B, 0x98, 0x0E, 0x58,
    0xCF, 0x00, 0xA6, 0x3F, 0xF1, 0x41, 0xE8, 0x3F, 0xCC, 0x60, 0xBA, 0xA0, 0x9F, 0x01, 0x4C, 0x7F,
    0xE2, 0x81, 0xD0, 0x3F, 0xDE, 0xBD, 0x7B, 0xF7, 0xEF, 0xFD, 0x39, 0xC6, 0x2D, 0x67, 0xCE, 0x9C,
    0xF9, 0x73, 0x7E, 0x0D, 0xD8, 0x60, 0x88, 0x39, 0x98, 0xF4, 0x02, 0x5E, 0x06, 0x06, 0x00, 0x53,
    0xF1, 0x25, 0xE9, 0x78, 0x9C, 0x63, 0x70, 0x76, 0x71, 0x31, 0x61, 0xD8, 0xF0, 0x1F, 0x08, 0xB8,
    0x3E, 0xE4, 0xA7, 0xA5, 0xA5, 0x31, 0x7D, 0xE4, 0x65, 0x00, 0x82, 0x4F, 0x3C, 0x20, 0xF2, 0x33,
    0x37, 0x98, 0xE4, 0x02, 0x91, 0x5F, 0x24, 0x4B, 0x23, 0x18, 0x19, 0xBE, 0xFE, 0xFB, 0xFF, 0xBF,
    0x9F, 0xE1, 0x6B, 0x9F, 0x70, 0xD2, 0x3F, 0x0E, 0x05, 0x90, 0x3A, 0x79, 0x90, 0xDC, 0x82, 0x7C,
    0x10, 0x59, 0xD0, 0x8F, 0x20, 0x21, 0x22, 0x1F, 0xF5, 0x15, 0x19, 0x18, 0x04, 0x7E, 0x73, 0xFF,
    0x98, 0x5B, 0xFE, 0xEB, 0x3E, 0xE3, 0xA6, 0xFF, 0xFF, 0xDF, 0x73, 0x30, 0x30, 0x28, 0x18, 0x33,
    0x32, 0x30, 0x00, 0x00, 0x16, 0x91, 0x25, 0x1E, 0x78, 0x9C, 0x63, 0x60, 0x10, 0x28, 0x0D, 0x67,
    0x62, 0x60, 0x10, 0xF8, 0xFD, 0xFF, 0x7F, 0x3C, 0x03, 0xC3, 0xA3, 0xF3, 0x66, 0xC1, 0x16, 0x0C,
    0x0C, 0x7F, 0x39, 0x19, 0x80, 0x20, 0xE1, 0x3C, 0x88, 0x64, 0x38, 0x60, 0x0F, 0xA6, 0x3E, 0xF2,
    0x31, 0x28, 0x32, 0x32, 0x30, 0x7C, 0x91, 0x7E, 0xF9, 0xFF, 0x3E, 0x1B, 0xC3, 0xF7, 0xD7, 0xF3,
    0xD3, 0x7E, 0xAE, 0x67, 0xF8, 0x71, 0x9E, 0x91, 0x41, 0xE1, 0x2F, 0xFB, 0x0F, 0x79, 0xA0, 0x82,
    0xCF, 0x7C, 0x3F, 0xB8, 0x80, 0xD4, 0x05, 0xFB, 0xEF, 0x1C, 0x40, 0x6A, 0x83, 0xFF, 0x37, 0x4E,
    0x30, 0xF5, 0x89, 0x07, 0x48, 0x3D, 0xD0, 0xBF, 0xE0, 0x0F, 0xA4, 0xBE, 0xF0, 0x26, 0xBC, 0x67,
    0x62, 0x50, 0xF8, 0xC7, 0xCA, 0xF0, 0x6B, 0x7D, 0xF9, 0xAF, 0xF9, 0x40, 0x2B, 0xFE, 0xFE, 0xBF,
    0xCF, 0x0A, 0x94, 0x10, 0x30, 0x06, 0x1A, 0x0D, 0x00, 0xE6, 0x61, 0x2C, 0x68, 0x78, 0x9C, 0x53,
    0x70, 0x01, 0x02, 0x13, 0x86, 0x07, 0xFF, 0x41, 0x80, 0xD3, 0x21, 0x0D, 0x08, 0x7E, 0x71, 0x30,
    0x80, 0xC0, 0x1F, 0x46, 0x10, 0x99, 0xD0, 0x0F, 0xE6, 0x3C, 0xE0, 0x03, 0x53, 0xDF, 0xD9, 0xC0,
    0xD4, 0x3B, 0x30, 0x59, 0x50, 0x0F, 0x91, 0x92, 0x07, 0x53, 0xDF, 0x38, 0xC1, 0xD4, 0x5F, 0x26,
    0x10, 0x69, 0x70, 0x1E, 0xCC, 0x59, 0x10, 0x0F, 0xA6, 0x3E, 0xF2, 0x43, 0x54, 0x70, 0x41, 0xCC,
    0x65, 0x01, 0x91, 0x02, 0xEF, 0xC1, 0x1C, 0x83, 0x7C, 0x10, 0x09, 0x00, 0x41, 0x29, 0x19, 0x70,
    0x78, 0x9C, 0x63, 0x60, 0x48, 0x2E, 0x17, 0x65, 0x60, 0x60, 0x78, 0xFA, 0xFF, 0xFF, 0x7F, 0x29,
    0x86, 0x80, 0xFF, 0x16, 0x4A, 0x47, 0xEF, 0x33, 0x3C, 0xB0, 0x07, 0x8A, 0xFC, 0x66, 0xFB, 0xC4,
    0x0B, 0xA4, 0xBE, 0x70, 0x7D, 0x04, 0x53, 0x9C, 0x07, 0xFC, 0x41, 0x82, 0x2C, 0x06, 0xEF, 0x59,
    0x19, 0x16, 0xAE, 0x67, 0x60, 0xB8, 0xF2, 0x7E, 0xE7, 0x7B, 0x76, 0x06, 0x06, 0x87, 0x7F, 0xFF,
    0xF7, 0xB3, 0x30, 0x08, 0xFC, 0xC9, 0x71, 0xFA, 0xB9, 0x9E, 0xE1, 0x62, 0x3C, 0x03, 0x90, 0xC9,
    0xF9, 0x03, 0x28, 0xCE, 0xF0, 0x51, 0xFE, 0x0F, 0x13, 0x90, 0x5A, 0xE0, 0x0F, 0xA5, 0x7E, 0xB2,
    0x01, 0xA9, 0x07, 0xF2, 0x9F, 0xFD, 0x80, 0x4A, 0x7E, 0x71, 0x17, 0xFC, 0xAF, 0x2E, 0xFB, 0x79,
    0x9F, 0x91, 0x61, 0xF3, 0xFF, 0xFF, 0x20, 0x53, 0x18, 0x14, 0x8C, 0x19, 0x19, 0x18, 0x00, 0xC3,
    0x39, 0x31, 0x5D, 0x78, 0x9C, 0x63, 0x60, 0x48, 0x4E, 0x67, 0x61, 0x60, 0x60, 0xB8, 0xFC, 0xFF,
    0xFF, 0x7B, 0x36, 0x86, 0x80, 0xFF, 0x9E, 0xCE, 0x3F, 0xEB, 0x19, 0x3E, 0xC6, 0x33, 0x30, 0x38,
    0xFC, 0x67, 0xFA, 0xCE, 0x05, 0x94, 0xF8, 0xC9, 0xF1, 0x9B, 0x15, 0x48, 0x7D, 0xE6, 0xF9, 0xC3,
    0x0C, 0xA4, 0x3E, 0xF0, 0xFF, 0x06, 0xA9, 0xFE, 0x20, 0xFF, 0x93, 0x1D, 0x24, 0x28, 0xFF, 0x85,
    0x0F, 0x48, 0xFD, 0x96, 0x3F, 0x70, 0x9E, 0x91, 0x61, 0xE1, 0x7F, 0x7E, 0x81, 0x3F, 0xFB, 0x77,
    0xFD, 0xFF, 0xCA, 0xCF, 0x90, 0xF0, 0xFA, 0x9C, 0xC4, 0x27, 0x1E, 0x06, 0x10, 0xF8, 0xCA, 0x09,
    0xA6, 0xC0, 0xBA, 0x18, 0x0C, 0xEE, 0x83, 0x39, 0x4F, 0xFC, 0x19, 0x14, 0xD6, 0x54, 0xEC, 0xF8,
    0xCF, 0xC6, 0xC0, 0xF0, 0xE7, 0xFF, 0x7F, 0x6B, 0x90, 0x90, 0x11, 0x13, 0x90, 0x00, 0x00, 0x00,
    0x1C, 0x2C, 0x53, 0x78, 0x9C, 0x13, 0x60, 0xF8, 0xCE, 0xF1, 0x8B, 0xFB, 0x3B, 0xA7, 0x01, 0x03,
    0x02, 0x04, 0x30, 0xFE, 0xE0, 0xFA, 0xC9, 0xFD, 0x95, 0x0D, 0x00, 0x5C, 0x5C, 0x06, 0x97, 0x78,
    0x9C, 0x63, 0x60, 0x74, 0xD8, 0x5F, 0xF0, 0x3E, 0x60, 0x3F, 0x03, 0x13, 0x03, 0x02, 0xA8, 0x36,
    0xEC, 0x7F, 0x90, 0xFF, 0x99, 0xFF, 0x3B, 0xE7, 0x1F, 0xE6, 0x4A, 0x06, 0x00, 0x94, 0x4E, 0x09,
    0x9E, 0x78, 0x9C, 0x63, 0x60, 0x00, 0x02, 0x07, 0x2D, 0x10, 0x19, 0xF0, 0x47, 0x0E, 0x48, 0x26,
    0xFC, 0xAD, 0x63, 0x64, 0x60, 0x68, 0xFC, 0x17, 0x03, 0x64, 0x4F, 0xFA, 0xEF, 0x0D, 0x24, 0x27,
    0xFC, 0xD7, 0x04, 0x49, 0x7F, 0x11, 0x07, 0x91, 0x0C, 0x9F, 0xFA, 0x18, 0x41, 0x94, 0xC2, 0xAF,
    0xF5, 0xCC, 0x20, 0x5A, 0xE0, 0xC7, 0x79, 0x16, 0xB0, 0xF8, 0xF3, 0xFB, 0x6C, 0x60, 0xFA, 0xDA,
    0x7F, 0x0E, 0x30, 0x7D, 0xC4, 0x1E, 0x4C, 0x31, 0x30, 0x01, 0x00, 0x04, 0xFF, 0x14, 0x01, 0x78,
    0x9C, 0x7B, 0xF1, 0x0E, 0x0C, 0x58, 0x97, 0xAE, 0x02, 0x03, 0x66, 0x06, 0x1C, 0x40, 0x41, 0x09,
    0x0C, 0x18, 0x7E, 0xFD, 0x07, 0x03, 0xF6, 0xA4, 0x34, 0x30, 0x60, 0x04, 0x00, 0xFE, 0x8B, 0x15,
    0xD4, 0x78, 0x9C, 0x9B, 0xC6, 0xC8, 0x00, 0x02, 0x5F, 0xD7, 0x33, 0x83, 0x28, 0x83, 0x5F, 0xFB,
    0x59, 0x40, 0xB4, 0xC0, 0x8B, 0xF3, 0xAC, 0x60, 0xF1, 0x6B, 0xEF, 0xD9, 0xC0, 0xF4, 0x96, 0xF7,
    0x10, 0xFE, 0x26, 0x7E, 0x88, 0x32, 0x1E, 0x20, 0x19, 0xF0, 0xA7, 0x0E, 0x48, 0x16, 0xFC, 0xCB,
    0x05, 0x92, 0x93, 0xFE, 0xC7, 0x00, 0xC9, 0x85, 0xFF, 0xAD, 0x41, 0xD2, 0x3F, 0x34, 0xC1, 0x6A,
    0x05, 0xC1, 0x24, 0x03, 0x00, 0x10, 0x1A, 0x14, 0x01, 0x78, 0x9C, 0x63, 0x08, 0x2A, 0x4B, 0x67,
    0x66, 0xF8, 0xF1, 0xFF, 0xFF, 0xFF, 0xFB, 0x2C, 0xBB, 0x22, 0x4C, 0x92, 0x7F, 0xFB, 0x33, 0x00,
    0x41, 0xC3, 0x79, 0x10, 0xA9, 0xF0, 0x1E, 0x44, 0x3A, 0x80, 0xD9, 0x1B, 0xFA, 0x41, 0xE4, 0x4F,
    0x1E, 0x20, 0x71, 0x69, 0x3F, 0x23, 0x03, 0x43, 0xC0, 0x7F, 0x36, 0x20, 0xF3, 0xB3, 0x1D, 0x48,
    0xF4, 0x2F, 0x2B, 0x90, 0x10, 0x00, 0x2B, 0x16, 0x88, 0x66, 0x40, 0x03, 0x06, 0xF3, 0x41, 0x64,
    0x00, 0xC4, 0xC0, 0x3E, 0x20, 0x01, 0x00, 0xE0, 0x36, 0x17, 0xCF, 0x78, 0x9C, 0x63, 0x60, 0x10,
    0x58, 0x76, 0xBA, 0x9B, 0x85, 0x01, 0x04, 0x7E, 0xBC, 0xDF, 0xF3, 0xE7, 0x3D, 0x2B, 0x90, 0x71,
    0x69, 0x3E, 0x13, 0x03, 0xC3, 0x91, 0xF9, 0x0C, 0x0C, 0x02, 0x6F, 0x99, 0xC1, 0x12, 0x9C, 0x0C,
    0x0B, 0xEC, 0x19, 0xB6, 0xAE, 0x61, 0xB6, 0x68, 0xF0, 0x67, 0xF8, 0xCC, 0xDE, 0xF0, 0xFF, 0xDD,
    0xFA, 0xF5, 0x0C, 0x67, 0x19, 0x7E, 0x30, 0x7C, 0xF2, 0x67, 0xF8, 0xB6, 0x9E, 0xE1, 0x1B, 0xD3,
    0x1E, 0x90, 0x92, 0x0D, 0xEB, 0x19, 0x3E, 0xB1, 0xCD, 0x63, 0xF8, 0xCD, 0xCA, 0x50, 0xB0, 0x9E,
    0xE1, 0x03, 0x47, 0x3F, 0xC3, 0x6F, 0x66, 0x86, 0x84, 0xF5, 0x0C, 0x0F, 0x38, 0xE7, 0x31, 0xFC,
    0x82, 0x88, 0xB1, 0xC3, 0xD5, 0xB1, 0xC2, 0xF4, 0x7E, 0x67, 0x04, 0x9B, 0x37, 0xFF, 0xFF, 0xBB,
    0xFD, 0x50, 0x3B, 0x96, 0xCF, 0x62, 0x87, 0xD9, 0xCB, 0x00, 0x73, 0xCB, 0x36, 0xB0, 0x03, 0x7F,
    0xBE, 0xDF, 0xF3, 0xF7, 0x3E, 0x58, 0x02, 0xE6, 0x66, 0x00, 0x1E, 0xE9, 0x45, 0x14, 0x78, 0x9C,
    0x63, 0x60, 0x60, 0x10, 0x60, 0x62, 0x00, 0x83, 0xCF, 0xF1, 0x10, 0xFA, 0xD7, 0x3D, 0x08, 0xBD,
    0xFF, 0x27, 0x33, 0x88, 0x0A, 0xC8, 0xFF, 0xC2, 0x01, 0xA2, 0x37, 0xC8, 0x3F, 0xE0, 0x03, 0xD1,
    0x1F, 0xB9, 0x27, 0xD8, 0x83, 0xE8, 0x6F, 0x6C, 0x0E, 0xF3, 0x41, 0xF4, 0x1F, 0x46, 0x86, 0xF7,
    0x40, 0x4A, 0x60, 0x3F, 0x50, 0x27, 0x0B, 0x03, 0x43, 0x41, 0x3E, 0x03, 0xC3, 0x57, 0x2E, 0x06,
    0x86, 0x0B, 0xF2, 0x0C, 0x0C, 0x1F, 0xF8, 0x19, 0x18, 0x3E, 0xBD, 0x7F, 0xF7, 0xEE, 0x1F, 0xD0,
    0xE4, 0x1F, 0x6B, 0x56, 0xAD, 0x3A, 0x05, 0x54, 0xF3, 0x97, 0x11, 0xA8, 0xF8, 0x3F, 0xA3, 0xC1,
    0x79, 0xB0, 0x55, 0x6C, 0x13, 0xEA, 0x41, 0xF4, 0x57, 0xEE, 0x07, 0xF2, 0x20, 0xFA, 0x83, 0xFC,
    0x43, 0xB0, 0x5D, 0x05, 0xFA, 0x00, 0x3F, 0xBF, 0x26, 0xD8, 0x78, 0x9C, 0x73, 0x28, 0x2B, 0x57,
    0x65, 0x60, 0xF8, 0xF9, 0xFF, 0xFF, 0xFF, 0x58, 0x86, 0xBF, 0x66, 0x4A, 0x53, 0xFE, 0xB3, 0xFE,
    0x63, 0x62, 0x60, 0xF8, 0xC2, 0x07, 0x22, 0x2F, 0xC8, 0x23, 0xC8, 0x4F, 0x3C, 0x40, 0xD2, 0xE1,
    0x2D, 0xD3, 0xBF, 0xD5, 0xBB, 0xFE, 0x49, 0x31, 0xFC, 0xFB, 0xFF, 0xFF, 0xBD, 0x26, 0xC3, 0x3F,
    0x26, 0x81, 0xE2, 0x7F, 0xEC, 0x20, 0xD9, 0x83, 0xF1, 0x20, 0xD2, 0xE0, 0x3C, 0x88, 0x64, 0x78,
    0x0F, 0x22, 0x15, 0xC0, 0x64, 0xC1, 0x7E, 0xB0, 0x69, 0xFE, 0x7F, 0xAB, 0xD2, 0x4E, 0xFC, 0xE7,
    0xF8, 0x0E, 0xB4, 0xC5, 0x9B, 0x81, 0xC1, 0xC8, 0x18, 0x28, 0x06, 0x00, 0xE8, 0x0C, 0x31, 0x98,
    0x78, 0x9C, 0x63, 0x60, 0x50, 0x28, 0x4B, 0x17, 0x61, 0x60, 0x70, 0xF8, 0xF3, 0xFF, 0xFF, 0x7B,
    0x06, 0x86, 0x6F, 0xFB, 0xCD, 0x9C, 0xA7, 0x33, 0x3A, 0xFC, 0x67, 0x65, 0x00, 0x82, 0x0B, 0xF5,
    0x20, 0x92, 0xE1, 0x0B, 0x2F, 0x98, 0xFA, 0xC9, 0x0E, 0xA6, 0xFE, 0xB0, 0x80, 0xA9, 0x7F, 0x8C,
    0x60, 0xEA, 0x3F, 0x03, 0x84, 0x82, 0xF0, 0xFE, 0x31, 0x41, 0x94, 0x80, 0x75, 0x33, 0xFC, 0xE0,
    0x04, 0x53, 0x9F, 0xE4, 0xC1, 0xD4, 0x86, 0xF5, 0x60, 0x4A, 0xE0, 0x9F, 0x14, 0x98, 0x7E, 0xF4,
    0xBF, 0xAA, 0xFD, 0x16, 0x33, 0x03, 0xC3, 0x8B, 0xFF, 0xFF, 0xCF, 0x83, 0x34, 0x1B, 0x2A, 0x33,
    0x30, 0x00, 0x00, 0xC8, 0x7E, 0x1E, 0xF6, 0x78, 0x9C, 0x73, 0x28, 0x4B, 0x57, 0x65, 0x60, 0x60,
    0xF8, 0xF9, 0xFF, 0xFF, 0xFF, 0x3C, 0x06, 0x86, 0xBF, 0x6E, 0xC6, 0x53, 0xFF, 0xCB, 0x30, 0xFC,
    0x63, 0x62, 0x60, 0xD8, 0x78, 0x1E, 0x4C, 0x31, 0xFC, 0x61, 0x03, 0x53, 0x9F, 0x79, 0xC1, 0xD4,
    0x05, 0x79, 0x30, 0xB5, 0xC0, 0x1F, 0x4C, 0x35, 0xE4, 0x83, 0xA9, 0x82, 0x7C, 0x64, 0xDE, 0x84,
    0x78, 0x30, 0xB5, 0x41, 0x1F, 0x4C, 0x7D, 0xE0, 0x07, 0x53, 0xDF, 0x38, 0x41, 0x94, 0xC0, 0x3F,
    0x26, 0x10, 0xF5, 0xA4, 0x9E, 0xE1, 0x6F, 0x57, 0xF9, 0xCD, 0xFF, 0xEC, 0x0C, 0xDF, 0xFF, 0xFF,
    0x7F, 0xAF, 0x09, 0x94, 0x36, 0x52, 0x66, 0x04, 0x92, 0x00, 0xD1, 0x03, 0x2D, 0x69, 0x78, 0x9C,
    0x33, 0x70, 0x71, 0x71, 0x31, 0x61, 0xF8, 0xF5, 0x1F, 0x08, 0xB8, 0xFE, 0x66, 0xA4, 0xA5, 0xA5,
    0x31, 0xFD, 0x63, 0x62, 0x00, 0x02, 0x9C, 0xE4, 0xEA, 0x55, 0xAB, 0x66, 0x31, 0xFC, 0x03, 0x2A,
    0x7F, 0x4F, 0x48, 0x25, 0x12, 0xF9, 0x17, 0xA8, 0x6B, 0x15, 0xEB, 0x77, 0x90, 0x2D, 0x9C, 0x00,
    0x79, 0xB4, 0x25, 0xF4, 0x78, 0x9C, 0x33, 0x70, 0x71, 0x71, 0x31, 0x61, 0xF8, 0xF5, 0x1F, 0x08,
    0xD8, 0xFE, 0x66, 0xA4, 0xA5, 0xA5, 0x31, 0xFE, 0x63, 0x62, 0x00, 0x02, 0x9C, 0x64, 0x7A, 0x5A,
    0x9A, 0x19, 0xC3, 0x3F, 0xA0, 0xF2, 0xF7, 0x0C, 0xFF, 0x4C, 0x8D, 0x8D, 0x85, 0x71, 0xAB, 0xC4,
    0x20, 0x6F, 0x81, 0x08, 0x06, 0x00, 0x26, 0xEA, 0x1E, 0x9C, 0x78, 0x9C, 0x63, 0x60, 0x60, 0x48,
    0x2E, 0x77, 0x63, 0x64, 0x60, 0x60, 0x78, 0xFE, 0xFF, 0xFF, 0x7F, 0x7D, 0x06, 0x86, 0x4B, 0xEF,
    0x3D, 0x94, 0x92, 0x25, 0x18, 0x04, 0xFE, 0x71, 0x31, 0x80, 0xC0, 0x82, 0xF5, 0x60, 0x8A, 0xE1,
    0x93, 0x3C, 0x84, 0xFE, 0xC1, 0x09, 0xA1, 0xFF, 0xB0, 0x40, 0xE8, 0x7F, 0x4C, 0x0C, 0x93, 0x57,
    0xAD, 0x8A, 0x64, 0xF8, 0xCF, 0xC8, 0xF0, 0x1D, 0x68, 0x00, 0xE3, 0x7F, 0x46, 0xB0, 0x2C, 0x13,
    0x50, 0x1C, 0x4C, 0xFF, 0x66, 0x85, 0xD0, 0xDF, 0xB9, 0x20, 0xF4, 0x47, 0x7D, 0x08, 0xDD, 0x70,
    0x1E, 0x42, 0x33, 0xFC, 0xD1, 0x81, 0xD0, 0x0B, 0xFE, 0x57, 0xA7, 0x9D, 0xF8, 0x0F, 0x64, 0x6F,
    0x01, 0x1A, 0x63, 0x0D, 0x92, 0x54, 0x30, 0x06, 0x9A, 0x05, 0x00, 0x69, 0x13, 0x2C, 0x9A, 0x78,
    0x9C, 0x53, 0x64, 0x00, 0x02, 0x05, 0x86, 0x3F, 0x8C, 0x40, 0xEA, 0x13, 0xF7, 0x3F, 0x26, 0x20,
    0xF5, 0x99, 0x87, 0x18, 0x6A, 0xF5, 0xAA, 0x55, 0xAB, 0x7E, 0xF3, 0xFC, 0xFB, 0x0F, 0x02, 0x44,
    0x69, 0xC0, 0x46, 0xDD, 0x02, 0xD9, 0xFE, 0x90, 0x03, 0x00, 0xF0, 0xA3, 0x2A, 0xA4, 0x78, 0x9C,
    0x13, 0x60, 0xFC, 0xC0, 0xF7, 0x89, 0x1F, 0x1F, 0xFC, 0xC8, 0x7F, 0x81, 0x07, 0x00, 0x58, 0x4C,
    0x11, 0xFB, 0x78, 0x9C, 0x63, 0x60, 0x60, 0x60, 0x50, 0x60, 0x00, 0x81, 0x5F, 0xCC, 0x20, 0xF2,
    0x0F, 0x2B, 0xC5, 0x24, 0x0B, 0x88, 0xFC, 0x07, 0x32, 0xCD, 0xE0, 0x3F, 0x88, 0x79, 0x60, 0x3D,
    0xC3, 0xBD, 0xCA, 0xF6, 0x7F, 0x7A, 0x0C, 0xCF, 0xFF, 0xFF, 0x5F, 0xCF, 0xC4, 0xC0, 0x60, 0xA8,
    0x0C, 0x14, 0x04, 0x00, 0x88, 0x4B, 0x17, 0xBC, 0x78, 0x9C, 0x53, 0x64, 0x00, 0x02, 0xA1, 0x3F,
    0x8C, 0x0C, 0x0C, 0x1B, 0xE3, 0xFF, 0x31, 0x31, 0x30, 0xFC, 0xE1, 0x00, 0x92, 0x1B, 0xE6, 0x33,
    0x00, 0xC9, 0xDF, 0x5C, 0x40, 0x72, 0xC1, 0x7E, 0x06, 0x20, 0xF9, 0x93, 0x1B, 0x48, 0x36, 0x9D,
    0x07, 0x2A, 0xFD, 0xF7, 0x53, 0x06, 0x44, 0xFE, 0x67, 0x02, 0xB3, 0x79, 0x40, 0xE4, 0xA4, 0xFD,
    0x20, 0x92, 0xE9, 0x37, 0x27, 0x88, 0x3C, 0xD0, 0x0F, 0x22, 0x05, 0xFE, 0xB2, 0x81, 0x4C, 0x78,
    0x14, 0x0F, 0x22, 0x0D, 0xFE, 0x33, 0x83, 0x4C, 0xFE, 0xA2, 0x7F, 0x0B, 0xA8, 0xCE, 0x61, 0x2D,
    0x00, 0x6C, 0x9E, 0x26, 0x72, 0x78, 0x9C, 0x53, 0x64, 0x00, 0x81, 0x3F, 0x4C, 0x20, 0xF2, 0x1F,
    0x33, 0xAD, 0xC8, 0xBF, 0x7B, 0x76, 0xEF, 0xDE, 0xCD, 0xF1, 0xFD, 0x3F, 0x10, 0xF0, 0x02, 0x00,
    0x3D, 0x87, 0x19, 0x21, 0x78, 0x9C, 0x53, 0x64, 0x00, 0x03, 0x45, 0x86, 0x3F, 0xEC, 0x20, 0xDA,
    0xE0, 0x3F, 0xD3, 0x3F, 0x7D, 0x10, 0xE3, 0xC0, 0x7F, 0x96, 0x7F, 0xEB, 0x41, 0x8C, 0xAF, 0x40,
    0xC6, 0x6F, 0x66, 0x20, 0xE3, 0xEF, 0x1F, 0x96, 0x7F, 0x9F, 0xB9, 0x19, 0x18, 0x12, 0xEA, 0x7F,
    0xB3, 0xFC, 0x9B, 0xE0, 0xCF, 0xC0, 0xF0, 0x80, 0x0F, 0xC8, 0x10, 0xB8, 0xCF, 0xC0, 0xF0, 0x83,
    0x0D, 0xC8, 0x60, 0xF8, 0xC1, 0x0A, 0x64, 0x83, 0x18, 0x0F, 0xF8, 0x80, 0xB2, 0x20, 0x46, 0x42,
    0xFD, 0x27, 0x1E, 0x30, 0x83, 0xE1, 0x2D, 0xD0, 0x04, 0x30, 0xE3, 0x2B, 0xD0, 0x4C, 0x30, 0x23,
    0x80, 0x1D, 0xCA, 0x00, 0x01, 0xBC, 0x8C, 0x5B, 0x10, 0xC6, 0x73, 0x46, 0x00, 0x92, 0xA1, 0x37,
    0xB3, 0x78, 0x9C, 0x53, 0x64, 0x00, 0x02, 0x01, 0xC6, 0x3F, 0x1C, 0x40, 0xEA, 0x02, 0xFF, 0x3F,
    0x7B, 0x20, 0xF5, 0x80, 0xFF, 0xDF, 0x79, 0x08, 0xF5, 0x8B, 0x0D, 0x4C, 0x3D, 0xE2, 0x03, 0x53,
    0x89, 0xFD, 0x60, 0x8A, 0xF1, 0x0F, 0x13, 0x98, 0xFA, 0xCC, 0x0D, 0xA6, 0x26, 0xC4, 0x83, 0x29,
    0x81, 0xF7, 0x60, 0x8A, 0xE1, 0x3B, 0x07, 0x98, 0xBA, 0xA0, 0x0F, 0xA6, 0x1C, 0xF6, 0x83, 0x29,
    0x86, 0x5F, 0x4F, 0xC0, 0xD4, 0xC7, 0xBF, 0x60, 0xAA, 0xE0, 0x3F, 0x98, 0x62, 0xF8, 0xCB, 0x7F,
    0x0B, 0x64, 0xFB, 0x65, 0x1E, 0x00, 0x32, 0x3D, 0x30, 0x37, 0x78, 0x9C, 0x63, 0x60, 0x50, 0x28,
    0x0D, 0x67, 0x64, 0x60, 0x60, 0x30, 0xF8, 0xF3, 0xFF, 0xFF, 0x7E, 0x26, 0x06, 0x86, 0x6F, 0xEB,
    0x4D, 0x93, 0x7F, 0xFB, 0x33, 0x38, 0xFC, 0x67, 0x61, 0x60, 0x08, 0xF8, 0xCF, 0x74, 0x21, 0x1E,
    0x28, 0xC7, 0xF0, 0x9D, 0xFB, 0x0B, 0x0F, 0x88, 0x7E, 0xA0, 0xFF, 0x93, 0x1D, 0x44, 0x4F, 0xA8,
    0xFF, 0xC3, 0x0C, 0xA2, 0x13, 0xD6, 0xFF, 0x03, 0xE9, 0x65, 0x70, 0x38, 0xFF, 0x1F, 0x4C, 0x1B,
    0xDC, 0x87, 0xD2, 0xE7, 0xFF, 0x31, 0x81, 0xC5, 0xF7, 0xFF, 0x61, 0x01, 0xD1, 0x05, 0xF3, 0x7F,
    0x70, 0x80, 0xE8, 0x0D, 0xF9, 0x9F, 0xF9, 0x40, 0xF4, 0x47, 0xF9, 0x03, 0xFD, 0x20, 0xFA, 0x17,
    0xA7, 0xC2, 0x7F, 0xA0, 0x81, 0x13, 0xEE, 0x33, 0x30, 0x3C, 0x7E, 0x5F, 0x39, 0xFD, 0x9F, 0x2C,
    0x03, 0x83, 0xC0, 0x8B, 0xFF, 0xFF, 0x6B, 0x41, 0x72, 0x0C, 0x86, 0xC2, 0x40, 0x02, 0x00, 0xC7,
    0xFA, 0x2E, 0x46, 0x78, 0x9C, 0x73, 0x48, 0x2D, 0x77, 0x63, 0x60, 0x60, 0xF8, 0xF9, 0xFF, 0xFF,
    0xFF, 0xF9, 0x8C, 0x0C, 0x7F, 0xCD, 0x94, 0x8A, 0xFF, 0xC9, 0x32, 0xFC, 0x63, 0x62, 0x60, 0x38,
    0xD0, 0x0F, 0xA6, 0x14, 0xDE, 0x83, 0x29, 0x86, 0x7F, 0x8C, 0x60, 0xEA, 0x2F, 0x84, 0xFA, 0x0F,
    0x16, 0x2C, 0x58, 0x0F, 0xA6, 0x7E, 0xE8, 0x33, 0xFC, 0xDB, 0xBB, 0xEA, 0xCF, 0x7B, 0x16, 0x86,
    0x7F, 0xEF, 0xDE, 0xED, 0x15, 0x67, 0x80, 0x68, 0x20, 0x8A, 0xBA, 0x05, 0x26, 0x19, 0x00, 0xE6,
    0x45, 0x26, 0x58, 0x78, 0x9C, 0x63, 0x60, 0x50, 0x28, 0x0D, 0x67, 0x64, 0x00, 0x02, 0x83, 0x3F,
    0xFF, 0xFF, 0xEF, 0x67, 0x02, 0x32, 0xBE, 0xAD, 0x37, 0x4D, 0xFE, 0xED, 0xCF, 0xC0, 0xE0, 0xF0,
    0x9F, 0x99, 0x81, 0x21, 0xE1, 0x3F, 0x23, 0xC3, 0x05, 0x7F, 0x90, 0xFC, 0x0F, 0x6E, 0x86, 0x2F,
    0x3C, 0x20, 0xC6, 0x03, 0x7D, 0x86, 0x9F, 0x6C, 0x20, 0xC6, 0x84, 0x7C, 0x86, 0x3F, 0xCC, 0x20,
    0x46, 0xC2, 0x7A, 0x86, 0x7F, 0x60, 0x33, 0x1C, 0xF6, 0x33, 0xFC, 0x67, 0x00, 0x1B, 0x76, 0x9E,
    0xE1, 0x3F, 0x23, 0x94, 0x01, 0x97, 0xFA, 0xC3, 0x02, 0x62, 0x14, 0xCC, 0x67, 0xF8, 0xC1, 0x01,
    0x62, 0x6C, 0x88, 0x67, 0xF8, 0xCC, 0x0B, 0x62, 0x7C, 0xE4, 0x63, 0x38, 0x50, 0x0F, 0x62, 0xFC,
    0x62, 0x67, 0x50, 0xF8, 0xCF, 0xCE, 0xC0, 0xB0, 0xE0, 0x3C, 0x90, 0xF3, 0xF8, 0x7D, 0xE5, 0xF2,
    0x7F, 0xDC, 0x40, 0x86, 0xC0, 0x8B, 0xFF, 0xFF, 0xDF, 0xB3, 0x82, 0x8D, 0x35, 0x0A, 0xD9, 0xFE,
    0x1E, 0x6C, 0x35, 0x10, 0x6C, 0xDA, 0x0F, 0x65, 0x30, 0xFC, 0xE2, 0x86, 0x32, 0x12, 0xA4, 0x00,
    0xE2, 0xCC, 0x33, 0x31, 0x78, 0x9C, 0x73, 0x28, 0x2B, 0x37, 0x63, 0x60, 0x60, 0xF8, 0xF9, 0xFF,
    0xFF, 0xFF, 0x3E, 0x06, 0x86, 0xBF, 0x66, 0x4A, 0x2D, 0xFF, 0x78, 0x18, 0xFE, 0x31, 0x31, 0x30,
    0x5C, 0xAC, 0x07, 0x53, 0x0E, 0xE7, 0xC1, 0x94, 0xC0, 0x7D, 0x30, 0x65, 0x00, 0xE1, 0x4D, 0x80,
    0xC8, 0xFD, 0xE0, 0x65, 0xF8, 0xD7, 0x35, 0xE3, 0xCF, 0x7E, 0x46, 0x86, 0x7F, 0x40, 0xED, 0xAC,
    0x0C, 0x0C, 0xFF, 0x98, 0x15, 0xBE, 0xC9, 0x31, 0x80, 0xE4, 0x0A, 0xE6, 0x83, 0x29, 0x86, 0x7F,
    0x8C, 0x10, 0x95, 0x1C, 0x60, 0xEA, 0x13, 0x1F, 0x98, 0xDA, 0x10, 0x0F, 0xA6, 0x02, 0xF6, 0x33,
    0xDC, 0x02, 0x5A, 0xCD, 0xF0, 0x8A, 0x01, 0x00, 0x94, 0xC3, 0x2D, 0x2D, 0x78, 0x9C, 0x63, 0x30,
    0x28, 0x0B, 0x63, 0x62, 0x10, 0xF8, 0xF3, 0xFF, 0xFF, 0x7B, 0xE6, 0x0B, 0xE7, 0x55, 0x83, 0x5F,
    0x72, 0x7E, 0xE1, 0x65, 0x00, 0x82, 0xEF, 0x1C, 0x08, 0xF2, 0x33, 0x58, 0x64, 0xC3, 0x7E, 0x46,
    0x20, 0x29, 0xF0, 0x67, 0x3E, 0x33, 0x90, 0x2A, 0xF8, 0x77, 0x9E, 0x05, 0x48, 0x05, 0xFC, 0x59,
    0x0F, 0x92, 0x72, 0xF8, 0x07, 0x51, 0xC7, 0x0F, 0x22, 0x0F, 0xF8, 0x83, 0x55, 0x83, 0xC9, 0x07,
    0xF6, 0x09, 0x40, 0x4D, 0x3F, 0xF8, 0x3E, 0xAE, 0xAF, 0xB8, 0xF1, 0x9F, 0x25, 0xE0, 0xF7, 0xFF,
    0xFF, 0xD6, 0x40, 0x51, 0x23, 0xA0, 0x09, 0x00, 0x1F, 0x33, 0x21, 0xE5, 0x78, 0x9C, 0x33, 0x70,
    0x01, 0x01, 0xE6, 0x6F, 0xFF, 0x41, 0xC0, 0x3E, 0xB1, 0xBC, 0xFD, 0x7F, 0x79, 0x39, 0x1B, 0x03,
    0x83, 0xC0, 0x7B, 0x06, 0x10, 0xA0, 0x3D, 0xC5, 0xB0, 0x16, 0x88, 0x01, 0xC9, 0xB0, 0x1A, 0xA8,
    0x78, 0x9C, 0x53, 0x60, 0x64, 0x00, 0x02, 0xE6, 0x8F, 0x3C, 0x40, 0x32, 0xA0, 0xFE, 0x13, 0x1F,
    0x90, 0x4A, 0xE8, 0xA7, 0x90, 0xFA, 0x08, 0xA5, 0xF8, 0x81, 0x54, 0x41, 0xFD, 0x07, 0x79, 0x20,
    0x35, 0x21, 0x7E, 0x43, 0x3E, 0x90, 0x7A, 0xA0, 0xEF, 0xF0, 0x9E, 0x99, 0x81, 0xE1, 0x17, 0x37,
    0xC3, 0x8F, 0xFD, 0x15, 0x2F, 0xEF, 0x33, 0x32, 0x04, 0xFC, 0xFD, 0xFF, 0x5E, 0x12, 0x28, 0x21,
    0x60, 0xCC, 0xC4, 0xC0, 0x00, 0x00, 0xE8, 0x51, 0x27, 0x18, 0x78, 0x9C, 0x53, 0x60, 0x00, 0x03,
    0xE6, 0x8F, 0xBC, 0x20, 0x6A, 0x81, 0xFD, 0x05, 0x7F, 0x10, 0xFD, 0x91, 0xBF, 0x60, 0x3E, 0x88,
    0xFE, 0xC6, 0xA5, 0xF0, 0x1E, 0x44, 0xFF, 0x66, 0x61, 0xF8, 0xC3, 0xCC, 0xC0, 0x20, 0x00, 0xE4,
    0x7C, 0xE7, 0x64, 0x60, 0x48, 0x00, 0x4A, 0x7E, 0xE4, 0x63, 0x60, 0xD8, 0x60, 0x0F, 0xC1, 0x20,
    0x36, 0x48, 0xEC, 0x1B, 0x07, 0x44, 0xCD, 0x6F, 0x26, 0x90, 0x1E, 0x66, 0x81, 0xFB, 0x20, 0xBD,
    0x5F, 0x39, 0x13, 0xEA, 0x41, 0xF4, 0x07, 0xBE, 0x0D, 0xFA, 0x10, 0x3B, 0x3E, 0xF0, 0x80, 0x68,
    0x87, 0xF9, 0x5F, 0xD9, 0xC0, 0x76, 0xBF, 0xFB, 0xCD, 0x08, 0xA6, 0x7F, 0xEE, 0x87, 0xB8, 0xE5,
    0xA2, 0x1E, 0x90, 0x00, 0x00, 0x25, 0x41, 0x22, 0x0C, 0x78, 0x9C, 0x15, 0xCE, 0xB1, 0x11, 0x82,
    0x40, 0x14, 0x84, 0xE1, 0x5F, 0x06, 0x64, 0x10, 0x06, 0x34, 0x33, 0x93, 0x0E, 0xB0, 0x03, 0x0A,
    0x30, 0x90, 0x0E, 0xB0, 0x03, 0x3B, 0x50, 0x3B, 0x90, 0x0E, 0x28, 0xC1, 0x12, 0xBC, 0x0E, 0xA8,
    0x40, 0x6D, 0xC0, 0xE0, 0x94, 0xF1, 0x14, 0xBC, 0x51, 0x9F, 0xC9, 0x66, 0xBB, 0xFB, 0x4D, 0x80,
    0x74, 0x20, 0xE1, 0x58, 0x49, 0x93, 0x43, 0xB1, 0xED, 0x3D, 0xB0, 0x7B, 0xA8, 0x4A, 0x13, 0xC0,
    0xB1, 0x01, 0x95, 0xB5, 0x11, 0xF3, 0xAD, 0x05, 0x1D, 0xEB, 0x84, 0xD5, 0xB2, 0x73, 0x68, 0x43,
    0x95, 0x51, 0xCD, 0xCC, 0x10, 0xE3, 0xEF, 0x4A, 0x54, 0x7C, 0x0F, 0xE8, 0xDC, 0x62, 0x8F, 0x1E,
    0xE9, 0x08, 0xCB, 0xB8, 0xA1, 0xF5, 0x55, 0x82, 0xD4, 0x3F, 0x18, 0x77, 0x97, 0xA7, 0x35, 0xF4,
    0x4E, 0x4F, 0xB1, 0x5E, 0x95, 0xF0, 0xF4, 0x4E, 0xA4, 0x75, 0x95, 0x41, 0x3B, 0x3D, 0xC0, 0x59,
    0xC5, 0x32, 0xBE, 0x58, 0xC3, 0x5B, 0x87, 0x72, 0xB8, 0x11, 0xC9, 0xCB, 0xF8, 0x82, 0xB8, 0x24,
    0xF0, 0xB0, 0xAE, 0xC0, 0xBE, 0x11, 0xDC, 0xBE, 0x7F, 0xEC, 0x55, 0x84, 0x95, 0x08, 0x7F, 0x66,
    0x29, 0x3D, 0x86, 0x78, 0x9C, 0x33, 0x60, 0x00, 0x01, 0xA6, 0xCF, 0x3C, 0x40, 0xF2, 0x33, 0xEF,
    0x81, 0x7E, 0x20, 0xF5, 0x87, 0xCD, 0xE0, 0x3F, 0x23, 0x43, 0xC2, 0x79, 0x06, 0x86, 0x9F, 0x5C,
    0x0C, 0x0F, 0xEC, 0x19, 0x18, 0x1E, 0xDA, 0x33, 0xFC, 0xE0, 0x64, 0x00, 0x8A, 0x08, 0xBC, 0x67,
    0x04, 0xC9, 0x2F, 0xCD, 0x07, 0xE9, 0xF9, 0xFC, 0x0F, 0xA4, 0x87, 0x61, 0xC1, 0x7F, 0x16, 0x10,
    0x75, 0xE1, 0x3F, 0x3B, 0x88, 0xFA, 0xF1, 0x53, 0x1F, 0x48, 0x2A, 0xBC, 0x2F, 0x58, 0x0F, 0xA4,
    0x36, 0xE4, 0x33, 0xFC, 0x05, 0x4A, 0x7E, 0xE1, 0x65, 0xF8, 0xCA, 0xCB, 0x00, 0x62, 0x1E, 0xA8,
    0x67, 0x28, 0xD8, 0xCF, 0xC0, 0x00, 0x34, 0xFE, 0x23, 0x48, 0xD9, 0x2F, 0xAE, 0xA7, 0x6C, 0x40,
    0x6A, 0x23, 0x1F, 0x00, 0x90, 0xDB, 0x25, 0xB8, 0x78, 0x9C, 0x53, 0x60, 0x64, 0x00, 0x02, 0x01,
    0xC6, 0x0F, 0x7A, 0x20, 0xFA, 0x1B, 0x67, 0xC3, 0x79, 0x20, 0xA5, 0xF0, 0x9F, 0x89, 0xE1, 0x1F,
    0x2B, 0x03, 0xC3, 0x82, 0x7E, 0x06, 0x86, 0xAF, 0xBC, 0x0C, 0x0C, 0x9F, 0x81, 0x78, 0x43, 0x3D,
    0x03, 0xC3, 0x1F, 0x16, 0x90, 0x1C, 0x63, 0xC2, 0x7E, 0x90, 0xDA, 0x1F, 0x9C, 0x0F, 0xF4, 0x41,
    0xF4, 0x03, 0xFB, 0x1F, 0x1C, 0x20, 0x3A, 0xE0, 0xFC, 0x7D, 0x06, 0x30, 0xF8, 0xED, 0x0F, 0xA1,
    0xBF, 0xF0, 0x41, 0x69, 0x5E, 0xE2, 0xE8, 0xCF, 0x50, 0xFA, 0x21, 0x27, 0x90, 0x00, 0x00, 0xC6,
    0x82, 0x1C, 0xCA, 0x78, 0x9C, 0x53, 0x70, 0x01, 0x02, 0x13, 0x86, 0x0F, 0xFF, 0x41, 0x80, 0xDD,
    0x21, 0x2D, 0x2D, 0xAD, 0xEC, 0x3F, 0x2B, 0x03, 0x10, 0x14, 0xDC, 0x07, 0x91, 0x0C, 0x9F, 0xEC,
    0xC1, 0xD4, 0x6F, 0x4E, 0x10, 0x19, 0xF0, 0x9E, 0x11, 0x44, 0x3D, 0x8C, 0x07, 0x8B, 0xFD, 0xE4,
    0x06, 0x91, 0x06, 0xFF, 0x99, 0x40, 0xD4, 0x85, 0x7A, 0xB0, 0xD8, 0x77, 0x5E, 0x10, 0xA9, 0xF0,
    0x9F, 0x19, 0x44, 0x6D, 0x98, 0x0F, 0x16, 0xFB, 0xCA, 0x07, 0x22, 0x05, 0xFE, 0x81, 0x8D, 0x9D,
    0xB0, 0x1F, 0x2C, 0xF6, 0xE1, 0xFC, 0x2A, 0x20, 0x60, 0x7A, 0x00, 0xB6, 0x96, 0x15, 0x00, 0x50,
    0x06, 0x24, 0xEE, 0x78, 0x9C, 0x63, 0x70, 0x76, 0x61, 0xBE, 0xF0, 0xFF, 0x7F, 0xFF, 0x47, 0x1F,
    0x17, 0xE6, 0x4F, 0xDC, 0x0C, 0x0C, 0xD4, 0xC2, 0x1F, 0xFE, 0xFF, 0xAF, 0x37, 0x68, 0xEF, 0x50,
    0x07, 0x00, 0x87, 0xD5, 0x1D, 0x06, 0x78, 0x9C, 0x13, 0x64, 0x00, 0x81, 0x1F, 0xCC, 0x20, 0xF2,
    0x33, 0x37, 0x88, 0xDC, 0xA0, 0x0F, 0x22, 0x1D, 0xD6, 0x83, 0x25, 0xFE, 0x32, 0x82, 0xC8, 0x6F,
    0x1C, 0x20, 0xF2, 0x01, 0x1F, 0x88, 0x6C, 0xC8, 0x07, 0x91, 0x02, 0xF7, 0xC1, 0xD2, 0x3F, 0x59,
    0x41, 0xE4, 0x27, 0x1E, 0xB0, 0x3E, 0x7B, 0x0C, 0x7D, 0x5F, 0x21, 0xFA, 0xF8, 0x41, 0x64, 0x41,
    0x3D, 0x58, 0xDF, 0x7B, 0xB0, 0xF4, 0x33, 0x26, 0x00, 0x27, 0xB0, 0x12, 0x3B, 0x78, 0x9C, 0x73,
    0x74, 0x31, 0x61, 0xF8, 0xF3, 0xFF, 0x3F, 0x97, 0xA3, 0xCB, 0x17, 0x5E, 0x06, 0x86, 0x0F, 0x7C,
    0xD4, 0xC2, 0xBF, 0xFF, 0xFF, 0xE7, 0x69, 0xE9, 0xA8, 0x60, 0x04, 0x00, 0x57, 0x33, 0x1C, 0xA8,
    0x78, 0x9C, 0x63, 0x60, 0x60, 0x10, 0x66, 0x00, 0x81, 0x0D, 0xFF, 0x99, 0x41, 0xD4, 0xB7, 0x9F,
    0x3C, 0x20, 0xEA, 0xDD, 0x04, 0x7F, 0x20, 0x99, 0xD0, 0x2F, 0x70, 0x1E, 0x48, 0x3D, 0x90, 0x67,
    0xF8, 0xC9, 0x0A, 0x94, 0xE2, 0x60, 0xF8, 0xC4, 0xCB, 0xC0, 0xF0, 0x8F, 0x91, 0x61, 0x41, 0x3C,
    0x43, 0x41, 0x3F, 0x03, 0x83, 0xC2, 0x7D, 0x90, 0x14, 0x03, 0xC3, 0x2F, 0xD6, 0xEF, 0x9C, 0x40,
    0xEA, 0x33, 0xEF, 0x69, 0x46, 0x20, 0x55, 0xA0, 0x07, 0x00, 0x36, 0xD5, 0x14, 0xBA, 0x78, 0x9C,
    0xBB, 0xF0, 0x1F, 0x0C, 0xF8, 0x12, 0x3A, 0xC0, 0x80, 0x0D, 0x00, 0x69, 0xA1, 0x0A, 0x6F, 0x78,
    0x9C, 0x33, 0x60, 0x60, 0xF8, 0xC6, 0xC5, 0xF0, 0x20, 0x9E, 0x21, 0xE1, 0x3C, 0x03, 0xC3, 0x1F,
    0x66, 0x86, 0xCF, 0xDC, 0x0C, 0x0D, 0xFC, 0x0C, 0x0C, 0x0C, 0x00, 0x56, 0x22, 0x06, 0x2B, 0x78,
    0x9C, 0x63, 0x10, 0x30, 0x12, 0x66, 0x60, 0x28, 0xF8, 0xFB, 0xFF, 0xBF, 0x0D, 0xC3, 0x83, 0x9E,
    0xB0, 0x65, 0xEF, 0x19, 0x40, 0xE0, 0x37, 0x2B, 0x88, 0xFC, 0xC6, 0xC1, 0xC0, 0xA0, 0x60, 0xFC,
    0x83, 0x93, 0xE1, 0xE8, 0xFF, 0xFF, 0xFF, 0x39, 0x27, 0xBC, 0x77, 0x57, 0xFA, 0xC6, 0xF9, 0x95,
    0x87, 0x81, 0xE1, 0x2B, 0xE7, 0x2F, 0x16, 0x06, 0x86, 0xEF, 0x9C, 0xBF, 0x99, 0x19, 0x18, 0xFE,
    0x72, 0xFE, 0xE4, 0x60, 0x98, 0xF0, 0x9F, 0xF3, 0xD3, 0xFC, 0xD2, 0x3F, 0xDF, 0x38, 0x1D, 0xFE,
    0xFD, 0xD7, 0x7E, 0xC8, 0xC6, 0x60, 0x00, 0x34, 0x92, 0x01, 0x00, 0xC1, 0x8C, 0x21, 0x85, 0x78,
    0x9C, 0xAB, 0x60, 0x00, 0x81, 0xF7, 0x38, 0x49, 0x03, 0x66, 0x20, 0xD9, 0xF0, 0xFF, 0xBF, 0x14,
    0xC3, 0xFF, 0x37, 0xEE, 0x5B, 0xCF, 0x33, 0xFC, 0x97, 0x61, 0x60, 0xF8, 0xC9, 0xFE, 0x9F, 0x89,
    0x81, 0xE1, 0x23, 0xDF, 0x7F, 0xA0, 0x8A, 0x03, 0xFA, 0x20, 0x95, 0x0B, 0xFC, 0x41, 0xE4, 0x04,
    0x7F, 0x08, 0x1B, 0x2C, 0x2E, 0x0F, 0x56, 0xC3, 0x0B, 0x52, 0xFF, 0x8B, 0xFD, 0xFE, 0x6B, 0xF7,
    0xAD, 0xFB, 0x19, 0xD6, 0x00, 0xCD, 0xE1, 0x04, 0xCA, 0x81, 0xCC, 0x04, 0x00, 0xE5, 0x5A, 0x25,
    0x0B, 0x78, 0x9C, 0x63, 0x60, 0x30, 0x54, 0x66, 0x60, 0xB8, 0xFA, 0xFF, 0xBF, 0x7D, 0xC2, 0xFF,
    0x88, 0x54, 0xCB, 0x4F, 0xFA, 0x0C, 0x0C, 0x0C, 0x3F, 0x38, 0x80, 0xC4, 0x1F, 0x66, 0x20, 0xF1,
    0x9F, 0x01, 0x85, 0x00, 0x8B, 0x81, 0x65, 0x3F, 0xD9, 0x03, 0x89, 0x84, 0xFF, 0x91, 0xA9, 0x9E,
    0x0C, 0x47, 0xFE, 0xFF, 0xF7, 0x67, 0x00, 0x99, 0x02, 0x00, 0x26, 0xFE, 0x14, 0xD4, 0x78, 0x9C,
    0x63, 0x60, 0x60, 0x60, 0x50, 0xD0, 0x06, 0x12, 0x0C, 0x05, 0xF5, 0xD8, 0x48, 0x23, 0x46, 0x20,
    0xF9, 0xF4, 0xFF, 0xF9, 0xE2, 0xFA, 0x84, 0xF7, 0xEE, 0x5B, 0xF7, 0xD7, 0x7F, 0xD4, 0x63, 0x60,
    0xF8, 0x56, 0xFF, 0x9D, 0x83, 0x81, 0x61, 0x43, 0xFD, 0x6F, 0x66, 0x90, 0x9A, 0xBF, 0x8C, 0x60,
    0x92, 0x01, 0xC1, 0xFE, 0x05, 0x16, 0xFF, 0x06, 0x56, 0xF3, 0x50, 0x1F, 0xA4, 0x3E, 0x00, 0xA8,
    0x77, 0x7D, 0x3D, 0xC3, 0x95, 0xFF, 0xE7, 0x8D, 0xFD, 0x41, 0x66, 0x32, 0x30, 0x00, 0x00, 0xEA,
    0x3E, 0x26, 0x2B, 0x78, 0x9C, 0x63, 0x60, 0x30, 0x64, 0x62, 0x60, 0x60, 0xB8, 0xFA, 0xFF, 0x3F,
    0x27, 0x43, 0xC3, 0x7D, 0xB3, 0x25, 0xFB, 0x19, 0x3E, 0xF3, 0x32, 0x30, 0xFC, 0x62, 0xF9, 0xC9,
    0xCA, 0xC0, 0xF0, 0x99, 0xEB, 0x2F, 0x23, 0x03, 0xC3, 0x07, 0xDE, 0xFF, 0xE5, 0xE5, 0xE5, 0xDF,
    0xF9, 0xFE, 0x83, 0x00, 0xC7, 0x7F, 0x06, 0x10, 0xF8, 0xC3, 0x08, 0x22, 0x7F, 0xB0, 0x81, 0xC8,
    0x4F, 0x7A, 0x20, 0x32, 0xE1, 0xBF, 0x87, 0xF3, 0x76, 0x06, 0x86, 0x23, 0xFF, 0xFF, 0xEF, 0x07,
    0xF2, 0x0C, 0x95, 0x19, 0x18, 0x00, 0xC4, 0xF1, 0x1E, 0xF8, 0x78, 0x9C, 0x63, 0x60, 0x10, 0x28,
    0x53, 0x63, 0x60, 0xF8, 0xF6, 0xFF, 0x3E, 0x83, 0xC0, 0x7F, 0x51, 0x01, 0x86, 0x84, 0xF5, 0x0C,
    0x0C, 0x0C, 0x0D, 0xF5, 0x50, 0xA2, 0xE8, 0xC4, 0xF9, 0x0E, 0xF3, 0xEF, 0xFF, 0xFF, 0xFF, 0xEF,
    0x67, 0x98, 0x50, 0x8F, 0x2C, 0x41, 0x0C, 0x11, 0x60, 0xCF, 0xC0, 0x00, 0x00, 0x69, 0x3B, 0x19,
    0xA2, 0x78, 0x9C, 0x63, 0x60, 0x30, 0x62, 0x64, 0x60, 0x60, 0x78, 0xFE, 0x7F, 0x7D, 0xA2, 0x5C,
    0xC3, 0x7B, 0xF7, 0x63, 0x7B, 0xED, 0x3F, 0xC9, 0x31, 0x30, 0xFC, 0xB2, 0xFF, 0xC1, 0xCE, 0xC0,
    0xF0, 0xD1, 0xFE, 0x37, 0x33, 0x03, 0xC3, 0x01, 0xFB, 0xBF, 0x40, 0x15, 0x1B, 0xEC, 0xFF, 0x32,
    0x80, 0xC8, 0x3F, 0x60, 0xF6, 0x2F, 0x16, 0x90, 0xF8, 0x37, 0x2E, 0x06, 0x86, 0x4F, 0xF6, 0x0F,
    0xE2, 0x19, 0x04, 0xFE, 0xDA, 0x3B, 0xFC, 0xEF, 0xFE, 0x79, 0xC6, 0x9E, 0x61, 0xD1, 0xBF, 0xDA,
    0x0D, 0xFA, 0x40, 0x85, 0x0C, 0x07, 0xC0, 0xE4, 0x03, 0x7E, 0x10, 0xF9, 0x95, 0x9B, 0x81, 0x89,
    0xC1, 0xE1, 0x1F, 0x73, 0xC0, 0xFB, 0x33, 0xFF, 0xF2, 0x19, 0x18, 0x96, 0xED, 0xAE, 0x62, 0x64,
    0x00, 0x00, 0x1D, 0xDB, 0x29, 0xF2, 0x78, 0x9C, 0xAB, 0x60, 0x00, 0x81, 0xF7, 0x38, 0x49, 0x05,
    0x61, 0x20, 0x99, 0xF0, 0xEF, 0xBF, 0x34, 0xC3, 0xFB, 0x1F, 0x91, 0xD7, 0xCF, 0x33, 0xFC, 0xF7,
    0x67, 0x60, 0xF8, 0xCB, 0xF4, 0x9F, 0x8D, 0x81, 0xE1, 0x07, 0xEB, 0x7F, 0xA0, 0x8A, 0x6F, 0xEC,
    0xEF, 0x11, 0x24, 0x07, 0x7E, 0x72, 0x0F, 0x90, 0xFC, 0xCC, 0x0A, 0x00, 0x09, 0x55, 0x22, 0x1D,
    0x78, 0x9C, 0x9B, 0xC0, 0xF6, 0x91, 0xF7, 0x00, 0x27, 0x03, 0x18, 0x5C, 0xE0, 0xFA, 0xC4, 0x87,
    0x0D, 0x5E, 0xE0, 0x02, 0x00, 0x05, 0xF1, 0x0F, 0x12, 0x78, 0x9C, 0x63, 0x60, 0x68, 0xE0, 0x60,
    0x60, 0xF8, 0xC0, 0xCF, 0xC0, 0xB0, 0x81, 0x9B, 0x01, 0x05, 0x1C, 0xE0, 0x81, 0x88, 0x93, 0x8A,
    0x3F, 0xF2, 0x31, 0x30, 0x7C, 0xE5, 0x16, 0x28, 0xFE, 0xC7, 0xF6, 0xE9, 0xFF, 0x7C, 0x86, 0x04,
    0x37, 0x46, 0x06, 0x00, 0xA5, 0xF1, 0x16, 0xBF, 0x78, 0x9C, 0xAB, 0x60, 0x00, 0x81, 0xF7, 0x84,
    0x48, 0x87, 0x33, 0x20, 0xF2, 0x9B, 0x2E, 0x90, 0x2C, 0x38, 0xCF, 0x08, 0x24, 0x7F, 0x70, 0x03,
    0xC5, 0x17, 0xAC, 0x07, 0xC9, 0xFE, 0xE6, 0x04, 0x92, 0xFF, 0xFF, 0x33, 0x81, 0xD8, 0x5F, 0xF4,
    0x40, 0xA4, 0xC3, 0x7B, 0x26, 0x90, 0x2E, 0x10, 0xE7, 0x3D, 0x83, 0xC3, 0x7B, 0x66, 0x90, 0xDE,
    0x2F, 0x76, 0x0C, 0x7B, 0x18, 0x18, 0x0C, 0xEE, 0x30, 0x00, 0x00, 0x39, 0xA1, 0x1F, 0xCF, 0x78,
    0x9C, 0x9B, 0xC0, 0xF6, 0x91, 0xF7, 0x13, 0x1F, 0x7E, 0x78, 0x81, 0x0B, 0x00, 0x6A, 0xE8, 0x12,
    0x6F, 0x78, 0x9C, 0x63, 0x60, 0x50, 0x60, 0x66, 0x60, 0x30, 0x62, 0x60, 0x78, 0xA0, 0xF1, 0xE7,
    0x3F, 0xEB, 0xE5, 0xFF, 0xFD, 0x0C, 0x9F, 0xDE, 0x7A, 0x7D, 0xF7, 0x5F, 0x5F, 0xF2, 0x9F, 0xE5,
    0x53, 0x3F, 0x43, 0xC2, 0x7F, 0x4E, 0x86, 0x6F, 0x5C, 0x9F, 0xF8, 0x19, 0x14, 0xFE, 0x33, 0x30,
    0x7C, 0xE4, 0xF9, 0xC4, 0xC3, 0x20, 0x70, 0x9F, 0x81, 0xE1, 0x03, 0x2F, 0x90, 0xC1, 0x00, 0x62,
    0xF0, 0x91, 0xC7, 0xB8, 0xC0, 0xC9, 0xC0, 0xB0, 0x96, 0x81, 0xE1, 0x00, 0x17, 0x00, 0x81, 0xF3,
    0x2B, 0x91, 0x78, 0x9C, 0x63, 0x60, 0x60, 0x30, 0x62, 0x64, 0x78, 0xC0, 0xF1, 0xE3, 0xFF, 0x7A,
    0x86, 0x4F, 0xA7, 0xEB, 0x52, 0xFE, 0x72, 0x7E, 0x7A, 0xCF, 0xC4, 0xF0, 0x90, 0xFF, 0x93, 0x3D,
    0x03, 0xC3, 0x02, 0xFB, 0x4F, 0xBC, 0x0C, 0x0C, 0x0D, 0xF1, 0x9F, 0x78, 0xE0, 0x64, 0x3E, 0x7E,
    0xF2, 0x01, 0x27, 0x03, 0x43, 0x80, 0x3D, 0x00, 0x26, 0x83, 0x1D, 0x0B, 0x78, 0x9C, 0x63, 0x60,
    0x30, 0x14, 0x66, 0x60, 0x60, 0x38, 0xF2, 0xFF, 0xBF, 0x35, 0x43, 0xC0, 0x7B, 0xF7, 0x96, 0xFF,
    0x2C, 0x1F, 0xF5, 0x18, 0x18, 0x3E, 0xF1, 0xFD, 0x60, 0x67, 0x60, 0x68, 0xC8, 0xFF, 0xC3, 0xC4,
    0xC0, 0x60, 0xB0, 0xFF, 0x3F, 0x50, 0x81, 0xC0, 0x7D, 0x10, 0xC9, 0xF0, 0x1E, 0xC2, 0x86, 0x88,
    0x43, 0xD4, 0x80, 0xD5, 0xCB, 0x41, 0xF4, 0x82, 0xCC, 0xB1, 0x01, 0xAA, 0x00, 0x99, 0x09, 0x00,
    0x6E, 0x48, 0x1E, 0x6C, 0x78, 0x9C, 0x63, 0x60, 0x60, 0x30, 0x66, 0x60, 0x60, 0x78, 0x20, 0xF1,
    0xF3, 0xFF, 0x7C, 0x06, 0x86, 0x4F, 0x77, 0x72, 0x53, 0xFE, 0x70, 0x33, 0x7C, 0xDA, 0xCF, 0xC0,
    0xB0, 0x21, 0x9F, 0xE1, 0x93, 0x3C, 0x03, 0x83, 0xC2, 0x79, 0x86, 0x4F, 0xBC, 0x40, 0x05, 0xFF,
    0x18, 0x3E, 0xF1, 0x00, 0xA9, 0x3F, 0x4C, 0x60, 0xEA, 0x37, 0x33, 0x8C, 0x07, 0x95, 0x03, 0xAA,
    0x34, 0x38, 0x0F, 0xD6, 0x77, 0x20, 0x9E, 0xE1, 0xD3, 0x5D, 0xA0, 0x29, 0x5C, 0x0C, 0x9F, 0x64,
    0x7E, 0xFD, 0xEF, 0x67, 0x00, 0xE9, 0x03, 0xD9, 0x00, 0xD6, 0x80, 0x4E, 0x7D, 0x84, 0x50, 0x01,
    0xCC, 0x60, 0x0A, 0x00, 0x7F, 0x4A, 0x27, 0xBE, 0x78, 0x9C, 0x63, 0x60, 0x30, 0x62, 0x64, 0x60,
    0x60, 0x78, 0xFA, 0xFF, 0xBC, 0xB1, 0x7F, 0xC2, 0x7B, 0xF7, 0xA5, 0xF3, 0xEB, 0x3F, 0xEA, 0x33,
    0x30, 0x7C, 0xAB, 0xFF, 0xCE, 0xC1, 0xC0, 0xB0, 0xA1, 0xFE, 0x37, 0x33, 0x03, 0x43, 0x41, 0xFD,
    0x5F, 0x46, 0x30, 0xC9, 0x80, 0x60, 0xFF, 0x02, 0x8B, 0x7F, 0x03, 0xAB, 0x79, 0x08, 0x56, 0x1F,
    0xF0, 0xDF, 0x7D, 0xE9, 0xFE, 0x7A, 0x86, 0x2B, 0xFF, 0xCF, 0x17, 0xD7, 0x33, 0x00, 0xCD, 0x2C,
    0x00, 0x92, 0x20, 0x35, 0xE8, 0x64, 0x02, 0x98, 0x14, 0x10, 0x07, 0x00, 0x10, 0x84, 0x25, 0xD8,
    0x78, 0x9C, 0x63, 0x60, 0x00, 0x82, 0x0B, 0x9C, 0x09, 0xAF, 0xB9, 0x3F, 0xE9, 0xFC, 0xD9, 0xC7,
    0xF6, 0xE9, 0xAE, 0x2F, 0x03, 0xC3, 0xA7, 0xFB, 0x8C, 0x40, 0x22, 0x1E, 0x28, 0xF1, 0x89, 0x1F,
    0x44, 0xF0, 0xE1, 0x23, 0x2E, 0x70, 0x01, 0x09, 0x00, 0xEC, 0xBA, 0x12, 0x28, 0x78, 0x9C, 0x63,
    0x60, 0x30, 0x66, 0x62, 0x50, 0xF8, 0xFD, 0xFF, 0xBF, 0xEE, 0x83, 0xF9, 0xAE, 0xA5, 0xDE, 0xDF,
    0x38, 0x19, 0x18, 0x18, 0xBE, 0xB3, 0x03, 0x89, 0x2F, 0x7A, 0x40, 0x62, 0xC2, 0xFF, 0x6C, 0x26,
    0x06, 0x86, 0x2D, 0xFF, 0xCF, 0xB3, 0x30, 0x30, 0x04, 0xFC, 0xF2, 0x07, 0x8A, 0x24, 0x9C, 0x07,
    0x12, 0x0C, 0xEF, 0x81, 0xD8, 0xE0, 0xFC, 0xA5, 0x4C, 0x97, 0xE7, 0xF1, 0x0B, 0xFE, 0xFD, 0xBF,
    0xCF, 0xCA, 0xA0, 0x60, 0xCC, 0xC8, 0x00, 0x00, 0xA8, 0xAE, 0x18, 0xF1, 0x78, 0x9C, 0x63, 0x10,
    0x60, 0x64, 0x60, 0x60, 0x78, 0xC0, 0x07, 0x24, 0x3E, 0xF0, 0x23, 0x13, 0xCD, 0x3F, 0xFA, 0x3B,
    0xD4, 0x7F, 0xFE, 0xFF, 0xFF, 0xBF, 0x1F, 0x4D, 0x02, 0x2B, 0xF1, 0x00, 0x44, 0x5C, 0xD0, 0x07,
    0x12, 0x13, 0xCE, 0xBB, 0xB2, 0x32, 0x08, 0xFC, 0xF9, 0x6F, 0xCF, 0xC0, 0x20, 0x60, 0xCC, 0x08,
    0x00, 0xA0, 0x13, 0x18, 0x59, 0x78, 0x9C, 0x7B, 0xC8, 0xC6, 0xC0, 0x30, 0x81, 0xF7, 0x0B, 0x17,
    0x03, 0xC3, 0x01, 0x7D, 0x62, 0xC8, 0xCF, 0x40, 0xF2, 0x82, 0xFE, 0x27, 0x1E, 0x06, 0x86, 0xCF,
    0xFA, 0x1F, 0xE4, 0x19, 0x04, 0xFE, 0xEA, 0x4F, 0xB8, 0xEF, 0xF6, 0xFC, 0x8C, 0x3E, 0xC3, 0xAF,
    0xFF, 0xFD, 0x0D, 0x7C, 0x0C, 0x02, 0xC6, 0x0C, 0x0C, 0x0C, 0x00, 0x92, 0x28, 0x1C, 0x57, 0x78,
    0x9C, 0x7B, 0xC0, 0xC5, 0xC0, 0xC0, 0xF0, 0x8D, 0xE9, 0x80, 0x3D, 0x90, 0xFA, 0xC7, 0x58, 0xD0,
    0xCF, 0xC0, 0xE0, 0xB0, 0x9F, 0x41, 0xE0, 0x3D, 0x03, 0xC3, 0x84, 0x78, 0x06, 0x86, 0xDF, 0xCC,
    0x0C, 0x0F, 0xF8, 0x19, 0x18, 0xBE, 0x72, 0x30, 0x7C, 0xE6, 0x64, 0x60, 0xF8, 0xC0, 0xCB, 0xF0,
    0x93, 0x99, 0x81, 0x61, 0x81, 0x3D, 0xC3, 0x3B, 0xA0, 0x62, 0x87, 0x7E, 0x03, 0xA0, 0x62, 0x06,
    0x86, 0x7B, 0x0D, 0xFA, 0x20, 0xEA, 0xE7, 0x25, 0x1E, 0x10, 0xF5, 0xF9, 0x37, 0x3B, 0x88, 0x9A,
    0xB0, 0x1F, 0x48, 0x00, 0x00, 0x77, 0xC3, 0x17, 0xAF, 0x78, 0x9C, 0xBB, 0xC5, 0xC8, 0x10, 0x70,
    0x8E, 0x81, 0x21, 0x41, 0xEE, 0x27, 0x1B, 0xC3, 0x83, 0xFF, 0x40, 0xCC, 0xFF, 0x95, 0x8B, 0xE1,
    0xE3, 0x2F, 0x2E, 0x86, 0x4F, 0x3C, 0x1F, 0xF9, 0x18, 0xBE, 0x5E, 0xE1, 0x65, 0xF8, 0xC6, 0x7E,
    0x40, 0x9F, 0xE1, 0xE7, 0x42, 0x79, 0x86, 0x9F, 0xCC, 0x0D, 0xF1, 0x0C, 0x77, 0x13, 0xE2, 0x19,
    0xDE, 0x32, 0x18, 0xCC, 0x17, 0x98, 0xAF, 0xD0, 0x2F, 0xB0, 0x9E, 0x81, 0xE1, 0xBE, 0x43, 0x3C,
    0xC3, 0xB9, 0x80, 0x7C, 0x06, 0x86, 0xDF, 0x8D, 0xF2, 0x0C, 0xBF, 0x26, 0xC8, 0x33, 0x30, 0x7C,
    0x3B, 0xCA, 0xC7, 0xF0, 0xFD, 0x32, 0x2F, 0x03, 0xC3, 0xA7, 0x9F, 0x5C, 0x0C, 0x9F, 0x7F, 0x70,
    0x32, 0x30, 0x5C, 0x00, 0x9A, 0xFB, 0xE1, 0x3F, 0x0B, 0x03, 0xC4, 0xA6, 0xFD, 0x0C, 0x0C, 0x00,
    0x4F, 0xCA, 0x2B, 0xE4, 0x78, 0x9C, 0x7B, 0xCA, 0xCA, 0xC0, 0xF0, 0x8C, 0xE5, 0xA1, 0x3E, 0x83,
    0xC2, 0x7D, 0x06, 0x87, 0xF3, 0x0C, 0x07, 0xEC, 0x19, 0x18, 0x7E, 0xB2, 0x7D, 0xE3, 0x60, 0x60,
    0xB8, 0x60, 0x7F, 0x9F, 0x81, 0x81, 0xC1, 0xE1, 0xBF, 0x3E, 0x90, 0x64, 0xF8, 0xCB, 0x0D, 0x24,
    0x12, 0xDE, 0xFB, 0x03, 0xC9, 0x8F, 0x32, 0xEF, 0x18, 0x19, 0x18, 0x7E, 0x33, 0x7F, 0xE3, 0x62,
    0x48, 0x98, 0xCF, 0xB0, 0x21, 0x9E, 0xE1, 0x13, 0x1F, 0x83, 0xC2, 0x7B, 0xC6, 0xEB, 0xCC, 0x0C,
    0x0C, 0x4F, 0xD9, 0x00, 0xB8, 0x66, 0x17, 0xCE, 0x78, 0x9C, 0x7B, 0xC0, 0xC5, 0xC0, 0xC0, 0xF0,
    0x94, 0xE9, 0x80, 0x3D, 0x90, 0x7A, 0xC7, 0x90, 0xD0, 0xCF, 0xC0, 0x10, 0xD0, 0xCF, 0x20, 0xF0,
    0x9E, 0x81, 0x61, 0x83, 0x3E, 0x03, 0xC3, 0x2F, 0x16, 0x86, 0x8F, 0xDC, 0x0C, 0x0C, 0x5F, 0x38,
    0x19, 0xBE, 0xB3, 0x32, 0x30, 0x3C, 0xE0, 0x67, 0x78, 0x0B, 0x54, 0xD5, 0x10, 0xEF, 0x00, 0x54,
    0xC5, 0xA0, 0xB0, 0x7E, 0x81, 0x3C, 0x90, 0x62, 0xF8, 0xF3, 0x11, 0x64, 0x02, 0xC3, 0xB7, 0x3F,
    0x2C, 0x20, 0xEA, 0xE3, 0x7D, 0x10, 0xC9, 0xB0, 0xA1, 0x1E, 0x4C, 0x1D, 0x00, 0xAB, 0x60, 0xF8,
    0xCC, 0x09, 0xA6, 0x7E, 0x31, 0x83, 0x48, 0x81, 0xF3, 0x60, 0x4E, 0x43, 0x3C, 0x98, 0x32, 0x60,
    0x05, 0x91, 0x00, 0xAF, 0x8B, 0x1C, 0x2D, 0x78, 0x9C, 0x7B, 0xF0, 0x1F, 0x08, 0x58, 0x13, 0x3A,
    0x3A, 0x3A, 0xFE, 0xB3, 0x32, 0x30, 0x30, 0x14, 0x9C, 0x07, 0x12, 0x0C, 0x9F, 0xE5, 0x80, 0x84,
    0xC0, 0x5F, 0x16, 0x20, 0xB9, 0xA0, 0x1F, 0x24, 0xF0, 0x8D, 0x07, 0x48, 0x28, 0xFC, 0x67, 0x02,
    0x92, 0x17, 0xE2, 0x41, 0x02, 0xBF, 0x38, 0x81, 0x44, 0xC0, 0x7D, 0x10, 0xF3, 0xC1, 0xFA, 0x8E,
    0x8E, 0x0A, 0xC6, 0x07, 0x60, 0x73, 0x00, 0x08, 0xD1, 0x19, 0xEB, 0x78, 0x9C, 0x63, 0x60, 0x60,
    0x30, 0x62, 0x66, 0x60, 0x78, 0xFA, 0xBF, 0x9E, 0x81, 0xE1, 0xBF, 0x07, 0x33, 0x83, 0xC3, 0x7A,
    0x06, 0x06, 0x86, 0x80, 0x7E, 0x2C, 0x04, 0x50, 0x01, 0x43, 0x41, 0x3C, 0x90, 0xB8, 0x20, 0xCF,
    0xC0, 0xB0, 0xE8, 0x1F, 0x0B, 0x03, 0xC3, 0x93, 0xF3, 0x4C, 0x40, 0xEE, 0x63, 0x5E, 0x20, 0xD1,
    0xE0, 0x0F, 0x24, 0x12, 0xEA, 0x71, 0xE8, 0x75, 0x98, 0x0F, 0x24, 0x04, 0xDE, 0x03, 0xB5, 0x30,
    0xFC, 0xF8, 0x9F, 0xCF, 0xC0, 0x60, 0x50, 0xA6, 0x0E, 0x00, 0xF2, 0x49, 0x19, 0x63, 0x78, 0x9C,
    0x53, 0x60, 0xF8, 0xC1, 0xF4, 0x8B, 0x99, 0x14, 0xF8, 0x93, 0x39, 0x89, 0x01, 0x00, 0xBA, 0xBA,
    0x19, 0x34, 0x78, 0x9C, 0x73, 0x54, 0x66, 0x60, 0x60, 0xF8, 0xF5, 0xDF, 0x96, 0x81, 0xC1, 0x71,
    0xE9, 0x7D, 0x20, 0x93, 0xE1, 0x2F, 0x23, 0x48, 0x80, 0x09, 0x0B, 0xC1, 0x0C, 0x24, 0x7E, 0xB0,
    0x02, 0x89, 0xCF, 0xDC, 0x40, 0x22, 0xE1, 0xBE, 0x14, 0x03, 0x83, 0xC1, 0x3F, 0x3D, 0x06, 0x86,
    0x87, 0xB2, 0x40, 0xEE, 0x77, 0x36, 0x20, 0xF1, 0x93, 0x19, 0x87, 0xDE, 0x3F, 0x40, 0x43, 0x03,
    0xDF, 0x03, 0x15, 0xFC, 0xCF, 0x67, 0x60, 0x68, 0x4E, 0x07, 0x0A, 0x01, 0x00, 0x74, 0x06, 0x1B,
    0x72, 0x78, 0x9C, 0x63, 0x58, 0x3A, 0x9B, 0x89, 0x01, 0x08, 0x36, 0xFC, 0xFF, 0x57, 0xCF, 0xC0,
    0xE0, 0xC0, 0xF8, 0x9D, 0x5D, 0xE0, 0xB7, 0x14, 0xC3, 0x0F, 0x36, 0x27, 0x06, 0x86, 0x86, 0xFF,
    0x7F, 0xD7, 0x83, 0xA4, 0x18, 0x26, 0xCF, 0x66, 0x61, 0x00, 0x00, 0x06, 0x53, 0x0C, 0x70, 0x78,
    0x9C, 0x03, 0x00, 0x00, 0x00, 0x00, 0x01, 0x78, 0x9C, 0x3B, 0xC0, 0xF3, 0x41, 0xFE, 0x02, 0x2F,
    0x03, 0x10, 0x2C, 0xE0, 0x7A, 0xC0, 0xFF, 0x80, 0xFF, 0x03, 0x0C, 0xCA, 0x7F, 0x90, 0xFF, 0x28,
    0xFF, 0x51, 0x1F, 0x08, 0xE5, 0x03, 0x58, 0x01, 0x28, 0x42, 0x10, 0x10, 0x78, 0x9C, 0x63, 0x60,
    0x60, 0x60, 0x64, 0x60, 0x60, 0x68, 0xE0, 0x05, 0x12, 0x13, 0xF8, 0x60, 0xC4, 0x46, 0x7B, 0x06,
    0x86, 0x23, 0xFF, 0xFF, 0xCF, 0x4F, 0xF8, 0x7F, 0x2A, 0xBF, 0xF2, 0x93, 0x3F, 0x50, 0xEC, 0x07,
    0x07, 0x90, 0xF8, 0xC3, 0x0C, 0x24, 0xFE, 0x33, 0xA0, 0x10, 0x60, 0x31, 0xB0, 0x2C, 0x58, 0x5D,
    0xC0, 0xFF, 0xD3, 0xF1, 0xD3, 0x19, 0x36, 0xFF, 0xFF, 0xBF, 0x9E, 0x81, 0x61, 0x81, 0x3E, 0x8A,
    0xA1, 0x60, 0x42, 0x81, 0x85, 0x01, 0x00, 0x9D, 0x56, 0x21, 0x75, 0x78, 0x9C, 0x63, 0x60, 0x60,
    0x08, 0x2C, 0x17, 0x65, 0x60, 0x60, 0x68, 0xF8, 0xFF, 0xFF, 0x3D, 0x90, 0xFA, 0xD9, 0x6F, 0x9A,
    0xCA, 0xC0, 0x20, 0xF0, 0x9F, 0x19, 0xC8, 0x66, 0x08, 0xD8, 0x0F, 0x22, 0x19, 0x0A, 0xE6, 0x43,
    0xA8, 0x7E, 0x14, 0x0A, 0x2C, 0x58, 0xF0, 0x1F, 0x08, 0xB8, 0x19, 0x0C, 0x4E, 0xDC, 0xEF, 0xE8,
    0x60, 0xC5, 0x50, 0x02, 0xA1, 0x26, 0xE4, 0x83, 0xA9, 0x07, 0xF2, 0x60, 0xEA, 0x27, 0x07, 0x88,
    0xDC, 0xF0, 0x7F, 0x15, 0x10, 0x30, 0x3D, 0x00, 0x69, 0xFF, 0xCF, 0x02, 0x00, 0x59, 0xEB, 0x24,
    0x41, 0x78, 0x9C, 0x9B, 0xCC, 0x00, 0x02, 0xE1, 0x5F, 0xB8, 0x17, 0xDF, 0x8D, 0x9E, 0x50, 0x1F,
    0xF0, 0xFE, 0xFF, 0xDD, 0xFF, 0xFF, 0x38, 0x18, 0x7E, 0x69, 0x33, 0x4C, 0xBC, 0xCF, 0xA0, 0x70,
    0x1E, 0x28, 0xF5, 0x93, 0xB5, 0xC0, 0x1F, 0x48, 0x7D, 0xE4, 0x5A, 0x20, 0x0F, 0xA4, 0x2E, 0xF0,
    0x4E, 0x00, 0x51, 0x0F, 0x78, 0x12, 0xF2, 0x81, 0xD4, 0x27, 0x4E, 0x81, 0xF7, 0x8C, 0x0C, 0x0C,
    0x7F, 0x98, 0x19, 0x7E, 0xE7, 0x09, 0x5E, 0xB9, 0xCF, 0x30, 0x61, 0xFD, 0xBF, 0xFF, 0xFF, 0x7F,
    0x71, 0x7F, 0xE5, 0x48, 0x9C, 0x29, 0x1E, 0x30, 0x3F, 0x10, 0x6C, 0xB4, 0x0A, 0x00, 0xF0, 0x20,
    0x23, 0x0F, 0x78, 0x9C, 0x53, 0x60, 0x64, 0x00, 0x02, 0x01, 0xC6, 0x0B, 0xFE, 0x20, 0xFA, 0x2B,
    0x77, 0xC2, 0x7D, 0x10, 0xFD, 0x8F, 0x99, 0xE1, 0x0F, 0x3B, 0x03, 0x43, 0xC3, 0x7A, 0x06, 0x86,
    0xCF, 0xF2, 0x0C, 0x0C, 0x9F, 0x80, 0x78, 0xC2, 0x7C, 0x06, 0x86, 0x5F, 0x6C, 0x40, 0xA5, 0xFF,
    0x98, 0x1C, 0xC0, 0x6A, 0xBE, 0x71, 0x1F, 0xB0, 0x07, 0xD1, 0x07, 0xFC, 0xBF, 0x71, 0x81, 0x68,
    0x83, 0xFB, 0xFF, 0x80, 0x66, 0x09, 0xDC, 0xB9, 0xFB, 0xFF, 0xFF, 0xDD, 0xBD, 0x0C, 0x0C, 0xED,
    0x1D, 0x3F, 0xFB, 0x3B, 0x32, 0x40, 0x12, 0x9F, 0xF8, 0x41, 0xA4, 0xA2, 0xD2, 0x17, 0x7D, 0x25,
    0x21, 0x06, 0x85, 0xFF, 0x60, 0xC0, 0xC0, 0x60, 0x64, 0xFC, 0xD5, 0xDE, 0x58, 0x19, 0x21, 0xCF,
    0xC0, 0xF0, 0x11, 0x4A, 0x5F, 0xE0, 0x06, 0x12, 0x00, 0x4F, 0xE2, 0x29, 0xCA, 0x78, 0x9C, 0x53,
    0x60, 0xF8, 0xC1, 0xF4, 0x8B, 0x19, 0x01, 0x7F, 0x32, 0x2F, 0x61, 0x80, 0x80, 0x24, 0x86, 0x9F,
    0xCC, 0xA8, 0x32, 0x49, 0x0C, 0x00, 0x9A, 0xF2, 0x11, 0x53, 0x78, 0x9C, 0x63, 0x50, 0x28, 0x73,
    0x63, 0x64, 0x60, 0xF8, 0xF5, 0xFF, 0x7F, 0x3F, 0xC3, 0x86, 0xFD, 0x2A, 0xC1, 0xAB, 0x18, 0x3E,
    0xF3, 0x30, 0x00, 0xC1, 0x57, 0x0E, 0x10, 0xF9, 0x85, 0x0B, 0x44, 0x3E, 0xC8, 0x07, 0x91, 0x06,
    0xFF, 0xF6, 0xA9, 0x03, 0xC9, 0x77, 0x7F, 0xFE, 0x4B, 0x31, 0x3C, 0xE0, 0x16, 0x38, 0x7A, 0x9E,
    0xE1, 0x2B, 0x33, 0x50, 0x23, 0xCB, 0x77, 0x26, 0x06, 0x86, 0xCF, 0xEC, 0x5F, 0xD9, 0x19, 0x18,
    0x3E, 0xB1, 0x3D, 0xE8, 0x67, 0x64, 0xF8, 0xC9, 0x68, 0xF0, 0xEF, 0xFE, 0x0A, 0xA0, 0x96, 0x84,
    0xD7, 0xFF, 0x65, 0x41, 0x1A, 0x37, 0x9F, 0x07, 0x91, 0x0C, 0x7F, 0x98, 0x41, 0xE4, 0x0F, 0x56,
    0x10, 0xF9, 0x8B, 0xA5, 0x40, 0x94, 0xA1, 0xE1, 0x3E, 0xC3, 0x86, 0xFF, 0xEF, 0xFF, 0xEB, 0x31,
    0x30, 0xB4, 0xEE, 0xCA, 0x62, 0x60, 0x00, 0x00, 0x0E, 0xFD, 0x2C, 0xB9, 0x78, 0x9C, 0x33, 0x66,
    0x30, 0x60, 0x7E, 0xCB, 0x70, 0x81, 0xEF, 0x2F, 0xC3, 0x05, 0xFE, 0x76, 0x86, 0x02, 0x0E, 0x00,
    0x29, 0xD8, 0x05, 0x0D, 0x78, 0x9C, 0x63, 0x60, 0x60, 0x50, 0x70, 0x61, 0x66, 0x00, 0x83, 0xC6,
    0x7F, 0xFF, 0xFF, 0x5B, 0x83, 0x18, 0x0E, 0xEF, 0xCC, 0x19, 0x83, 0x7E, 0x73, 0x02, 0x59, 0xDF,
    0x40, 0x84, 0xC3, 0x39, 0x06, 0x06, 0x83, 0x7A, 0x06, 0x85, 0xF6, 0x70, 0x86, 0x47, 0x5C, 0x0C,
    0x17, 0xB8, 0x18, 0x7E, 0xDE, 0xFF, 0xC7, 0xE2, 0xE0, 0xCF, 0xF0, 0x95, 0xB1, 0x61, 0x3D, 0x48,
    0xF9, 0x69, 0x86, 0x5D, 0x0C, 0x1F, 0xF8, 0x40, 0xAC, 0x2F, 0x8C, 0xB5, 0x0C, 0x5F, 0x40, 0x5A,
    0x18, 0x3E, 0xB0, 0xC4, 0x33, 0x7C, 0x63, 0x07, 0xB3, 0x58, 0xF3, 0x19, 0xBE, 0x42, 0x59, 0xBD,
    0x0C, 0x9F, 0xB9, 0x40, 0xAC, 0x8F, 0xCC, 0x27, 0x19, 0x1E, 0xE8, 0x83, 0x58, 0xDF, 0x18, 0xBE,
    0x30, 0x07, 0xBC, 0x17, 0x75, 0x62, 0x64, 0x58, 0xC3, 0xB0, 0x81, 0x87, 0xE1, 0xE9, 0xFF, 0xFF,
    0xAC, 0x05, 0xFA, 0x0C, 0x02, 0xFB, 0x18, 0x18, 0x9C, 0x54, 0x18, 0xBE, 0xB2, 0x31, 0x30, 0x3C,
    0xB6, 0x01, 0xAA, 0x6A, 0xE8, 0x07, 0x12, 0x0A, 0x7F, 0xAA, 0x5D, 0xA6, 0xBE, 0x63, 0x05, 0x3B,
    0xF0, 0xD5, 0xFF, 0xF3, 0xEC, 0x0C, 0xC8, 0x00, 0x00, 0xC5, 0x94, 0x34, 0x09, 0x78, 0x9C, 0x63,
    0x30, 0x28, 0x73, 0x67, 0x60, 0x60, 0xF8, 0xBB, 0xF7, 0x8F, 0x2C, 0x03, 0x03, 0x13, 0x83, 0x41,
    0x3D, 0x03, 0x08, 0xEC, 0x05, 0xE2, 0xE4, 0x8E, 0x7D, 0x0C, 0x0C, 0x97, 0xCF, 0xAF, 0x3A, 0xCF,
    0x20, 0xB0, 0x9F, 0x91, 0xE1, 0x0C, 0x43, 0x82, 0x3E, 0x03, 0xC3, 0x79, 0x86, 0x02, 0x7D, 0x86,
    0x80, 0xF3, 0x0C, 0x06, 0xEB, 0x05, 0x9F, 0x9D, 0x63, 0x60, 0xF8, 0xF1, 0xDF, 0x6F, 0x15, 0x03,
    0x83, 0x80, 0x09, 0x50, 0xB5, 0x93, 0x0B, 0x10, 0x88, 0xBC, 0x7C, 0x07, 0x04, 0x71, 0x00, 0xE4,
    0xFA, 0x1A, 0xE7, 0x78, 0x9C, 0x63, 0x60, 0x60, 0xD0, 0x64, 0x60, 0x08, 0x60, 0x63, 0x60, 0x38,
    0x24, 0xC7, 0xC0, 0xF0, 0x93, 0x95, 0xC1, 0xE1, 0x1E, 0x13, 0xC3, 0xC1, 0x7C, 0x06, 0x86, 0xEF,
    0x5C, 0x0C, 0x06, 0xEF, 0x98, 0x19, 0x16, 0xD4, 0x33, 0x30, 0x7C, 0x93, 0x66, 0x60, 0xF8, 0xC2,
    0xCC, 0xC0, 0xD0, 0xCF, 0xC0, 0xC0, 0xF0, 0x09, 0xC8, 0x7E, 0x03, 0x64, 0x83, 0xE4, 0x36, 0x02,
    0xE5, 0xC0, 0x6A, 0x7F, 0x70, 0x01, 0x19, 0x3F, 0x38, 0x19, 0x1C, 0xEE, 0x33, 0x02, 0xCD, 0xB2,
    0x67, 0x60, 0xB8, 0xC4, 0x01, 0x14, 0x60, 0x02, 0x62, 0x46, 0x00, 0x14, 0x1D, 0x14, 0x92, 0x78,
    0x9C, 0x7B, 0xF2, 0x0E, 0x04, 0x38, 0x17, 0xAD, 0x02, 0x82, 0x57, 0xFA, 0x0C, 0x20, 0x30, 0x01,
    0x0F, 0x55, 0x20, 0x0F, 0xA6, 0x18, 0x18, 0x01, 0x48, 0x3C, 0x0D, 0x83, 0x78, 0x9C, 0x13, 0x10,
    0x14, 0x64, 0xFC, 0xFB, 0xFF, 0x7F, 0xFD, 0xB4, 0x99, 0x33, 0x2D, 0x01, 0x1F, 0x1E, 0x05, 0xAF,
    0x78, 0x9C, 0x63, 0x60, 0x60, 0x50, 0x70, 0x61, 0x66, 0x00, 0x83, 0xC6, 0x7F, 0xFF, 0xFF, 0x5B,
    0x83, 0x18, 0x0E, 0xEF, 0xCC, 0x19, 0x83, 0x7E, 0x73, 0x02, 0x59, 0xDF, 0x40, 0x84, 0xC3, 0x39,
    0x06, 0x06, 0x83, 0x7A, 0x86, 0xD6, 0x0E, 0x35, 0x86, 0x47, 0x5C, 0x0C, 0x17, 0xB8, 0x12, 0xDE,
    0xDF, 0xF9, 0xCF, 0xE1, 0xE0, 0xCF, 0xF0, 0x95, 0xB1, 0xC1, 0x9E, 0xE1, 0xA2, 0x3E, 0xC3, 0x69,
    0x86, 0x5D, 0x0C, 0x40, 0x56, 0x81, 0x3F, 0xC3, 0x17, 0xC6, 0x5A, 0x10, 0x6B, 0x83, 0x3C, 0xC3,
    0x07, 0x96, 0x78, 0x86, 0x86, 0xF9, 0xD3, 0xFF, 0xB2, 0x32, 0x7C, 0x60, 0xCD, 0x67, 0x68, 0xB8,
    0xFF, 0xC6, 0x9F, 0x01, 0xC8, 0xEA, 0x05, 0xC9, 0xBE, 0x65, 0x60, 0xF8, 0xC8, 0x7C, 0x12, 0xC4,
    0xFA, 0xCA, 0xCE, 0xF0, 0x8D, 0xE1, 0x0B, 0x33, 0x90, 0x75, 0x81, 0x8F, 0x61, 0x0D, 0xC3, 0x06,
    0x9E, 0x02, 0x7D, 0x86, 0x00, 0x7F, 0x20, 0x21, 0xB0, 0x8F, 0x81, 0x91, 0x81, 0x81, 0xF1, 0x2B,
    0x1B, 0x03, 0xC3, 0x63, 0x1B, 0xA0, 0x0B, 0x1A, 0xFA, 0x81, 0x84, 0xC2, 0x9F, 0x6A, 0x97, 0xA9,
    0xEF, 0x58, 0xC1, 0x0E, 0x7C, 0xF5, 0xFF, 0x3C, 0x3B, 0x03, 0x32, 0x00, 0x00, 0x2F, 0x07, 0x38,
    0xE3, 0x78, 0x9C, 0x9B, 0x34, 0x73, 0xE6, 0x4C, 0x8E, 0xA7, 0xEF, 0xDE, 0xBD, 0xE3, 0x05, 0x00,
    0x21, 0x2A, 0x06, 0x22, 0x78, 0x9C, 0x01, 0x24, 0x00, 0xDB, 0xFF, 0x00, 0x73, 0x27, 0x00, 0x90,
    0xFF, 0xFF, 0x07, 0xF6, 0x19, 0xA1, 0x4F, 0xDC, 0x00, 0x00, 0xAE, 0xAD, 0x00, 0x00, 0xCC, 0xEA,
    0x01, 0x20, 0x9F, 0xF3, 0x6D, 0xE7, 0x2F, 0x40, 0xFD, 0xDF, 0x03, 0x00, 0x20, 0x01, 0x00, 0x1A,
    0x12, 0x0E, 0x92, 0x78, 0x9C, 0x63, 0x60, 0x60, 0x50, 0x60, 0x80, 0x80, 0xAF, 0x4C, 0x10, 0xFA,
    0x1B, 0x0B, 0x1E, 0x5A, 0x40, 0x49, 0xE9, 0x87, 0xAA, 0x92, 0x10, 0xC3, 0xCF, 0xFF, 0x60, 0xC0,
    0x5E, 0x5C, 0x5E, 0xFE, 0xBB, 0xB2, 0xBC, 0x9C, 0x91, 0x90, 0x3E, 0x10, 0xCD, 0x0C, 0xA1, 0x0B,
    0x19, 0x90, 0xC0, 0x94, 0x99, 0x60, 0xC0, 0x04, 0x35, 0x8F, 0x0D, 0x00, 0xC0, 0x17, 0x21, 0xDA,
    0x78, 0x9C, 0x63, 0x48, 0x11, 0x61, 0xF8, 0xFA, 0xFF, 0x3D, 0x4B, 0x30, 0xC3, 0x45, 0x3E, 0x06,
    0x86, 0x02, 0x79, 0x06, 0x86, 0x06, 0x7E, 0x06, 0x86, 0x07, 0x5C, 0x0C, 0x0C, 0x3F, 0x99, 0x18,
    0x1A, 0xFC, 0x81, 0x14, 0x2B, 0xC3, 0x02, 0x10, 0x35, 0x67, 0x26, 0xC7, 0xB6, 0xDD, 0xBB, 0xA5,
    0x00, 0x51, 0x11, 0x0E, 0xCD, 0x78, 0x9C, 0x73, 0x74, 0x71, 0x61, 0xFA, 0xF9, 0xFF, 0x3F, 0x3F,
    0x03, 0xC3, 0x37, 0x76, 0x86, 0x84, 0x7A, 0x06, 0x86, 0xEF, 0xAC, 0x0C, 0x0A, 0xEF, 0xA3, 0x18,
    0x18, 0x52, 0x7F, 0x71, 0x32, 0x30, 0x4C, 0x00, 0x8A, 0x07, 0xE8, 0x33, 0x30, 0x2C, 0xE0, 0xDF,
    0x5E, 0xFE, 0x9B, 0x63, 0xD2, 0x99, 0x28, 0x06, 0x00, 0x7B, 0x90, 0x0F, 0x31, 0x78, 0x9C, 0x63,
    0xB8, 0xC1, 0x9C, 0x70, 0x9F, 0xE1, 0x93, 0x1C, 0xC3, 0x6B, 0x66, 0x06, 0x26, 0x06, 0x06, 0x00,
    0x29, 0x24, 0x04, 0x1B, 0x78, 0x9C, 0x7B, 0xC0, 0xCE, 0xC0, 0x90, 0x20, 0xF7, 0x89, 0x8B, 0x81,
    0x61, 0x82, 0x3F, 0x51, 0x24, 0x37, 0x03, 0xC3, 0x01, 0xFF, 0x4F, 0x3C, 0x0C, 0x0C, 0x9F, 0xFD,
    0x3F, 0xE9, 0x33, 0x08, 0xFC, 0xF5, 0xFF, 0xF4, 0x3E, 0xFC, 0x79, 0x8F, 0xFF, 0xA7, 0xBB, 0xFF,
    0xE7, 0x07, 0xE8, 0x7D, 0xE2, 0x32, 0x62, 0x64, 0x60, 0x00, 0xA9, 0x44, 0x25, 0x3F, 0x82, 0xC9,
    0x04, 0x26, 0x10, 0x09, 0x00, 0x6B, 0xF9, 0x22, 0x91, 0x78, 0x9C, 0x63, 0x60, 0x10, 0x70, 0x76,
    0x71, 0x61, 0x62, 0x70, 0xF8, 0xFB, 0xFF, 0xFF, 0xFF, 0x7C, 0x86, 0xEF, 0xFF, 0xFF, 0x47, 0xA6,
    0xCE, 0x77, 0x00, 0xB2, 0xD9, 0x14, 0xD6, 0x1F, 0x80, 0x50, 0x1F, 0x20, 0xD4, 0x47, 0x14, 0x1E,
    0x54, 0x0E, 0xAA, 0x12, 0xA4, 0x0F, 0x44, 0x05, 0xFC, 0x05, 0x53, 0x0C, 0x02, 0x3F, 0xC0, 0x14,
    0xC3, 0x37, 0x32, 0xA9, 0xAF, 0xAC, 0x02, 0xF3, 0x81, 0x54, 0x02, 0x03, 0x83, 0x1A, 0x00, 0x47,
    0xDF, 0x42, 0xB7, 0x78, 0x9C, 0xFB, 0xCA, 0xF6, 0x93, 0xFB, 0x27, 0x57, 0x21, 0x23, 0x00, 0x12,
    0xCC, 0x03, 0x75, 0x78, 0x9C, 0x63, 0x60, 0x38, 0xC0, 0xC9, 0xC0, 0xD0, 0xA0, 0x0F, 0xC4, 0xF1,
    0x4A, 0x02, 0x4F, 0xF5, 0x7F, 0xFE, 0xFF, 0xCF, 0x1E, 0x50, 0x2E, 0xCA, 0x00, 0x00, 0x4D, 0xD5,
    0x07, 0x78, 0x78, 0x9C, 0x63, 0x10, 0x60, 0x64, 0xF8, 0xC9, 0x7B, 0xE0, 0x3D, 0xDF, 0x8B, 0xC5,
    0x7C, 0xC2, 0x0B, 0xF8, 0x18, 0x30, 0x91, 0x03, 0x3B, 0x00, 0xC5, 0x31, 0x09, 0x8A, 0x78, 0x9C,
    0x63, 0x60, 0x28, 0x35, 0x67, 0x60, 0x60, 0x78, 0x7C, 0xFE, 0x8F, 0x0C, 0x83, 0xC0, 0x3E, 0x06,
    0x85, 0x73, 0x0C, 0x0D, 0xF2, 0x0C, 0x0C, 0x5F, 0x59, 0x0E, 0xF0, 0x32, 0x30, 0x7C, 0xE4, 0x78,
    0xC0, 0xCD, 0xC0, 0xF0, 0x81, 0xEB, 0x02, 0x88, 0xE4, 0xDC, 0x00, 0x12, 0x61, 0x2F, 0xB0, 0x67,
    0x60, 0xF8, 0xCE, 0xCC, 0x70, 0x97, 0x39, 0x60, 0x3D, 0x03, 0xC3, 0xC6, 0xFF, 0xFF, 0x39, 0x81,
    0x9A, 0x1D, 0x85, 0x19, 0x18, 0x9C, 0x5C, 0x80, 0x40, 0xE4, 0xE5, 0x3B, 0x20, 0x88, 0x03, 0x00,
    0x15, 0x6F, 0x1A, 0xF8, 0x78, 0x9C, 0x0B, 0x63, 0x60, 0x50, 0xE0, 0x64, 0x60, 0x60, 0xF8, 0xCA,
    0xC9, 0x20, 0x70, 0x8E, 0x89, 0x81, 0x21, 0xE1, 0x3C, 0x23, 0xC3, 0x25, 0x3F, 0xA0, 0xC0, 0x63,
    0x3B, 0x06, 0x86, 0xDF, 0xEC, 0x0C, 0x0C, 0x02, 0xBF, 0xD9, 0x18, 0x0A, 0xD6, 0x03, 0x05, 0x1A,
    0xF8, 0x19, 0x18, 0x3E, 0xB3, 0x00, 0x25, 0x78, 0x80, 0x62, 0x4C, 0x0C, 0x05, 0xFB, 0x19, 0xC1,
    0x6A, 0x7E, 0x71, 0x30, 0x24, 0x00, 0x99, 0x17, 0xFD, 0x19, 0x18, 0x7E, 0x72, 0x30, 0x30, 0xDC,
    0x60, 0x62, 0x30, 0x88, 0x07, 0xAA, 0x66, 0x04, 0x62, 0xA0, 0x71, 0x0C, 0x00, 0x16, 0x77, 0x14,
    0x83, 0x78, 0x9C, 0x63, 0x60, 0x60, 0x66, 0x00, 0x01, 0x26, 0x06, 0x86, 0x4B, 0xF5, 0x20, 0x46,
    0x81, 0x3D, 0x83, 0xC3, 0xFD, 0x7E, 0x10, 0xEB, 0x33, 0x27, 0xC3, 0x03, 0x29, 0x30, 0xEB, 0x2D,
    0x03, 0x83, 0x83, 0x00, 0x88, 0xD5, 0xE0, 0x0F, 0x24, 0xC0, 0x2C, 0xA0, 0x24, 0x94, 0x75, 0x97,
    0x01, 0xCA, 0x9A, 0x60, 0x0F, 0x63, 0x7D, 0xE1, 0x60, 0x58, 0x0D, 0x61, 0xDD, 0x63, 0x58, 0x70,
    0x1F, 0xCC, 0x5A, 0x60, 0xCF, 0xF0, 0xEC, 0x36, 0x50, 0xDA, 0x82, 0xE1, 0x0B, 0xBB, 0x82, 0xFF,
    0x2D, 0xB0, 0xCA, 0x73, 0x0C, 0x17, 0x38, 0xC0, 0xAC, 0x05, 0xFA, 0x0C, 0x27, 0x19, 0xC0, 0xAC,
    0xAF, 0xEC, 0x0E, 0xFA, 0x60, 0x16, 0x50, 0xF2, 0xC0, 0xBA, 0x55, 0xFF, 0xA2, 0x18, 0x18, 0x36,
    0xE8, 0x33, 0x24, 0xCC, 0x9C, 0xF9, 0xD7, 0x93, 0x81, 0xE1, 0x1B, 0x1B, 0x48, 0x09, 0x48, 0x76,
    0x2E, 0xD8, 0xCD, 0xCB, 0x19, 0x00, 0x42, 0xD6, 0x2A, 0xBC, 0x78, 0x9C, 0x63, 0x60, 0x60, 0x66,
    0x00, 0x02, 0x05, 0x20, 0xBE, 0x54, 0x0F, 0x62, 0x7D, 0x63, 0x65, 0x70, 0xB8, 0xDF, 0x0F, 0x12,
    0xDA, 0xCF, 0xC0, 0xF0, 0x40, 0x0A, 0xC4, 0x3A, 0x20, 0xC7, 0xC0, 0xE0, 0x20, 0x00, 0x62, 0x7D,
    0x67, 0x05, 0x12, 0x20, 0x96, 0xC2, 0x7A, 0x06, 0x28, 0x0B, 0x24, 0x09, 0x61, 0xFD, 0x60, 0x81,
    0xB2, 0x0C, 0xE6, 0x2F, 0xF8, 0x77, 0x9E, 0x19, 0xC4, 0xBA, 0xC0, 0xBB, 0xC9, 0xED, 0xAA, 0x1C,
    0x88, 0x05, 0x92, 0x74, 0x88, 0x67, 0x60, 0xB0, 0x30, 0x98, 0x0F, 0x54, 0x64, 0x00, 0x64, 0x01,
    0x25, 0x81, 0x44, 0x83, 0x3C, 0x90, 0xF8, 0x09, 0x72, 0xC3, 0x27, 0x4E, 0xA0, 0x0A, 0x90, 0x25,
    0x02, 0x67, 0x81, 0xC4, 0x43, 0x90, 0xE4, 0x25, 0x59, 0x20, 0xF1, 0x8B, 0x09, 0xA8, 0xFE, 0x1C,
    0x23, 0x03, 0x43, 0x00, 0xC8, 0x7D, 0x9F, 0xE3, 0x5C, 0x58, 0x18, 0x0E, 0x70, 0x81, 0x1C, 0xFA,
    0xFF, 0x7F, 0x3C, 0x00, 0xE2, 0xF4, 0x28, 0x56, 0x78, 0x9C, 0x73, 0x74, 0x71, 0x61, 0x62, 0x60,
    0x60, 0x10, 0x60, 0x64, 0xF8, 0xF5, 0xFF, 0x3F, 0x1F, 0x90, 0xF5, 0x85, 0x1D, 0x48, 0x7C, 0x63,
    0x03, 0x0A, 0x9D, 0x03, 0x32, 0x12, 0xF2, 0x81, 0xC4, 0x02, 0x7D, 0x20, 0xF1, 0x9D, 0x15, 0x48,
    0x7C, 0x05, 0x4A, 0x1A, 0xBC, 0x8F, 0x84, 0x4A, 0x32, 0xA4, 0xFE, 0xE2, 0x64, 0xD8, 0x00, 0x92,
    0x64, 0x60, 0x98, 0xC0, 0x0F, 0xD6, 0x04, 0xD2, 0xA2, 0x2F, 0xB0, 0x9F, 0x61, 0x03, 0x17, 0x48,
    0x1F, 0xFF, 0x06, 0x79, 0x86, 0x5F, 0xBC, 0x0C, 0xDB, 0xCB, 0x7F, 0x73, 0x7C, 0x63, 0x4D, 0xD8,
    0xC7, 0xCB, 0x30, 0xE9, 0x8C, 0x97, 0xC2, 0x7E, 0x86, 0x4F, 0x4B, 0x78, 0x41, 0x0A, 0x0F, 0xC8,
    0x31, 0xF4, 0x2E, 0x00, 0xB3, 0xBE, 0xB3, 0x4E, 0xE0, 0x01, 0xB3, 0x14, 0xD6, 0x33, 0x7C, 0x61,
    0x02, 0xB3, 0x80, 0x92, 0x6F, 0x56, 0xBD, 0x5A, 0x0F, 0xB4, 0xF4, 0x07, 0x0B, 0xC3, 0xB4, 0x99,
    0x37, 0xE7, 0xB3, 0x30, 0x18, 0xCC, 0x07, 0xA9, 0x05, 0xC9, 0x2E, 0xE0, 0x06, 0xB1, 0x0A, 0xB8,
    0x18, 0x00, 0xD0, 0x42, 0x2E, 0xCD, 0x78, 0x9C, 0x63, 0x60, 0x60, 0x78, 0xC8, 0xCD, 0x00, 0x02,
    0x9F, 0xF9, 0xC1, 0xD4, 0x43, 0x1E, 0x06, 0x4C, 0xB0, 0x80, 0x1D, 0x4C, 0x7D, 0x85, 0xA8, 0xFC,
    0xC3, 0x06, 0x22, 0x0B, 0xEE, 0x83, 0x39, 0x3F, 0xF4, 0x40, 0xE4, 0xA5, 0xFD, 0x8C, 0x40, 0x52,
    0xE1, 0x1F, 0x58, 0xDD, 0x85, 0x7C, 0x88, 0x81, 0x7C, 0xC8, 0x9A, 0xBE, 0x40, 0x78, 0x17, 0xCE,
    0xB3, 0x30, 0x28, 0x4C, 0x65, 0x52, 0xF8, 0xFB, 0x1F, 0x08, 0x58, 0x18, 0x1C, 0x56, 0xEC, 0xEE,
    0x52, 0x65, 0x00, 0x00, 0xAB, 0x43, 0x18, 0xBC, 0x78, 0x9C, 0x63, 0x60, 0xB8, 0x20, 0xC5, 0x00,
    0x06, 0x0D, 0xFB, 0x21, 0x34, 0xC3, 0x6F, 0x36, 0x08, 0x7D, 0x40, 0x1E, 0x2A, 0xC0, 0x0C, 0xA1,
    0x04, 0x98, 0x20, 0xF4, 0xE7, 0x78, 0x08, 0xFD, 0xEB, 0x1E, 0x84, 0xDE, 0xFF, 0x13, 0xAC, 0x20,
    0x20, 0xFF, 0x0B, 0x07, 0x88, 0xDE, 0x20, 0xFF, 0x80, 0x0F, 0x44, 0x7F, 0xE4, 0x9E, 0x60, 0x0F,
    0xA2, 0xBF, 0xB1, 0x39, 0xCC, 0x07, 0xD1, 0x7F, 0x18, 0x19, 0xDE, 0x83, 0x4C, 0x01, 0x5A, 0xF3,
    0x8B, 0x85, 0x81, 0xA1, 0x20, 0x9F, 0x81, 0xE1, 0x2B, 0x17, 0x03, 0xC3, 0x05, 0xA0, 0x2D, 0x1F,
    0xF8, 0x19, 0x18, 0x3E, 0xBD, 0x7F, 0xF7, 0xEE, 0x1F, 0xD0, 0xE4, 0x1F, 0x6B, 0x56, 0xAD, 0x3A,
    0x05, 0x54, 0xF3, 0x97, 0x11, 0xA8, 0xF8, 0x3F, 0xA3, 0xC1, 0x79, 0xB0, 0x55, 0x6C, 0x13, 0xF2,
    0x41, 0xF4, 0x57, 0xEE, 0x07, 0x60, 0x47, 0x7D, 0x90, 0x7F, 0x08, 0xB6, 0xAB, 0x40, 0x1F, 0x00,
    0x0D, 0x58, 0x2A, 0xD4, 0x78, 0x9C, 0x63, 0x60, 0x60, 0x60, 0x98, 0xA0, 0xC7, 0x00, 0x06, 0x3F,
    0xB9, 0xC1, 0x94, 0xC3, 0x7D, 0x46, 0x30, 0x7D, 0x01, 0x2A, 0xAC, 0x00, 0xA1, 0x18, 0x04, 0x98,
    0x20, 0xF4, 0xE7, 0x78, 0x08, 0xFD, 0xEB, 0x1E, 0x84, 0xDE, 0xFF, 0x93, 0x19, 0x44, 0x05, 0xE4,
    0x7F, 0xE1, 0x00, 0xD1, 0x1B, 0xE4, 0x1F, 0xF0, 0x81, 0xE8, 0x8F, 0xDC, 0x13, 0xEC, 0x41, 0xF4,
    0x37, 0x36, 0x87, 0xF9, 0x20, 0xFA, 0x0F, 0x23, 0xC3, 0x7B, 0x90, 0x29, 0xFB, 0x81, 0x3A, 0x59,
    0x18, 0x18, 0x0A, 0xF2, 0x19, 0x18, 0xBE, 0x72, 0x01, 0x6D, 0x91, 0x67, 0x60, 0xF8, 0xC0, 0xCF,
    0xC0, 0xF0, 0xE9, 0xFD, 0xBB, 0x77, 0xFF, 0x80, 0x26, 0xFF, 0x58, 0xB3, 0x6A, 0xD5, 0x29, 0xA0,
    0x9A, 0xBF, 0x20, 0x47, 0xFC, 0x67, 0x34, 0x38, 0x0F, 0xB6, 0x8A, 0x6D, 0x42, 0x3E, 0x88, 0xFE,
    0xCA, 0xFD, 0x40, 0x1E, 0x44, 0x7F, 0x90, 0x7F, 0x08, 0xB6, 0xAB, 0x40, 0x1F, 0x00, 0xF9, 0x9B,
    0x2A, 0xC8, 0x78, 0x9C, 0x63, 0x60, 0x60, 0xB8, 0xD6, 0xCB, 0x00, 0x02, 0x09, 0xEB, 0xBF, 0x73,
    0x82, 0xE8, 0x2F, 0xBC, 0x1B, 0xEA, 0x41, 0xF4, 0x3B, 0x26, 0x81, 0x3F, 0x4C, 0x40, 0x1A, 0x88,
    0x15, 0xC0, 0x0A, 0x04, 0x98, 0xC0, 0x14, 0xC3, 0xE7, 0x78, 0x08, 0xFD, 0xEB, 0x1E, 0x84, 0xDE,
    0xFF, 0x93, 0x19, 0x44, 0x05, 0xE4, 0x7F, 0xE1, 0x00, 0xD1, 0x1B, 0xE4, 0x1F, 0xF0, 0x81, 0xE8,
    0x8F, 0xDC, 0x13, 0xEC, 0x41, 0xF4, 0x37, 0x36, 0x87, 0xF9, 0x20, 0xFA, 0x0F, 0x23, 0xC3, 0x7B,
    0x90, 0x29, 0xFB, 0x81, 0x3A, 0x59, 0x18, 0x18, 0x0A, 0xF2, 0x19, 0x18, 0xBE, 0x72, 0x31, 0x30,
    0x5C, 0x90, 0x67, 0x60, 0xF8, 0xC0, 0xCF, 0xC0, 0xF0, 0xE9, 0xFD, 0xBB, 0x77, 0xFF, 0x80, 0x26,
    0xFF, 0x58, 0xB3, 0x6A, 0xD5, 0x29, 0xA0, 0x9A, 0xBF, 0x8C, 0x40, 0xC5, 0xFF, 0x19, 0x0D, 0xCE,
    0x83, 0xAD, 0x62, 0x9B, 0x90, 0x0F, 0xA2, 0xBF, 0x72, 0x3F, 0x90, 0x07, 0xD1, 0x1F, 0xE4, 0x1F,
    0x82, 0xED, 0x2A, 0xD0, 0x07, 0x00, 0x8E, 0x26, 0x2E, 0x8A, 0x78, 0x9C, 0x63, 0x60, 0x28, 0x62,
    0x61, 0x10, 0x60, 0x60, 0x60, 0x10, 0xF8, 0x7F, 0x9F, 0xE5, 0x02, 0x17, 0x03, 0x43, 0x82, 0xFF,
    0xA2, 0xFD, 0x3F, 0xD9, 0x19, 0x18, 0x02, 0x78, 0x19, 0xB6, 0x9C, 0x67, 0x64, 0x40, 0x02, 0x02,
    0x4C, 0x10, 0xFA, 0x73, 0x3C, 0x84, 0xFE, 0x75, 0x0F, 0x42, 0xEF, 0xFF, 0xC9, 0x0C, 0xA2, 0x02,
    0xF2, 0xBF, 0x70, 0x80, 0xE8, 0x0D, 0xF2, 0x0F, 0xF8, 0x40, 0xF4, 0x47, 0xEE, 0x09, 0xF6, 0x20,
    0xFA, 0x1B, 0x9B, 0xC3, 0x7C, 0x10, 0xFD, 0x87, 0x91, 0xE1, 0x3D, 0xC8, 0x94, 0xFD, 0x40, 0x9D,
    0x2C, 0x0C, 0x0C, 0x05, 0xF9, 0x0C, 0x0C, 0x5F, 0x81, 0xF6, 0x5D, 0x90, 0x67, 0x60, 0xF8, 0xC0,
    0xCF, 0xC0, 0xF0, 0xE9, 0xFD, 0xBB, 0x77, 0xFF, 0x80, 0x26, 0xFF, 0x58, 0xB3, 0x6A, 0xD5, 0x29,
    0xA0, 0x9A, 0xBF, 0x20, 0xBB, 0xFF, 0x33, 0x1A, 0x9C, 0x07, 0x5B, 0xC5, 0x36, 0x21, 0x1F, 0x44,
    0x7F, 0xE5, 0x7E, 0x20, 0x0F, 0xA2, 0x3F, 0xC8, 0x3F, 0x04, 0xDB, 0x55, 0xA0, 0x0F, 0x00, 0xE0,
    0x11, 0x2F, 0x0B, 0x78, 0x9C, 0x63, 0x60, 0x08, 0x60, 0x60, 0x60, 0x65, 0x00, 0x82, 0x2F, 0xEC,
    0x0E, 0xF5, 0x20, 0xFA, 0x2B, 0x47, 0x40, 0x3F, 0x88, 0x5E, 0xC8, 0x2C, 0x60, 0xC5, 0x80, 0x0C,
    0x04, 0x98, 0x20, 0xF4, 0xE7, 0x78, 0x08, 0xFD, 0xEB, 0x1E, 0x84, 0xDE, 0xFF, 0x93, 0x19, 0x44,
    0x05, 0xE4, 0x7F, 0xE1, 0x00, 0xD1, 0x1B, 0xE4, 0x1F, 0xF0, 0x81, 0xE8, 0x8F, 0xDC, 0x13, 0xEC,
    0x41, 0xF4, 0x37, 0x36, 0x87, 0xF9, 0x20, 0xFA, 0x0F, 0x23, 0xC3, 0x7B, 0x90, 0x29, 0xFB, 0x81,
    0x3A, 0x59, 0x18, 0x18, 0x0A, 0xF2, 0x81, 0x56, 0x71, 0x31, 0x30, 0x5C, 0x90, 0x67, 0x60, 0xF8,
    0xC0, 0xCF, 0xC0, 0xF0, 0xE9, 0xFD, 0xBB, 0x77, 0xFF, 0x80, 0x26, 0xFF, 0x58, 0xB3, 0x6A, 0xD5,
    0x29, 0xA0, 0x9A, 0xBF, 0x8C, 0x40, 0xC5, 0xFF, 0x19, 0x0D, 0xCE, 0x83, 0xAD, 0x62, 0x9B, 0x00,
    0x71, 0x1B, 0xF7, 0x03, 0x79, 0x10, 0xFD, 0x41, 0xFE, 0x21, 0xD8, 0xAE, 0x02, 0x7D, 0x00, 0x92,
    0x09, 0x2B, 0xB1, 0x78, 0x9C, 0x63, 0x60, 0x60, 0x30, 0x60, 0x66, 0x00, 0x01, 0x81, 0x3F, 0xEF,
    0xC0, 0x8C, 0x05, 0xDC, 0x0D, 0xBC, 0x20, 0xFA, 0x01, 0x33, 0x83, 0x3C, 0x88, 0xBE, 0xC0, 0x66,
    0xC0, 0x0F, 0xA2, 0x13, 0xEA, 0x9F, 0x71, 0x80, 0x15, 0x6E, 0xCD, 0x61, 0x80, 0x68, 0x60, 0x82,
    0xD0, 0x9F, 0xE3, 0x21, 0xF4, 0xAF, 0x7B, 0x10, 0x7A, 0xFF, 0x4F, 0xB0, 0x39, 0x01, 0xF9, 0x5F,
    0xC0, 0xEA, 0x37, 0xC8, 0x3F, 0xE0, 0x03, 0xD1, 0x1F, 0xB9, 0x27, 0xD8, 0x83, 0xE8, 0x6F, 0x6C,
    0x0E, 0xF3, 0x41, 0xF4, 0x1F, 0x46, 0x86, 0xF7, 0x20, 0x53, 0xF6, 0x03, 0x75, 0xB2, 0x30, 0x30,
    0x14, 0xE4, 0x33, 0x30, 0x7C, 0xE5, 0x02, 0x5A, 0x07, 0xB4, 0xF4, 0x03, 0xD0, 0xC2, 0x4F, 0xEF,
    0xDF, 0xBD, 0xFB, 0x07, 0x34, 0xF9, 0xC7, 0x9A, 0x55, 0xAB, 0x4E, 0x01, 0xD5, 0xFC, 0x65, 0x04,
    0x2A, 0xFE, 0xCF, 0x68, 0x70, 0x1E, 0x6C, 0x15, 0xDB, 0x84, 0x7A, 0x10, 0xFD, 0x95, 0xFB, 0x01,
    0xD8, 0x8D, 0x1F, 0xE4, 0x1F, 0x82, 0xED, 0x2A, 0xD0, 0x07, 0x00, 0x22, 0x6B, 0x2F, 0x45, 0x78,
    0x9C, 0x63, 0x60, 0x60, 0x60, 0x70, 0x76, 0x71, 0x71, 0x51, 0x01, 0xD2, 0x0C, 0x17, 0xFE, 0x83,
    0x00, 0x88, 0xF5, 0xED, 0x45, 0x7F, 0x5A, 0x9A, 0x1B, 0x88, 0xF5, 0xE6, 0x80, 0x3E, 0x03, 0x18,
    0x28, 0xF4, 0xC3, 0x58, 0x0D, 0xF6, 0x30, 0xD6, 0x03, 0x5E, 0x18, 0xEB, 0x0B, 0x07, 0x8C, 0xF5,
    0x93, 0xE9, 0xC0, 0xFE, 0x55, 0xAB, 0x2C, 0x81, 0xAC, 0xFB, 0x0C, 0x07, 0x80, 0xC6, 0xE5, 0x33,
    0x30, 0x04, 0xD4, 0x33, 0x40, 0x65, 0x37, 0xE8, 0xC3, 0x58, 0x1F, 0xDF, 0xBF, 0xFB, 0x07, 0x61,
    0x7D, 0x5F, 0xB3, 0xEA, 0x17, 0x84, 0xF5, 0x87, 0x11, 0x2A, 0xAB, 0xB0, 0x9F, 0x01, 0xCA, 0x6A,
    0xC8, 0x87, 0xB1, 0x1E, 0xC8, 0x03, 0x59, 0x40, 0x93, 0xBB, 0x18, 0x1E, 0xB2, 0x03, 0x8D, 0x04,
    0x9A, 0xFC, 0x9E, 0x01, 0x00, 0x7D, 0x99, 0x36, 0x93, 0x78, 0x9C, 0x63, 0x60, 0x50, 0x28, 0x4B,
    0x17, 0x61, 0x60, 0x70, 0xF8, 0xF3, 0xFF, 0xFF, 0x7B, 0x06, 0x86, 0x6F, 0xFB, 0xCD, 0x9C, 0xA7,
    0x33, 0x3A, 0xFC, 0x67, 0x65, 0x00, 0x82, 0x0B, 0xF5, 0x20, 0x92, 0xE1, 0x0B, 0x2F, 0x98, 0xFA,
    0xC9, 0x0E, 0xA6, 0xFE, 0xB0, 0x80, 0xA9, 0x7F, 0x8C, 0x60, 0xEA, 0x3F, 0x03, 0x84, 0x82, 0xF0,
    0xFE, 0x31, 0x41, 0x94, 0x80, 0x75, 0x33, 0xFC, 0xE0, 0x04, 0x53, 0x9F, 0xE4, 0xC1, 0xD4, 0x86,
    0xF5, 0x60, 0x4A, 0xE0, 0x9F, 0x14, 0x98, 0x7E, 0xF4, 0xBF, 0xAA, 0xFD, 0x16, 0x33, 0x03, 0xC3,
    0x8B, 0xFF, 0xFF, 0xCF, 0x83, 0x34, 0x27, 0xF6, 0x43, 0x4C, 0xBA, 0x0B, 0xA1, 0xFE, 0x00, 0xB1,
    0x03, 0x63, 0xE1, 0x7D, 0x20, 0xF5, 0xE0, 0xFF, 0x7F, 0x3B, 0x90, 0xC6, 0x32, 0x77, 0x20, 0x09,
    0x00, 0x92, 0x79, 0x26, 0xE5, 0x78, 0x9C, 0x63, 0xD8, 0xA0, 0xC3, 0x00, 0x04, 0x09, 0xF7, 0x41,
    0x24, 0xC3, 0x4F, 0x4E, 0x10, 0xB9, 0xC0, 0x1E, 0xCC, 0x61, 0x62, 0x60, 0x30, 0x70, 0x71, 0x71,
    0x31, 0x61, 0xF8, 0xF5, 0x1F, 0x08, 0xB8, 0xFE, 0x66, 0xA4, 0xA5, 0xA5, 0x31, 0xFD, 0x63, 0x02,
    0x49, 0xE1, 0x24, 0x57, 0xAF, 0x5A, 0x35, 0x8B, 0xE1, 0x1F, 0x50, 0xF9, 0x7B, 0x42, 0x2A, 0x91,
    0xC8, 0xBF, 0x40, 0x5D, 0xAB, 0x58, 0xBF, 0x83, 0x6C, 0xE1, 0x04, 0x00, 0x8E, 0x2A, 0x29, 0xF2,
    0x78, 0x9C, 0x63, 0x60, 0x50, 0xD8, 0xC3, 0x00, 0x04, 0x17, 0xF2, 0x41, 0xE4, 0x4F, 0x4E, 0x20,
    0x61, 0xB0, 0x1E, 0xC4, 0x64, 0x60, 0x02, 0x31, 0x5D, 0x5C, 0x5C, 0x4C, 0x18, 0x7E, 0xFD, 0x07,
    0x02, 0xAE, 0xBF, 0x19, 0x69, 0x69, 0x69, 0x4C, 0xFF, 0x40, 0xC2, 0x0C, 0x38, 0xC9, 0xD5, 0xAB,
    0x56, 0xCD, 0x62, 0xF8, 0x07, 0x54, 0xFE, 0x9E, 0x90, 0x4A, 0x24, 0xF2, 0x2F, 0x50, 0xD7, 0x2A,
    0xD6, 0xEF, 0x20, 0x5B, 0x38, 0x01, 0x8C, 0x60, 0x29, 0xF2, 0x78, 0x9C, 0x63, 0x50, 0x78, 0xAD,
    0xCD, 0xC0, 0xC0, 0xF0, 0xD0, 0xEE, 0x1D, 0x23, 0x03, 0xC3, 0x5F, 0x96, 0x2F, 0x3C, 0x0C, 0x13,
    0xEA, 0x19, 0x0A, 0xFA, 0x19, 0x04, 0x80, 0x5C, 0x41, 0x06, 0x03, 0x17, 0x17, 0x17, 0x13, 0x86,
    0x5F, 0xFF, 0x81, 0x80, 0xEB, 0x6F, 0x46, 0x5A, 0x5A, 0x1A, 0xD3, 0x3F, 0x26, 0xA0, 0x6A, 0x06,
    0x9C, 0xE4, 0xEA, 0x55, 0xAB, 0x66, 0x31, 0xFC, 0x03, 0x2A, 0x7F, 0x4F, 0x48, 0x25, 0x12, 0xF9,
    0x17, 0xA8, 0x6B, 0x15, 0xEB, 0x77, 0x90, 0x2D, 0x9C, 0x00, 0x50, 0x4F, 0x2D, 0x69, 0x78, 0x9C,
    0x63, 0x30, 0x66, 0x30, 0x60, 0x66, 0x60, 0x78, 0xC7, 0xF0, 0x80, 0x0F, 0x46, 0x96, 0x33, 0x14,
    0xB0, 0x33, 0x40, 0x80, 0x81, 0x8B, 0x8B, 0x8B, 0x09, 0xC3, 0xAF, 0xFF, 0x40, 0xC0, 0xF5, 0x37,
    0x23, 0x2D, 0x2D, 0x8D, 0xE9, 0x1F, 0x13, 0x48, 0x1C, 0x27, 0xB9, 0x7A, 0xD5, 0xAA, 0x59, 0x0C,
    0xFF, 0x80, 0xCA, 0xDF, 0x13, 0x52, 0x89, 0x44, 0xFE, 0x05, 0xEA, 0x5A, 0xC5, 0xFA, 0x1D, 0x64,
    0x0B, 0x27, 0x00, 0x14, 0x4D, 0x2B, 0x00, 0x78, 0x9C, 0xBB, 0x28, 0xC5, 0x30, 0x61, 0x3F, 0x03,
    0xC3, 0x1F, 0x56, 0x86, 0x8B, 0x7C, 0x0C, 0x0C, 0x4C, 0x0C, 0x0C, 0xCC, 0x0C, 0x0D, 0xF5, 0x0C,
    0x13, 0xFA, 0x49, 0x43, 0x01, 0xFE, 0x00, 0x2D, 0xDB, 0x17, 0xAE, 0x78, 0x9C, 0x63, 0x48, 0xC8,
    0x65, 0xF8, 0xA2, 0xC7, 0xF0, 0x8F, 0xB9, 0x21, 0x9E, 0x41, 0x80, 0x11, 0x84, 0x3E, 0xF0, 0x31,
    0x7C, 0xE2, 0x27, 0x01, 0x7D, 0xE4, 0x67, 0xB8, 0xC0, 0xC3, 0x00, 0x00, 0x06, 0x20, 0x15, 0xDB,
    0x78, 0x9C, 0x63, 0xD8, 0xB4, 0x8F, 0x89, 0x41, 0xE0, 0xDD, 0x63, 0x3D, 0x86, 0x03, 0xF1, 0x0E,
    0xF7, 0x19, 0x7E, 0xB0, 0x33, 0x7C, 0xE7, 0x14, 0x64, 0x60, 0x10, 0x60, 0x64, 0x60, 0x60, 0x66,
    0x60, 0x60, 0x28, 0xA8, 0x07, 0x12, 0x0D, 0xF3, 0xA9, 0x4B, 0x38, 0xC4, 0x33, 0x30, 0x00, 0x00,
    0xF2, 0x44, 0x1B, 0x62, 0x78, 0x9C, 0x0B, 0x60, 0x60, 0x60, 0xFD, 0xC6, 0x9A, 0x10, 0xFF, 0x9D,
    0xAD, 0x20, 0x7F, 0x13, 0x93, 0x82, 0x36, 0x03, 0x08, 0x08, 0x30, 0x32, 0x30, 0x7C, 0xE0, 0x63,
    0x60, 0xF8, 0xC8, 0x4F, 0x19, 0xBE, 0xC0, 0xC3, 0x00, 0x00, 0x4E, 0xAF, 0x16, 0xD6, 0x78, 0x9C,
    0x63, 0x60, 0x08, 0x2C, 0x4F, 0x17, 0x61, 0x00, 0x81, 0x7F, 0xFF, 0xFF, 0xFF, 0xF7, 0x06, 0xD2,
    0x06, 0xEF, 0x4D, 0x9C, 0xB7, 0xFD, 0xE7, 0x00, 0x32, 0xCE, 0x03, 0x79, 0x8F, 0xEB, 0xA1, 0x0C,
    0x85, 0xFF, 0x8C, 0x10, 0x06, 0xC3, 0x0F, 0x76, 0x28, 0xE3, 0x13, 0x0F, 0x94, 0xF1, 0x81, 0xDF,
    0xA0, 0xF4, 0x7D, 0xA8, 0x2B, 0x03, 0xC3, 0x05, 0xFE, 0x0F, 0x40, 0x53, 0xFE, 0xB3, 0x30, 0x1C,
    0x90, 0x57, 0x28, 0x79, 0xEF, 0x62, 0x02, 0x14, 0x91, 0x87, 0xAA, 0x79, 0xC0, 0x0F, 0x65, 0x7C,
    0xE4, 0x85, 0x32, 0xBE, 0x70, 0x41, 0x19, 0xBF, 0x59, 0x20, 0x8C, 0x80, 0xFB, 0x50, 0xBB, 0xBE,
    0xEB, 0x83, 0xEC, 0xAB, 0x68, 0x7F, 0xF5, 0x9E, 0x19, 0x24, 0xFD, 0xFF, 0xFF, 0x79, 0x76, 0x90,
    0x3A, 0x01, 0x63, 0x65, 0x10, 0x05, 0x00, 0xA5, 0x1A, 0x33, 0x84, 0x78, 0x9C, 0x63, 0x48, 0x10,
    0x63, 0x60, 0x60, 0x62, 0x60, 0xF8, 0xF9, 0x5F, 0x32, 0x41, 0x9E, 0x81, 0xE1, 0x5C, 0xC2, 0xBB,
    0x1B, 0xFC, 0x0C, 0x0C, 0xB9, 0x0C, 0x0D, 0xEF, 0x58, 0x19, 0xA0, 0x40, 0x11, 0x44, 0x08, 0x30,
    0xFE, 0xE1, 0x00, 0x52, 0x17, 0xF8, 0xFF, 0xD9, 0x03, 0xA9, 0x07, 0xFC, 0xFF, 0xCE, 0x43, 0xA8,
    0x5F, 0x6C, 0x60, 0xEA, 0x91, 0x1C, 0x98, 0x4A, 0x9C, 0x0F, 0xA6, 0x18, 0xFF, 0x30, 0x81, 0xA9,
    0xCF, 0xDC, 0x60, 0x6A, 0x42, 0x3C, 0x98, 0x12, 0x78, 0x0F, 0xA6, 0x18, 0xBE, 0x73, 0x80, 0xA9,
    0x0B, 0xFA, 0x60, 0xCA, 0x61, 0x3F, 0x98, 0x62, 0xF8, 0xF5, 0x04, 0x4C, 0x7D, 0xFC, 0x0B, 0xA6,
    0x0A, 0xFE, 0x83, 0x29, 0x86, 0xBF, 0xFC, 0xB7, 0x40, 0xB6, 0x5F, 0xE6, 0x01, 0x00, 0xF9, 0x36,
    0x38, 0x42, 0x78, 0x9C, 0x63, 0x60, 0x78, 0xC4, 0xC9, 0x00, 0x06, 0x1B, 0xE6, 0x43, 0x68, 0x86,
    0xBF, 0x2C, 0x10, 0xFA, 0x12, 0x2F, 0x54, 0x80, 0x09, 0x4C, 0x2A, 0x94, 0x86, 0x33, 0x02, 0x29,
    0x83, 0x3F, 0xFF, 0xFF, 0xEF, 0x07, 0x8A, 0x7C, 0x5B, 0x6F, 0x9A, 0xFC, 0xDB, 0x9F, 0xC1, 0xE1,
    0x3F, 0x50, 0x75, 0xC0, 0x7F, 0xA6, 0x0B, 0xF1, 0x20, 0x35, 0xDF, 0xB9, 0xBF, 0xF0, 0x80, 0xE8,
    0x07, 0xFA, 0x3F, 0xD9, 0x41, 0xF4, 0x84, 0xFA, 0x3F, 0xCC, 0x20, 0x3A, 0x61, 0xFD, 0x3F, 0x90,
    0x5E, 0x06, 0x87, 0xF3, 0xFF, 0xC1, 0xB4, 0xC1, 0x7D, 0x28, 0x7D, 0xFE, 0x1F, 0xD8, 0x70, 0x87,
    0xFD, 0x7F, 0xC0, 0x96, 0x16, 0xCC, 0xFF, 0xC1, 0x01, 0x76, 0x4B, 0xFE, 0x67, 0x3E, 0x10, 0xFD,
    0x51, 0xFE, 0x40, 0x3F, 0x88, 0xFE, 0xC5, 0xA9, 0xF0, 0x1F, 0x68, 0xE0, 0x84, 0xFB, 0x0C, 0x0C,
    0x8F, 0xDF, 0x57, 0x4E, 0xFF, 0x27, 0xCB, 0xC0, 0x20, 0xF0, 0xE2, 0xFF, 0xFF, 0x5A, 0xB0, 0xC3,
    0x0C, 0x85, 0x81, 0x04, 0x00, 0xC3, 0xAA, 0x32, 0x62, 0x78, 0x9C, 0x63, 0x60, 0x60, 0x60, 0x58,
    0xC8, 0xCB, 0x00, 0x06, 0xBF, 0x39, 0xC1, 0x54, 0xC2, 0x7E, 0x08, 0xF7, 0x23, 0x0F, 0x84, 0x36,
    0x80, 0x50, 0x0A, 0xA5, 0xE1, 0x8C, 0x20, 0xDE, 0x9F, 0xFF, 0xFF, 0xF7, 0x33, 0x31, 0x30, 0x7C,
    0x5B, 0x6F, 0x9A, 0xFC, 0xDB, 0x9F, 0xC1, 0xE1, 0x3F, 0x0B, 0x03, 0x43, 0xC0, 0x7F, 0xA6, 0x0B,
    0xF1, 0x20, 0x35, 0xDF, 0xB9, 0xBF, 0x80, 0x35, 0x3D, 0xD0, 0xFF, 0xC9, 0x0E, 0xA2, 0x27, 0xD4,
    0xFF, 0x61, 0x06, 0x1B, 0xB9, 0xFE, 0x1F, 0x48, 0x2F, 0x83, 0xC3, 0xF9, 0xFF, 0x60, 0xDA, 0xE0,
    0x3E, 0x94, 0x3E, 0xFF, 0x8F, 0x09, 0x2C, 0xBE, 0xFF, 0x0F, 0x0B, 0x88, 0x2E, 0x98, 0xFF, 0x83,
    0x03, 0x44, 0x6F, 0xC8, 0xFF, 0xCC, 0x07, 0x76, 0x82, 0xFC, 0x81, 0x7E, 0x10, 0xFD, 0x8B, 0x53,
    0xE1, 0x3F, 0xD0, 0xC0, 0x09, 0xF7, 0x19, 0x18, 0x1E, 0xBF, 0xAF, 0x9C, 0xFE, 0x4F, 0x96, 0x81,
    0x41, 0xE0, 0xC5, 0xFF, 0xFF, 0xB5, 0x60, 0x87, 0x19, 0x0A, 0x03, 0x09, 0x00, 0xA0, 0x6A, 0x32,
    0x44, 0x78, 0x9C, 0x63, 0x60, 0x60, 0xB8, 0x91, 0xCB, 0x00, 0x02, 0x13, 0xEA, 0x7F, 0xB1, 0x83,
    0xE8, 0x6F, 0xDC, 0x17, 0xFC, 0x81, 0x94, 0xC2, 0x79, 0x46, 0x85, 0x7F, 0x20, 0x3E, 0x13, 0x90,
    0x0D, 0xA2, 0x15, 0x4A, 0xC3, 0x19, 0x81, 0x94, 0xC1, 0x9F, 0xFF, 0xFF, 0xF7, 0x03, 0xC5, 0xBE,
    0xAD, 0x37, 0x4D, 0xFE, 0xED, 0xCF, 0xE0, 0xF0, 0x9F, 0x85, 0x81, 0x21, 0xE0, 0x3F, 0xD3, 0x85,
    0x78, 0x90, 0x9A, 0xEF, 0xDC, 0x5F, 0x78, 0x40, 0xF4, 0x03, 0xFD, 0x9F, 0xEC, 0x10, 0x33, 0xFF,
    0x30, 0x83, 0xE8, 0x84, 0xF5, 0xFF, 0x40, 0x7A, 0x19, 0x1C, 0xCE, 0xFF, 0x07, 0xD3, 0x06, 0xF7,
    0xA1, 0xF4, 0xF9, 0x7F, 0x4C, 0x60, 0xF1, 0xFD, 0x7F, 0x58, 0x40, 0x74, 0xC1, 0xFC, 0x1F, 0x1C,
    0x20, 0x7A, 0x43, 0xFE, 0x67, 0x3E, 0x10, 0xFD, 0x51, 0xFE, 0x40, 0x3F, 0x88, 0xFE, 0xC5, 0xA9,
    0xF0, 0x1F, 0x68, 0xE0, 0x84, 0xFB, 0x0C, 0x0C, 0x8F, 0xDF, 0x57, 0x4E, 0xFF, 0x27, 0xCB, 0xC0,
    0x20, 0xF0, 0xE2, 0xFF, 0xFF, 0x5A, 0xB0, 0xC3, 0x0D, 0x85, 0x81, 0x04, 0x00, 0x3F, 0xBD, 0x35,
    0xEB, 0x78, 0x9C, 0x63, 0x60, 0x28, 0x66, 0x66, 0x10, 0x60, 0x60, 0x60, 0x30, 0xF8, 0x7F, 0x9E,
    0xF9, 0x23, 0x3B, 0x03, 0x43, 0x83, 0xFE, 0xE1, 0xF5, 0xBF, 0x58, 0x81, 0x34, 0x37, 0xC3, 0xD1,
    0xF5, 0x0C, 0x48, 0x40, 0xA1, 0x34, 0x9C, 0x11, 0xA4, 0xEE, 0xCF, 0xFF, 0xFF, 0xFB, 0x99, 0x18,
    0x18, 0xBE, 0xAD, 0x37, 0x4D, 0xFE, 0xED, 0xCF, 0xE0, 0xF0, 0x9F, 0x85, 0x81, 0x21, 0xE0, 0x3F,
    0xD3, 0x85, 0x78, 0x90, 0x9A, 0xEF, 0xDC, 0x5F, 0x78, 0x40, 0xF4, 0x03, 0xFD, 0x9F, 0xEC, 0x20,
    0x7A, 0x42, 0xFD, 0x1F, 0x66, 0x10, 0x9D, 0xB0, 0xFE, 0x1F, 0x48, 0x2F, 0x83, 0xC3, 0xF9, 0xFF,
    0x60, 0xDA, 0xE0, 0x3E, 0x94, 0x3E, 0xFF, 0x8F, 0x09, 0x2C, 0xBE, 0xFF, 0x0F, 0x0B, 0x88, 0x2E,
    0x98, 0xFF, 0x83, 0x03, 0x44, 0x6F, 0xC8, 0xFF, 0xCC, 0x07, 0xA2, 0x3F, 0xCA, 0x1F, 0xE8, 0x07,
    0xD1, 0xBF, 0x38, 0x15, 0xFE, 0x03, 0x0D, 0x9C, 0x70, 0x9F, 0x81, 0xE1, 0xF1, 0xFB, 0xCA, 0xE9,
    0xFF, 0x64, 0x19, 0x18, 0x04, 0x5E, 0xFC, 0xFF, 0x5F, 0x0B, 0x76, 0x98, 0xA1, 0x30, 0x90, 0x00,
    0x00, 0xED, 0x7F, 0x36, 0xE4, 0x78, 0x9C, 0x63, 0x60, 0x08, 0x60, 0x60, 0x60, 0x65, 0x00, 0x82,
    0xEF, 0x2C, 0x05, 0xFE, 0x60, 0x9A, 0xB5, 0x20, 0x1E, 0x44, 0x2F, 0x66, 0x34, 0x90, 0x62, 0x40,
    0x02, 0x0A, 0xA5, 0xE1, 0x8C, 0x40, 0xCA, 0xE0, 0xCF, 0xFF, 0xFF, 0xFB, 0x99, 0x18, 0x18, 0xBE,
    0xAD, 0x37, 0x4D, 0xFE, 0xED, 0xCF, 0xE0, 0xF0, 0x9F, 0x85, 0x81, 0x21, 0xE0, 0x3F, 0xD3, 0x05,
    0xB0, 0x9E, 0xEF, 0xDC, 0x5F, 0x78, 0x40, 0xF4, 0x03, 0xFD, 0x9F, 0xEC, 0x20, 0x7A, 0x42, 0xFD,
    0x1F, 0x66, 0x10, 0x9D, 0xB0, 0xFE, 0x1F, 0x48, 0x2F, 0x83, 0xC3, 0xF9, 0xFF, 0x60, 0xDA, 0xE0,
    0x3E, 0x94, 0x3E, 0xFF, 0x8F, 0x09, 0x2C, 0xBE, 0xFF, 0x0F, 0x0B, 0x88, 0x2E, 0x98, 0xFF, 0x83,
    0x03, 0x44, 0x6F, 0xC8, 0xFF, 0xCC, 0x07, 0xA2, 0x3F, 0xCA, 0x1F, 0xE8, 0x07, 0xD1, 0xBF, 0x38,
    0x15, 0xFE, 0x03, 0x0D, 0x9C, 0x70, 0x9F, 0x81, 0xE1, 0xF1, 0xFB, 0xCA, 0xE9, 0xFF, 0x64, 0x19,
    0x18, 0x04, 0x5E, 0xFC, 0xFF, 0x5F, 0x0B, 0x76, 0x98, 0xA1, 0x30, 0x90, 0x00, 0x00, 0x35, 0xAD,
    0x33, 0x0E, 0x78, 0x9C, 0x15, 0x8B, 0xC1, 0x0D, 0xC0, 0x20, 0x0C, 0x03, 0x8D, 0xF8, 0x31, 0x46,
    0x17, 0x09, 0x23, 0x30, 0x5E, 0xB7, 0x08, 0x1B, 0xB4, 0x8F, 0x8E, 0x04, 0x1F, 0x40, 0x4A, 0xED,
    0x3C, 0x6C, 0x9D, 0x7C, 0xB9, 0xC0, 0xAB, 0x38, 0x99, 0xB5, 0xF3, 0x30, 0xA0, 0x3B, 0x6A, 0x64,
    0x9C, 0x02, 0x0C, 0x7B, 0x5D, 0x73, 0x08, 0x80, 0xF9, 0x28, 0xB1, 0x43, 0x72, 0xF7, 0x69, 0x82,
    0xD2, 0x88, 0xFC, 0x01, 0x71, 0x51, 0x6B, 0x91, 0x6E, 0x59, 0x5F, 0xFA, 0x01, 0xB5, 0x35, 0x1B,
    0x00, 0x78, 0x9C, 0x63, 0x60, 0x10, 0x28, 0x0D, 0x67, 0x6A, 0x64, 0x64, 0x50, 0xF8, 0xFD, 0xFF,
    0xFF, 0xF9, 0xDF, 0xAC, 0x0C, 0x5F, 0xF6, 0x9B, 0x06, 0xFF, 0xBE, 0xCF, 0xA0, 0xF0, 0x9F, 0x95,
    0x81, 0xE1, 0xC1, 0x7F, 0xE6, 0x03, 0xF5, 0x0C, 0x0C, 0x0C, 0x3F, 0xFE, 0xF0, 0x7E, 0xE2, 0x63,
    0x60, 0x30, 0xB8, 0x7F, 0xC1, 0xFF, 0x3B, 0x27, 0x03, 0xC3, 0x05, 0xFB, 0x82, 0xFE, 0x5F, 0x40,
    0xE9, 0xEF, 0x9C, 0x0E, 0xE7, 0xFF, 0x30, 0x33, 0x28, 0xBC, 0x67, 0x54, 0x78, 0xFF, 0x97, 0x99,
    0x61, 0x43, 0x3C, 0x83, 0xC0, 0x7F, 0x20, 0xFD, 0x8D, 0x8B, 0x41, 0xE0, 0xFD, 0x1F, 0x16, 0x81,
    0x7F, 0x40, 0x43, 0xEF, 0xFF, 0x62, 0x5B, 0x90, 0xCF, 0xC0, 0x10, 0xB0, 0xFF, 0x1B, 0xD7, 0x17,
    0x1E, 0x06, 0x86, 0x09, 0xFD, 0x1F, 0xF5, 0xFF, 0x31, 0x01, 0x0D, 0xD6, 0x9F, 0xF0, 0x1E, 0x6C,
    0x30, 0xB7, 0xC0, 0x3F, 0x79, 0x06, 0x86, 0x86, 0xF7, 0x8C, 0x0C, 0x7F, 0xFF, 0x57, 0x4D, 0xFF,
    0x67, 0xC7, 0xE0, 0x30, 0xFF, 0xFA, 0xFF, 0xFF, 0x7D, 0x8C, 0x0C, 0x0C, 0xAC, 0x0C, 0x86, 0xC2,
    0x40, 0x15, 0x00, 0x1E, 0x9E, 0x3E, 0x16, 0x78, 0x9C, 0x63, 0x60, 0x78, 0xC8, 0xC9, 0x00, 0x02,
    0x1B, 0xE6, 0x83, 0x29, 0x86, 0xBF, 0x2C, 0x60, 0xEA, 0x22, 0x1F, 0x84, 0xCB, 0xC4, 0xC0, 0xA0,
    0xC0, 0x08, 0x62, 0x30, 0x7F, 0xE4, 0x01, 0x92, 0x01, 0xF5, 0x9F, 0x40, 0x12, 0x09, 0xFD, 0x14,
    0x52, 0x1F, 0xA1, 0x14, 0x3F, 0x90, 0x2A, 0xA8, 0xFF, 0x20, 0x0F, 0xA4, 0x26, 0xC4, 0x6F, 0xC8,
    0x07, 0x52, 0x0F, 0xF4, 0x1D, 0xDE, 0x33, 0x33, 0x30, 0xFC, 0xE2, 0x66, 0xF8, 0xB1, 0xBF, 0xE2,
    0xE5, 0x7D, 0x46, 0x86, 0x80, 0xBF, 0xFF, 0xDF, 0x4B, 0x02, 0x25, 0x04, 0x8C, 0x81, 0x6E, 0x01,
    0x00, 0x82, 0x88, 0x2B, 0x33, 0x78, 0x9C, 0x63, 0x60, 0x60, 0x08, 0xA8, 0x65, 0x00, 0x81, 0xCF,
    0x7A, 0x60, 0xEA, 0x2F, 0x0B, 0x88, 0x6C, 0xC8, 0x07, 0x73, 0x04, 0x18, 0x81, 0x84, 0x02, 0x88,
    0x60, 0x60, 0xFE, 0xC8, 0x03, 0x24, 0x03, 0xEA, 0x3F, 0xF1, 0x01, 0xA9, 0x84, 0x7E, 0x0A, 0xA9,
    0x8F, 0x50, 0x8A, 0x1F, 0x48, 0x15, 0xD4, 0x7F, 0x90, 0x07, 0x52, 0x13, 0xE2, 0x37, 0x80, 0x2C,
    0x7D, 0xA0, 0xEF, 0xF0, 0x9E, 0x99, 0x81, 0xE1, 0x17, 0x37, 0xC3, 0x8F, 0xFD, 0x15, 0x2F, 0xEF,
    0x33, 0x32, 0x04, 0xFC, 0xFD, 0xFF, 0x5E, 0x12, 0xE4, 0x16, 0x63, 0x26, 0x06, 0x06, 0x00, 0x61,
    0xAA, 0x2B, 0x07, 0x78, 0x9C, 0x63, 0x60, 0x08, 0x78, 0xC3, 0xC9, 0x00, 0x04, 0x5F, 0xA3, 0xF7,
    0x03, 0x49, 0x83, 0xF7, 0x8C, 0x3F, 0x39, 0x18, 0x18, 0x2E, 0xD8, 0x31, 0x6C, 0xF0, 0x67, 0x60,
    0x50, 0x00, 0x8A, 0x30, 0x31, 0x28, 0x30, 0x82, 0xE4, 0x99, 0x3F, 0xF2, 0x00, 0xC9, 0x80, 0xFA,
    0x4F, 0x7C, 0x40, 0x2A, 0xA1, 0x9F, 0x42, 0xEA, 0x23, 0x94, 0xE2, 0x07, 0x52, 0x05, 0xF5, 0x1F,
    0xE4, 0x81, 0xD4, 0x84, 0xF8, 0x0D, 0xF9, 0x40, 0xEA, 0x81, 0xBE, 0xC3, 0x7B, 0x66, 0x06, 0x86,
    0x5F, 0xDC, 0x0C, 0x3F, 0xF6, 0x57, 0xBC, 0xBC, 0xCF, 0xC8, 0x10, 0xF0, 0xF7, 0xFF, 0x7B, 0x49,
    0xA0, 0x84, 0x80, 0x31, 0x13, 0x03, 0x03, 0x00, 0xB1, 0x7E, 0x2E, 0xBC, 0x78, 0x9C, 0x63, 0x60,
    0x10, 0x65, 0x08, 0x60, 0x64, 0x60, 0x30, 0x98, 0xCF, 0xF0, 0x99, 0x13, 0x4E, 0x31, 0x78, 0x31,
    0x2C, 0x60, 0x61, 0x80, 0x02, 0x05, 0x46, 0x10, 0xC9, 0xFC, 0x91, 0x07, 0x48, 0x06, 0xD4, 0x7F,
    0xE2, 0x03, 0x52, 0x09, 0xFD, 0x14, 0x52, 0x1F, 0xA1, 0x14, 0x3F, 0x90, 0x2A, 0xA8, 0xFF, 0x20,
    0x0F, 0xA4, 0x26, 0xC4, 0x6F, 0xC8, 0x07, 0x52, 0x0F, 0xF4, 0x1D, 0xDE, 0x33, 0x33, 0x30, 0xFC,
    0xE2, 0x66, 0xF8, 0xB1, 0xBF, 0xE2, 0xE5, 0x7D, 0x46, 0x86, 0x80, 0xBF, 0xFF, 0xDF, 0x4B, 0x02,
    0x25, 0x04, 0x8C, 0x99, 0x18, 0x18, 0x00, 0xFC, 0x05, 0x2C, 0x02, 0x78, 0x9C, 0x63, 0x60, 0x60,
    0x60, 0x78, 0xC9, 0xC8, 0x00, 0x02, 0x13, 0xF6, 0x83, 0x29, 0x86, 0x2F, 0xBC, 0x10, 0xFA, 0x1E,
    0x44, 0x98, 0x81, 0x09, 0x44, 0x28, 0x80, 0x39, 0x02, 0x8C, 0x1F, 0xF4, 0x40, 0xF4, 0x37, 0xCE,
    0x86, 0xF3, 0x20, 0xC1, 0xFF, 0x4C, 0x0C, 0xFF, 0x58, 0x19, 0x18, 0x16, 0xF4, 0x33, 0x30, 0x7C,
    0x05, 0xEA, 0xFA, 0x0C, 0xC4, 0x1B, 0xEA, 0x19, 0x18, 0xFE, 0xB0, 0x80, 0xE4, 0x18, 0x13, 0xC0,
    0x06, 0xFE, 0xE0, 0x7C, 0xA0, 0x0F, 0xA2, 0x1F, 0xD8, 0xFF, 0xE0, 0x00, 0xD1, 0x01, 0xE7, 0xEF,
    0x43, 0xCC, 0xFD, 0xED, 0x0F, 0xB5, 0x8F, 0x0F, 0xD5, 0x5E, 0x42, 0xF4, 0x67, 0x28, 0xFD, 0x90,
    0x13, 0x48, 0x00, 0x00, 0x9D, 0x5E, 0x20, 0xE5, 0x78, 0x9C, 0x53, 0x64, 0x00, 0x83, 0x3F, 0x8C,
    0x60, 0xEA, 0x1F, 0x13, 0x84, 0x4A, 0x2F, 0x77, 0x03, 0x51, 0xFF, 0xFF, 0xFF, 0x9F, 0xCF, 0xC8,
    0xF0, 0xCF, 0x4C, 0xA9, 0xF8, 0x9F, 0x2C, 0x58, 0xEE, 0x40, 0x3F, 0x98, 0x52, 0x78, 0x0F, 0x51,
    0xF9, 0x8F, 0x11, 0x4C, 0xFD, 0x85, 0x50, 0xFF, 0xC1, 0x82, 0x05, 0xEB, 0xC1, 0xD4, 0x0F, 0x7D,
    0x86, 0x7F, 0x7B, 0x57, 0xFD, 0x79, 0xCF, 0xC2, 0xF0, 0xEF, 0xDD, 0xBB, 0xBD, 0xE2, 0x08, 0xA3,
    0x51, 0xA8, 0x5B, 0x10, 0xDB, 0x01, 0x2E, 0x10, 0x26, 0x3C, 0x78, 0x9C, 0x63, 0x38, 0xFE, 0xFF,
    0xBE, 0x04, 0xC3, 0x85, 0xF7, 0xAB, 0x5F, 0xFF, 0x67, 0xFE, 0xC1, 0xCD, 0xC0, 0xF0, 0x83, 0xEB,
    0x0F, 0x33, 0x03, 0xC3, 0x47, 0x9E, 0xFF, 0x0C, 0x0C, 0x0C, 0x5F, 0xB8, 0x40, 0xE4, 0x1F, 0x66,
    0x20, 0xD9, 0x30, 0x9F, 0x01, 0x48, 0x7E, 0xE1, 0x05, 0x91, 0xFF, 0x98, 0x41, 0xE4, 0x1F, 0x36,
    0x10, 0xF9, 0xC8, 0x1F, 0x44, 0x1A, 0xFC, 0x07, 0xA9, 0x61, 0xF8, 0xCA, 0x07, 0x22, 0x27, 0xD4,
    0x83, 0x48, 0x83, 0xF3, 0x20, 0xD2, 0x01, 0x4C, 0x2E, 0x58, 0xFF, 0xDF, 0x60, 0x4E, 0xFB, 0x1F,
    0xFB, 0x33, 0x0A, 0xFF, 0xFE, 0xDF, 0x67, 0x61, 0x60, 0x10, 0x30, 0x66, 0x62, 0x00, 0x00, 0x2E,
    0x8C, 0x2D, 0x99, 0x78, 0x9C, 0x63, 0xB8, 0xCA, 0xC6, 0x00, 0x04, 0x0F, 0xE3, 0x41, 0xA4, 0xC2,
    0x7B, 0x46, 0x10, 0xF5, 0x85, 0x0B, 0x44, 0x0A, 0x30, 0x81, 0x08, 0x23, 0x61, 0x06, 0x86, 0x82,
    0xBF, 0xFF, 0xFF, 0xDB, 0x30, 0x3C, 0xE8, 0x09, 0x5B, 0xF6, 0x1E, 0x24, 0xC1, 0xF0, 0x9B, 0x15,
    0x44, 0x7E, 0xE3, 0x00, 0x6A, 0x30, 0xFE, 0xC6, 0xC9, 0x70, 0xF4, 0xFF, 0xFF, 0x7F, 0x9C, 0x13,
    0xDE, 0xBB, 0x2B, 0x7D, 0xE5, 0xFC, 0xCA, 0xC3, 0xC0, 0xF0, 0x95, 0xF3, 0x17, 0x0B, 0x03, 0xC3,
    0x77, 0xCE, 0xDF, 0xCC, 0x0C, 0x0C, 0x7F, 0x39, 0x7F, 0x72, 0x30, 0x4C, 0xF8, 0xCF, 0xF9, 0x69,
    0x7E, 0xE9, 0x9F, 0x6F, 0x9C, 0x0E, 0xFF, 0xFE, 0x6B, 0x3F, 0x64, 0x63, 0x30, 0x00, 0x1A, 0xC9,
    0x00, 0x00, 0x8E, 0x29, 0x25, 0xBC, 0x78, 0x9C, 0x63, 0x60, 0x60, 0x38, 0xCC, 0xC5, 0xC0, 0xC0,
    0x20, 0xF0, 0x8F, 0x15, 0x48, 0x2E, 0xA8, 0x07, 0x12, 0x0C, 0x5F, 0x38, 0x41, 0xA4, 0x02, 0x88,
    0x10, 0x30, 0x12, 0x66, 0x60, 0x28, 0xF8, 0xFB, 0xFF, 0xBF, 0x0D, 0xC3, 0x83, 0x9E, 0xB0, 0x65,
    0xEF, 0x41, 0x62, 0x0C, 0xBF, 0x41, 0x4A, 0x19, 0xBE, 0x71, 0x00, 0xD5, 0x18, 0x7F, 0xE3, 0x64,
    0x38, 0xFA, 0xFF, 0xFF, 0x3F, 0xCE, 0x09, 0xEF, 0xDD, 0x95, 0xBE, 0x72, 0x7E, 0xE5, 0x61, 0x60,
    0xF8, 0xCA, 0xF9, 0x8B, 0x85, 0x81, 0xE1, 0x3B, 0xE7, 0x6F, 0x66, 0x06, 0x86, 0xBF, 0x9C, 0x3F,
    0x39, 0x18, 0x26, 0xFC, 0xE7, 0xFC, 0x34, 0xBF, 0xF4, 0xCF, 0x37, 0x4E, 0x87, 0x7F, 0xFF, 0xB5,
    0x1F, 0xB2, 0x31, 0x18, 0x00, 0x8D, 0x64, 0x00, 0x00, 0x7A, 0xCB, 0x25, 0x9D, 0x78, 0x9C, 0x63,
    0x10, 0x78, 0xE5, 0xC3, 0xC0, 0xC0, 0x70, 0xC1, 0xFF, 0x2F, 0x33, 0x03, 0xC3, 0x2F, 0xF6, 0x4F,
    0x72, 0x0C, 0x09, 0xEB, 0x19, 0x1C, 0xF6, 0x33, 0x08, 0x30, 0x31, 0x30, 0x28, 0x32, 0x30, 0x08,
    0x18, 0x09, 0x33, 0x30, 0x14, 0xFC, 0xFD, 0xFF, 0xDF, 0x86, 0xE1, 0x41, 0x4F, 0xD8, 0xB2, 0xF7,
    0x0C, 0x20, 0xF0, 0x9B, 0x15, 0x44, 0x7E, 0xE3, 0x60, 0x60, 0x50, 0x30, 0xFE, 0xC6, 0xC9, 0x70,
    0xF4, 0xFF, 0xFF, 0x7F, 0x9C, 0x13, 0xDE, 0xBB, 0x2B, 0x7D, 0xE5, 0xFC, 0xCA, 0xC3, 0xC0, 0xF0,
    0x95, 0xF3, 0x17, 0x0B, 0x03, 0xC3, 0x77, 0xCE, 0xDF, 0x40, 0x03, 0xFF, 0x72, 0xFE, 0xE4, 0x60,
    0x98, 0xF0, 0x9F, 0xF3, 0xD3, 0xFC, 0xD2, 0x3F, 0xDF, 0x38, 0x1D, 0xFE, 0xFD, 0xD7, 0x7E, 0xC8,
    0xC6, 0x60, 0x00, 0x34, 0x92, 0x01, 0x00, 0xFF, 0x07, 0x29, 0x38, 0x78, 0x9C, 0x63, 0x30, 0x64,
    0x00, 0x02, 0x87, 0xFF, 0x79, 0x0C, 0x8F, 0x98, 0x36, 0xF8, 0xFD, 0x8C, 0xF9, 0xC5, 0x74, 0x81,
    0x53, 0xE1, 0xF7, 0x7A, 0x06, 0x01, 0x06, 0x06, 0x01, 0x66, 0x20, 0x36, 0x12, 0x66, 0x60, 0x28,
    0xF8, 0xFB, 0xFF, 0xBF, 0x0D, 0xC3, 0x83, 0x9E, 0xB0, 0x65, 0xEF, 0x41, 0x8A, 0x19, 0x7E, 0xB3,
    0x82, 0xC8, 0x6F, 0x1C, 0x0C, 0x0C, 0x0A, 0xC6, 0x3F, 0x38, 0x19, 0x8E, 0xFE, 0xFF, 0xFF, 0x9F,
    0x73, 0xC2, 0x7B, 0x77, 0xA5, 0x6F, 0x9C, 0x5F, 0x79, 0x18, 0x18, 0xBE, 0x72, 0xFE, 0x62, 0x61,
    0x60, 0xF8, 0xCE, 0xF9, 0x1B, 0xA8, 0xFD, 0x2F, 0xE7, 0x4F, 0x0E, 0x86, 0x09, 0xFF, 0x39, 0x3F,
    0xCD, 0x2F, 0xFD, 0xF3, 0x8D, 0xD3, 0xE1, 0xDF, 0x7F, 0xED, 0x87, 0x6C, 0x0C, 0x06, 0x40, 0x23,
    0x19, 0x00, 0x69, 0xC0, 0x2A, 0x5C, 0x78, 0x9C, 0x63, 0x70, 0x62, 0x50, 0x60, 0x61, 0x60, 0xF8,
    0xCD, 0xB8, 0x41, 0x1E, 0x46, 0x4E, 0x65, 0x08, 0xE0, 0x64, 0x80, 0x02, 0x01, 0x23, 0x61, 0x06,
    0x86, 0x82, 0xBF, 0xFF, 0xFF, 0xDB, 0x30, 0x3C, 0xE8, 0x09, 0x5B, 0xF6, 0x1E, 0x2C, 0xF8, 0x9B,
    0x15, 0x44, 0x7E, 0xE3, 0x60, 0x60, 0x50, 0x30, 0xFE, 0xC1, 0xC9, 0x70, 0xF4, 0xFF, 0xFF, 0xFF,
    0x9C, 0x13, 0xDE, 0xBB, 0x2B, 0x7D, 0xE3, 0xFC, 0xCA, 0xC3, 0xC0, 0xF0, 0x95, 0xF3, 0x17, 0xD0,
    0xC0, 0xEF, 0x9C, 0xBF, 0x99, 0x19, 0x18, 0xFE, 0x72, 0xFE, 0xE4, 0x60, 0x98, 0xF0, 0x9F, 0xF3,
    0xD3, 0xFC, 0xD2, 0x3F, 0xDF, 0x38, 0x1D, 0xFE, 0xFD, 0xD7, 0x7E, 0xC8, 0xC6, 0x60, 0x00, 0x34,
    0x92, 0x01, 0x00, 0xD5, 0x09, 0x26, 0x6F, 0x78, 0x9C, 0x63, 0x60, 0x00, 0x03, 0x85, 0x3F, 0x79,
    0x40, 0xF2, 0x81, 0xC6, 0x57, 0x16, 0x06, 0x86, 0x2B, 0x0C, 0x0D, 0x5C, 0x0C, 0x0C, 0x57, 0xC1,
    0x24, 0x44, 0xC4, 0x00, 0x2C, 0x2B, 0xE0, 0x24, 0xCC, 0xC0, 0x50, 0xF0, 0xF7, 0xFF, 0x7F, 0x1B,
    0x86, 0x07, 0x3D, 0x61, 0xCB, 0xDE, 0x83, 0x35, 0xFE, 0x66, 0x05, 0x91, 0xDF, 0x38, 0x80, 0x46,
    0x18, 0xFF, 0xE0, 0x64, 0x38, 0xFA, 0xFF, 0xFF, 0x7F, 0xCE, 0x09, 0xEF, 0xDD, 0x95, 0xBE, 0x71,
    0x7E, 0xE5, 0x61, 0x60, 0xF8, 0xCA, 0xF9, 0x0B, 0xA8, 0xFD, 0x3B, 0xE7, 0x6F, 0x66, 0x06, 0x86,
    0xBF, 0x9C, 0x3F, 0x39, 0x18, 0x26, 0xFC, 0xE7, 0xFC, 0x34, 0xBF, 0xF4, 0xCF, 0x37, 0x4E, 0x87,
    0x7F, 0xFF, 0xB5, 0x1F, 0xB2, 0x31, 0x18, 0x00, 0x8D, 0x64, 0x00, 0x00, 0xFB, 0xE1, 0x2B, 0x78,
    0x78, 0x9C, 0x63, 0x10, 0x30, 0x12, 0x66, 0x60, 0x50, 0x00, 0xE2, 0x86, 0xBF, 0xFF, 0xFF, 0xEB,
    0x4C, 0xFC, 0xFF, 0xDF, 0x97, 0xE1, 0x42, 0xB5, 0xEB, 0xD4, 0xF7, 0x7F, 0xBD, 0x92, 0xFF, 0x31,
    0x33, 0x00, 0xC1, 0xAF, 0x7E, 0x06, 0x86, 0x4F, 0x3C, 0x20, 0xD6, 0x37, 0x7E, 0x06, 0x86, 0x05,
    0xFA, 0x40, 0xD5, 0xC6, 0x3F, 0xB8, 0x19, 0x18, 0x0A, 0xE2, 0x19, 0x8E, 0xFE, 0xFF, 0xFF, 0x3F,
    0x37, 0x2D, 0x6D, 0x59, 0xFE, 0x84, 0xF7, 0xEE, 0x4A, 0xDF, 0x80, 0x9C, 0xFF, 0x7A, 0x5F, 0x81,
    0x2A, 0xBF, 0x72, 0x81, 0xF5, 0xB1, 0x30, 0x30, 0x7C, 0x07, 0xEB, 0xFB, 0x0D, 0x34, 0xE7, 0x8F,
    0x3C, 0x88, 0xF5, 0x93, 0x83, 0xA1, 0xE0, 0xFE, 0x7E, 0x10, 0xEB, 0xD3, 0xFA, 0xB4, 0xDF, 0x3C,
    0xBF, 0x73, 0x9D, 0x97, 0xB1, 0x3A, 0xFC, 0xFD, 0xDF, 0xC7, 0x50, 0xF0, 0xEF, 0xFF, 0x7B, 0x16,
    0x06, 0x05, 0x65, 0x06, 0x90, 0xE9, 0x8C, 0x0C, 0x00, 0x1F, 0x51, 0x35, 0xB1, 0x78, 0x9C, 0x63,
    0x60, 0x30, 0x54, 0x66, 0x60, 0xB8, 0xFA, 0xFF, 0xBF, 0x7D, 0xC2, 0xFF, 0x88, 0x54, 0xCB, 0x4F,
    0xFA, 0x0C, 0x0C, 0x0C, 0x3F, 0x38, 0x80, 0xC4, 0x1F, 0x66, 0x20, 0xF1, 0x9F, 0x01, 0x85, 0x00,
    0x8B, 0x81, 0x65, 0x3F, 0xD9, 0x03, 0x89, 0x84, 0xFF, 0x91, 0xA9, 0x9E, 0x0C, 0x47, 0xFE, 0xFF,
    0xF7, 0x67, 0x60, 0x70, 0xDC, 0x0F, 0x52, 0xF0, 0x93, 0x09, 0xA4, 0x80, 0xC5, 0x80, 0x29, 0xF0,
    0x3F, 0xD3, 0x82, 0xFF, 0xFF, 0xF3, 0x19, 0x18, 0x4A, 0xC3, 0x19, 0x19, 0x00, 0x98, 0x72, 0x1C,
    0xD5, 0x78, 0x9C, 0x63, 0x68, 0xF0, 0x65, 0x00, 0x02, 0x83, 0xFF, 0x4C, 0x20, 0xEA, 0x2B, 0x0F,
    0x88, 0x2C, 0xC8, 0x07, 0x91, 0x0C, 0x42, 0x20, 0xC2, 0x10, 0x24, 0x7E, 0xF5, 0xFF, 0x7F, 0x4E,
    0x86, 0x86, 0xFB, 0x66, 0x4B, 0xF6, 0x33, 0x7C, 0xE6, 0x65, 0x60, 0xF8, 0xC5, 0xF2, 0x93, 0x95,
    0x81, 0xE1, 0x33, 0xD7, 0x5F, 0x46, 0x06, 0x86, 0x0F, 0xBC, 0xFF, 0xCB, 0xCB, 0xCB, 0xBF, 0xF3,
    0xFD, 0x07, 0x01, 0x8E, 0xFF, 0x60, 0x8D, 0x7F, 0x18, 0x41, 0xE4, 0x0F, 0x36, 0x10, 0xF9, 0x49,
    0x0F, 0x44, 0x26, 0xFC, 0xF7, 0x70, 0xDE, 0xCE, 0xC0, 0x70, 0xE4, 0xFF, 0xFF, 0xFD, 0x20, 0x33,
    0x95, 0x19, 0x18, 0x00, 0x71, 0x5E, 0x22, 0xE8, 0x78, 0x9C, 0x63, 0x60, 0x10, 0xB8, 0xC5, 0x00,
    0x04, 0x1B, 0xE6, 0x83, 0xC8, 0x6F, 0xDC, 0x20, 0xF2, 0x3C, 0x23, 0x88, 0x64, 0x06, 0x11, 0x0C,
    0x86, 0x4C, 0x40, 0xE2, 0xEA, 0xFF, 0xFF, 0x9C, 0x0C, 0x0D, 0xF7, 0xCD, 0x96, 0xEC, 0x67, 0xF8,
    0xCC, 0xCB, 0xC0, 0xF0, 0x8B, 0xE5, 0x27, 0x2B, 0x03, 0xC3, 0x67, 0xAE, 0xBF, 0x40, 0x75, 0x1F,
    0x78, 0xFF, 0x97, 0x97, 0x97, 0x7F, 0xE7, 0xFB, 0x0F, 0x02, 0x1C, 0xFF, 0xC1, 0x7A, 0xFE, 0x80,
    0xF5, 0xFF, 0x60, 0x03, 0x91, 0x9F, 0xF4, 0x40, 0x64, 0xC2, 0x7F, 0x0F, 0xE7, 0xED, 0x0C, 0x0C,
    0x47, 0xFE, 0xFF, 0xDF, 0x0F, 0x32, 0x53, 0x99, 0x81, 0x01, 0x00, 0x7E, 0xD8, 0x23, 0x05, 0x78,
    0x9C, 0x63, 0x10, 0x78, 0xE5, 0xC3, 0xC0, 0xC0, 0x70, 0xC0, 0xFF, 0x2F, 0x0B, 0x03, 0xC3, 0x2F,
    0x8E, 0x4F, 0x7A, 0x0C, 0x01, 0xEB, 0x19, 0x1C, 0xCE, 0x33, 0x08, 0x30, 0x31, 0x30, 0x28, 0x02,
    0x25, 0x0C, 0x81, 0x34, 0xC3, 0xD5, 0xFF, 0xFF, 0x39, 0x19, 0x1A, 0xEE, 0x9B, 0x2D, 0xD9, 0xCF,
    0xF0, 0x99, 0x17, 0xA8, 0x8C, 0xE5, 0x27, 0x2B, 0x03, 0xC3, 0x67, 0xAE, 0xBF, 0x8C, 0x0C, 0x0C,
    0x1F, 0x78, 0xFF, 0x97, 0x97, 0x97, 0x7F, 0xE7, 0xFB, 0x0F, 0x02, 0x1C, 0xFF, 0x19, 0x40, 0xE0,
    0x0F, 0x23, 0x88, 0xFC, 0xC1, 0x06, 0x22, 0x81, 0x06, 0x02, 0x41, 0xC2, 0x7F, 0x0F, 0xE7, 0xED,
    0x0C, 0x0C, 0x47, 0xFE, 0xFF, 0xDF, 0x0F, 0x32, 0x53, 0x99, 0x81, 0x01, 0x00, 0x03, 0x51, 0x26,
    0xB1, 0x78, 0x9C, 0x63, 0x70, 0x62, 0x50, 0x60, 0x61, 0x60, 0xF8, 0xCD, 0xB8, 0x41, 0x1E, 0x46,
    0x2E, 0x65, 0x08, 0xE0, 0x62, 0x80, 0x01, 0x43, 0x26, 0x20, 0x71, 0xF5, 0xFF, 0x7F, 0x4E, 0x86,
    0x86, 0xFB, 0x66, 0x4B, 0xF6, 0x33, 0x7C, 0xE6, 0x65, 0x60, 0xF8, 0xC5, 0xF2, 0x93, 0x95, 0x81,
    0xE1, 0x33, 0xD7, 0x5F, 0x46, 0x06, 0x86, 0x0F, 0xBC, 0xFF, 0xCB, 0xCB, 0xCB, 0xBF, 0xF3, 0xFD,
    0x07, 0x01, 0x8E, 0xFF, 0x60, 0x3D, 0x7F, 0x18, 0x41, 0xE4, 0x0F, 0x36, 0x10, 0xF9, 0x49, 0x0F,
    0x44, 0x26, 0xFC, 0xF7, 0x70, 0xDE, 0xCE, 0xC0, 0x70, 0xE4, 0xFF, 0xFF, 0xFD, 0x20, 0x33, 0x95,
    0x19, 0x18, 0x00, 0xDF, 0x20, 0x23, 0xF3, 0x78, 0x9C, 0xBB, 0x20, 0xC5, 0x30, 0x61, 0x3F, 0x03,
    0xC3, 0x6F, 0x36, 0x86, 0x83, 0xF2, 0x0C, 0x0C, 0x4C, 0x0C, 0x40, 0x60, 0x90, 0xC7, 0x90, 0xB0,
    0x9E, 0x00, 0x32, 0xC8, 0x03, 0x00, 0xCE, 0xE9, 0x10, 0xFE, 0x78, 0x9C, 0x63, 0x08, 0xA8, 0x65,
    0xF8, 0xAC, 0xC7, 0xF0, 0x97, 0xA5, 0x21, 0x9E, 0x41, 0x80, 0x91, 0x01, 0x08, 0x2E, 0x70, 0x31,
    0x7C, 0xE2, 0x23, 0x80, 0x80, 0x6A, 0x00, 0xD0, 0xFB, 0x10, 0x94, 0x78, 0x9C, 0x63, 0x38, 0xBC,
    0x8F, 0x91, 0x41, 0xE1, 0xFD, 0x17, 0x59, 0x86, 0x8B, 0xF6, 0x09, 0xE7, 0x19, 0x7E, 0xB1, 0x31,
    0xFC, 0x60, 0x17, 0x62, 0x60, 0x50, 0x60, 0x64, 0x00, 0x83, 0x00, 0x7B, 0x20, 0x31, 0x21, 0x9F,
    0x2C, 0x02, 0xA4, 0x17, 0x00, 0x45, 0x9E, 0x14, 0x27, 0x78, 0x9C, 0x0B, 0x64, 0x10, 0x60, 0xFD,
    0xC1, 0xDC, 0x60, 0xFF, 0x93, 0x65, 0x82, 0xFF, 0x12, 0x46, 0x07, 0x29, 0x06, 0x18, 0xB8, 0xC0,
    0xC9, 0xC0, 0xF0, 0x89, 0x97, 0x78, 0x0C, 0x54, 0x0F, 0x00, 0xA9, 0x5F, 0x11, 0xA3, 0x78, 0x9C,
    0x63, 0x70, 0x61, 0x64, 0x60, 0x60, 0x64, 0xF8, 0x7D, 0x9E, 0x65, 0xAB, 0x3E, 0x83, 0xC1, 0x8B,
    0xFF, 0xFB, 0x59, 0x18, 0x14, 0x7E, 0xFE, 0xE7, 0x65, 0x60, 0xF8, 0x95, 0x5B, 0xB0, 0x9E, 0x81,
    0xC1, 0x9D, 0x81, 0xE1, 0x37, 0x0B, 0x43, 0xE3, 0xBF, 0xFB, 0x3F, 0x78, 0x14, 0xFE, 0x66, 0x2D,
    0xFB, 0xAF, 0x7F, 0xC0, 0x9F, 0x81, 0xE1, 0x4B, 0xFE, 0x57, 0x4E, 0x06, 0x86, 0x09, 0xF3, 0x7F,
    0x31, 0x33, 0x30, 0x18, 0xEC, 0xFF, 0x03, 0x34, 0x40, 0xE0, 0xFC, 0x5F, 0x06, 0x20, 0xB8, 0x0F,
    0x61, 0xFF, 0x62, 0x01, 0x8A, 0xAF, 0x07, 0xAB, 0x89, 0xBF, 0x00, 0x52, 0xCF, 0x6B, 0xF0, 0xCF,
    0x73, 0xCA, 0x7F, 0x66, 0x86, 0x4D, 0xFF, 0xFF, 0x6B, 0x03, 0x95, 0x19, 0x0A, 0x33, 0x30, 0x00,
    0x00, 0x4B, 0xCD, 0x2A, 0xB6, 0x78, 0x9C, 0x63, 0x30, 0x60, 0x00, 0x02, 0x81, 0x7F, 0xF3, 0x19,
    0x0F, 0xB0, 0x27, 0xE4, 0x3F, 0xAB, 0xFB, 0xC6, 0xDE, 0xC0, 0xC7, 0xF0, 0xE3, 0x3D, 0x23, 0x03,
    0x23, 0x03, 0x03, 0x33, 0x48, 0xCA, 0x88, 0x91, 0xE1, 0x01, 0xC7, 0x8F, 0xFF, 0xEB, 0x19, 0x3E,
    0x9D, 0xAE, 0x4B, 0xF9, 0xCB, 0xF9, 0xE9, 0x3D, 0x13, 0xC3, 0x43, 0xFE, 0x4F, 0xF6, 0x0C, 0x0C,
    0x0B, 0xEC, 0x3F, 0xF1, 0x32, 0x30, 0x34, 0xC4, 0x7F, 0xE2, 0x81, 0x93, 0xF9, 0xF8, 0xC9, 0x07,
    0x9C, 0x0C, 0x0C, 0x01, 0xF6, 0x00, 0x64, 0x4C, 0x25, 0x5A, 0x78, 0x9C, 0x63, 0x78, 0xC8, 0xC9,
    0x00, 0x04, 0x1B, 0xE6, 0x83, 0x48, 0x86, 0xBF, 0x2C, 0x20, 0xF2, 0x22, 0x1F, 0x98, 0xC3, 0x04,
    0x22, 0x0C, 0x85, 0x81, 0xC4, 0x91, 0xFF, 0xFF, 0xAD, 0x19, 0x02, 0xDE, 0xBB, 0xB7, 0xFC, 0x67,
    0xF9, 0xA8, 0xC7, 0xC0, 0xF0, 0x89, 0xEF, 0x07, 0x3B, 0x03, 0x43, 0x43, 0xFE, 0x1F, 0xA0, 0x0A,
    0x83, 0xFD, 0xFF, 0x81, 0x0A, 0x04, 0xEE, 0x83, 0x48, 0x86, 0xF7, 0x10, 0x36, 0x44, 0x1C, 0xA2,
    0x06, 0xAC, 0x5E, 0x0E, 0xA2, 0x17, 0x64, 0x8E, 0x0D, 0xD4, 0x4C, 0x00, 0x30, 0xAF, 0x22, 0x87,
    0x78, 0x9C, 0x63, 0x60, 0x60, 0x58, 0xC8, 0xCB, 0x00, 0x04, 0xBF, 0x39, 0x81, 0x44, 0xC2, 0x7E,
    0x10, 0xF3, 0x83, 0x0C, 0x88, 0x34, 0x00, 0x11, 0x0C, 0x86, 0xC2, 0x40, 0xE2, 0xC8, 0xFF, 0xFF,
    0xD6, 0x0C, 0x01, 0xEF, 0xDD, 0x5B, 0xFE, 0xB3, 0x7C, 0xD4, 0x63, 0x60, 0xF8, 0xC4, 0xF7, 0x83,
    0x9D, 0x81, 0xA1, 0x21, 0xFF, 0x0F, 0x13, 0x50, 0xD5, 0xFE, 0xFF, 0x40, 0x05, 0x02, 0xF7, 0x41,
    0x24, 0xC3, 0x7B, 0x08, 0x1B, 0x22, 0x0E, 0x51, 0x03, 0x56, 0x2F, 0x07, 0xD1, 0x0B, 0x32, 0xC7,
    0x06, 0x6A, 0x26, 0x00, 0x1E, 0xFB, 0x22, 0x79, 0x78, 0x9C, 0x63, 0x60, 0xB8, 0x51, 0xCB, 0xC0,
    0xC0, 0x30, 0xA1, 0xFF, 0x27, 0x3B, 0x03, 0xC3, 0x37, 0xEE, 0x0B, 0xF1, 0x0C, 0x0A, 0xF7, 0x19,
    0x15, 0xFE, 0x32, 0x30, 0x30, 0x31, 0x30, 0x28, 0x00, 0x25, 0x0C, 0x85, 0x81, 0xC4, 0x91, 0xFF,
    0xFF, 0xAD, 0x19, 0x02, 0xDE, 0xBB, 0xB7, 0xFC, 0x67, 0xF9, 0xA8, 0xC7, 0xC0, 0xF0, 0x89, 0xEF,
    0x07, 0x50, 0x71, 0x43, 0xFE, 0x1F, 0xA0, 0x1A, 0x83, 0xFD, 0xFF, 0x81, 0x0A, 0x04, 0xEE, 0x83,
    0x48, 0x86, 0xF7, 0x10, 0x36, 0x44, 0x1C, 0xA2, 0x06, 0xAC, 0x5E, 0x0E, 0xA2, 0x17, 0x64, 0x8E,
    0x0D, 0xD4, 0x4C, 0x00, 0xBE, 0x3C, 0x26, 0x4F, 0x78, 0x9C, 0x63, 0x30, 0x60, 0x00, 0x02, 0x81,
    0x7F, 0xFD, 0x0C, 0x17, 0xD8, 0x0A, 0xF2, 0x9F, 0xE7, 0x7D, 0x63, 0x9B, 0xC0, 0x27, 0xF0, 0xF3,
    0x3D, 0x23, 0x03, 0x23, 0x83, 0x00, 0x33, 0x50, 0xC6, 0x50, 0x18, 0x48, 0x1C, 0xF9, 0xFF, 0xDF,
    0x9A, 0x21, 0xE0, 0xBD, 0x7B, 0xCB, 0x7F, 0x96, 0x8F, 0x7A, 0x0C, 0x0C, 0x9F, 0xF8, 0x7E, 0xB0,
    0x33, 0x30, 0x34, 0xE4, 0xFF, 0x61, 0x62, 0x60, 0x30, 0xD8, 0xFF, 0x1F, 0xA4, 0xFF, 0x3E, 0x88,
    0x64, 0x78, 0x0F, 0x61, 0x43, 0xC4, 0x21, 0x6A, 0xC0, 0xEA, 0xE5, 0x20, 0x7A, 0x41, 0xE6, 0xD8,
    0x40, 0xCD, 0x04, 0x00, 0xEF, 0xF5, 0x26, 0xEA, 0x78, 0x9C, 0x63, 0x08, 0x60, 0x60, 0x60, 0x65,
    0x60, 0xF8, 0xCE, 0x5A, 0x10, 0x0F, 0x23, 0x37, 0x31, 0x2A, 0x48, 0x33, 0xC0, 0x80, 0xA1, 0x30,
    0x90, 0x38, 0xF2, 0xFF, 0xBF, 0x35, 0x43, 0xC0, 0x7B, 0xF7, 0x96, 0xFF, 0x2C, 0x1F, 0xF5, 0x18,
    0x18, 0x3E, 0xF1, 0xFD, 0x60, 0x67, 0x60, 0x68, 0xC8, 0xFF, 0xC3, 0xC4, 0xC0, 0x60, 0xB0, 0xFF,
    0x3F, 0x50, 0x81, 0xC0, 0x7D, 0x10, 0xC9, 0xF0, 0x1E, 0xC2, 0x86, 0x88, 0x43, 0xD4, 0x80, 0xD5,
    0xCB, 0x41, 0xF4, 0x82, 0xCC, 0xB1, 0x81, 0x9A, 0x09, 0x00, 0x79, 0xBC, 0x23, 0x45, 0x78, 0x9C,
    0x63, 0x60, 0x60, 0x48, 0x66, 0x80, 0x80, 0xBF, 0xCC, 0x10, 0xFA, 0x1F, 0x94, 0xBE, 0xC9, 0xC8,
    0x80, 0x1B, 0xFC, 0xFD, 0x0F, 0x06, 0xCC, 0xAD, 0x1D, 0x60, 0x80, 0x4D, 0x89, 0x13, 0x0E, 0x73,
    0x5F, 0x81, 0xCC, 0x05, 0x00, 0xEB, 0x7B, 0x11, 0x1C, 0x78, 0x9C, 0x63, 0x60, 0x30, 0x14, 0x66,
    0x60, 0x61, 0x60, 0xD8, 0xFC, 0xFF, 0xFF, 0x1C, 0x79, 0x06, 0x87, 0xFF, 0x1E, 0x2D, 0xFF, 0xB8,
    0x18, 0x1E, 0xD8, 0x33, 0x30, 0xFC, 0xD5, 0x67, 0xF8, 0xC6, 0xC9, 0x30, 0x61, 0x5E, 0x3F, 0xC3,
    0x2F, 0x16, 0x86, 0xAF, 0xAA, 0xF7, 0x19, 0xFE, 0x32, 0x09, 0xCC, 0x63, 0xF8, 0xCF, 0xF0, 0x97,
    0x71, 0x03, 0x2F, 0x88, 0x62, 0xFA, 0xCE, 0x0C, 0xA4, 0x7E, 0x99, 0xD4, 0x33, 0x08, 0xDC, 0x67,
    0xF8, 0x76, 0x8B, 0x9B, 0x21, 0xA1, 0x9F, 0xE1, 0xC1, 0x7B, 0x46, 0x86, 0x87, 0xFA, 0x0C, 0x0D,
    0xFF, 0x23, 0x4A, 0xFE, 0xB1, 0x31, 0x3C, 0xD8, 0xFD, 0xFF, 0xBF, 0x0F, 0x03, 0x83, 0x01, 0x83,
    0x82, 0x30, 0x03, 0x03, 0x03, 0x00, 0x01, 0x2D, 0x27, 0x01, 0x78, 0x9C, 0x63, 0x50, 0x98, 0xC7,
    0x00, 0x02, 0x7F, 0x38, 0x40, 0xE4, 0x45, 0x7B, 0x10, 0xA9, 0x70, 0x0F, 0x2C, 0xA4, 0xC0, 0x00,
    0x05, 0x0F, 0xD9, 0x18, 0x18, 0x26, 0xF0, 0x7E, 0xE1, 0x62, 0x60, 0x38, 0xA0, 0x4F, 0x0C, 0xF9,
    0x19, 0x48, 0x5E, 0xD0, 0xFF, 0xC4, 0xC3, 0xC0, 0xF0, 0x59, 0xFF, 0x83, 0x3C, 0x83, 0xC0, 0x5F,
    0xFD, 0x09, 0xF7, 0xDD, 0x9E, 0x9F, 0xD1, 0x67, 0xF8, 0xF5, 0xBF, 0xBF, 0x81, 0x8F, 0x41, 0xC0,
    0x18, 0x68, 0x26, 0x00, 0x3A, 0x31, 0x20, 0x47, 0x78, 0x9C, 0x63, 0x60, 0x60, 0xB8, 0xC6, 0xC6,
    0xC0, 0xC0, 0xE0, 0xF0, 0x9E, 0x11, 0x48, 0x3E, 0xB4, 0x07, 0x12, 0x0C, 0x3F, 0x59, 0x41, 0xA4,
    0x20, 0x03, 0x0C, 0x3C, 0x04, 0x2A, 0x98, 0xC0, 0xFB, 0x85, 0x8B, 0x81, 0xE1, 0x80, 0x3E, 0x31,
    0xE4, 0x67, 0x20, 0x79, 0x41, 0xFF, 0x13, 0x0F, 0x03, 0xC3, 0x67, 0xFD, 0x0F, 0xF2, 0x0C, 0x02,
    0x7F, 0xF5, 0x27, 0xDC, 0x77, 0x7B, 0x7E, 0x46, 0x9F, 0xE1, 0xD7, 0xFF, 0xFE, 0x06, 0x3E, 0x06,
    0x01, 0x63, 0xA0, 0x99, 0x00, 0x5B, 0x71, 0x20, 0x92, 0x78, 0x9C, 0x63, 0x60, 0xB8, 0xD6, 0xCB,
    0xC0, 0xC0, 0x90, 0xB0, 0xFE, 0x1B, 0x17, 0x03, 0xC3, 0x17, 0xDE, 0x05, 0xF5, 0x0C, 0x0C, 0xEF,
    0x98, 0x18, 0xFE, 0x30, 0x33, 0x30, 0x31, 0x30, 0x28, 0x30, 0x40, 0xC0, 0x43, 0x36, 0x06, 0x86,
    0x09, 0xBC, 0x5F, 0x80, 0x0A, 0x0E, 0xE8, 0x13, 0x43, 0x7E, 0x06, 0x92, 0x17, 0xF4, 0x3F, 0xF1,
    0x30, 0x30, 0x7C, 0xD6, 0xFF, 0x20, 0xCF, 0x20, 0xF0, 0x57, 0x7F, 0xC2, 0x7D, 0xB7, 0xE7, 0x67,
    0xF4, 0x19, 0x7E, 0xFD, 0xEF, 0x6F, 0xE0, 0x63, 0x10, 0x30, 0x06, 0x9A, 0x09, 0x00, 0xC8, 0x91,
    0x23, 0xFA, 0x78, 0x9C, 0x63, 0x08, 0x60, 0x64, 0x10, 0x65, 0x60, 0xF8, 0xC2, 0xE1, 0xD0, 0x0F,
    0x23, 0x17, 0x32, 0x0B, 0x58, 0x31, 0x20, 0x83, 0x87, 0x6C, 0x0C, 0x0C, 0x13, 0x78, 0xBF, 0x70,
    0x31, 0x30, 0x1C, 0xD0, 0x27, 0x86, 0xFC, 0x0C, 0x24, 0x2F, 0xE8, 0x7F, 0xE2, 0x61, 0x60, 0xF8,
    0xAC, 0xFF, 0x41, 0x9E, 0x41, 0xE0, 0xAF, 0xFE, 0x84, 0xFB, 0x6E, 0xCF, 0xCF, 0xE8, 0x33, 0xFC,
    0xFA, 0xDF, 0xDF, 0xC0, 0xC7, 0x20, 0x60, 0x0C, 0x34, 0x13, 0x00, 0xA4, 0xB3, 0x21, 0x41, 0x78,
    0x9C, 0x63, 0x60, 0x60, 0xD8, 0xC8, 0xCB, 0x00, 0x02, 0x7F, 0xD8, 0x41, 0x64, 0xC3, 0x7A, 0x30,
    0xE7, 0x13, 0x37, 0x98, 0x52, 0x60, 0x40, 0x80, 0x07, 0x5C, 0x40, 0xE2, 0x29, 0xD3, 0x01, 0x7B,
    0x20, 0xF5, 0x8E, 0x21, 0xA1, 0x9F, 0x81, 0x21, 0xA0, 0x9F, 0x41, 0xE0, 0x3D, 0x03, 0xC3, 0x06,
    0x7D, 0x06, 0x86, 0x5F, 0x2C, 0x0C, 0x1F, 0x81, 0x5A, 0xBE, 0x70, 0x32, 0x7C, 0x67, 0x05, 0x2A,
    0xE5, 0x67, 0x78, 0x0B, 0x32, 0x2B, 0xDE, 0xA1, 0x1F, 0x64, 0xC8, 0xFA, 0x05, 0xF2, 0x60, 0x0B,
    0x3E, 0x82, 0x4C, 0x60, 0xF8, 0xF6, 0x87, 0x05, 0x44, 0x7D, 0xBC, 0x0F, 0x36, 0x75, 0x43, 0x3D,
    0x98, 0x3A, 0x00, 0x56, 0xC1, 0xF0, 0x99, 0x13, 0x4C, 0xFD, 0x62, 0x06, 0x91, 0x02, 0xE7, 0xC1,
    0x9C, 0x86, 0x78, 0x30, 0x65, 0xC0, 0x0A, 0x22, 0x01, 0x3A, 0x34, 0x20, 0x3A, 0x78, 0x9C, 0x9B,
    0xC0, 0xC6, 0x00, 0x02, 0x1F, 0x79, 0xC0, 0xD4, 0x27, 0x1C, 0x94, 0x31, 0x88, 0x92, 0xF9, 0xF5,
    0x7F, 0x3E, 0x90, 0xBA, 0x9B, 0x9B, 0xF2, 0x87, 0x9B, 0xE1, 0xD3, 0x7E, 0x06, 0x86, 0x0D, 0xF1,
    0x0C, 0x9F, 0xE4, 0x19, 0x18, 0x14, 0xCE, 0x33, 0x7C, 0xE2, 0x05, 0x2A, 0xF8, 0x07, 0xD1, 0xF0,
    0x87, 0x09, 0x4C, 0xFD, 0x66, 0x82, 0xF1, 0xA0, 0x72, 0x40, 0x95, 0x06, 0xFB, 0xC1, 0xFA, 0x0E,
    0x00, 0xF5, 0xBD, 0x01, 0x9A, 0xC2, 0xC5, 0xF0, 0x49, 0xEB, 0xF7, 0xFF, 0x7E, 0xA0, 0x99, 0x5C,
    0x02, 0x60, 0x1B, 0xB8, 0x20, 0xF6, 0xA1, 0x50, 0x1F, 0x21, 0x54, 0x02, 0x13, 0x98, 0x02, 0x00,
    0xE9, 0xFF, 0x2D, 0x73, 0x78, 0x9C, 0x63, 0x50, 0x60, 0x61, 0x70, 0x62, 0x60, 0x60, 0x38, 0xC0,
    0xCF, 0xF0, 0x07, 0x48, 0x5D, 0xE0, 0x67, 0xF8, 0x0B, 0xA4, 0x12, 0x38, 0x19, 0xA6, 0x31, 0xA0,
    0x81, 0x07, 0x5C, 0x40, 0xE2, 0x29, 0xD3, 0x01, 0x7B, 0x20, 0xF5, 0x8E, 0x21, 0xA1, 0x9F, 0x81,
    0x21, 0xA0, 0x9F, 0x41, 0xE0, 0x3D, 0x03, 0xC3, 0x06, 0x7D, 0x06, 0x86, 0x5F, 0x2C, 0x0C, 0x1F,
    0xB9, 0x19, 0x18, 0xBE, 0x70, 0x32, 0x7C, 0x67, 0x05, 0x2A, 0xE5, 0x67, 0x78, 0x0B, 0x54, 0xD5,
    0x10, 0xEF, 0x00, 0x54, 0xC5, 0xA0, 0xB0, 0x7E, 0x81, 0x3C, 0xC8, 0x80, 0x3F, 0x1F, 0x41, 0x26,
    0x30, 0x7C, 0xFB, 0xC3, 0x02, 0xA2, 0x3E, 0xDE, 0x07, 0x9B, 0xBA, 0xA1, 0x1E, 0x4C, 0x1D, 0x00,
    0xAB, 0x60, 0xF8, 0xCC, 0x09, 0xA6, 0x7E, 0x31, 0x83, 0x48, 0x81, 0xF3, 0x60, 0x4E, 0x43, 0x3C,
    0x98, 0x32, 0x60, 0x05, 0x91, 0x00, 0xD9, 0xEC, 0x21, 0x39,
};
const GFXglyph MPLUSRounded1c_Regular_12Glyphs[] = {
    { 0, 0, 7, 0, 0, 8, 0 }, //  
    { 4, 19, 8, 2, 19, 35, 8 }, // !
    { 8, 7, 10, 1, 20, 34, 43 }, // "
    { 15, 19, 17, 1, 19, 137, 77 }, // #
    { 12, 24, 14, 1, 21, 111, 214 }, // $
    { 19, 20, 21, 1, 19, 171, 325 }, // %
    { 17, 20, 17, 1, 19, 153, 496 }, // &
    { 4, 7, 6, 1, 20, 21, 649 }, // '
    { 8, 24, 9, 1, 20, 92, 670 }, // (
    { 7, 24, 9, 1, 20, 91, 762 }, // )
    { 11, 11, 13, 1, 19, 60, 853 }, // *
    { 15, 15, 18, 2, 15, 38, 913 }, // +
    { 5, 7, 7, 1, 4, 29, 951 }, // ,
    { 8, 2, 12, 2, 8, 16, 980 }, // -
    { 3, 4, 7, 2, 4, 16, 996 }, // .
    { 11, 20, 12, 0, 19, 66, 1012 }, // /
    { 14, 20, 16, 1, 19, 116, 1078 }, // 0
    { 8, 19, 16, 2, 19, 42, 1194 }, // 1
    { 12, 19, 16, 2, 19, 95, 1236 }, // 2
    { 12, 20, 16, 2, 19, 101, 1331 }, // 3
    { 15, 19, 16, 0, 19, 91, 1432 }, // 4
    { 12, 20, 16, 2, 19, 101, 1523 }, // 5
    { 14, 20, 16, 1, 19, 133, 1624 }, // 6
    { 13, 19, 16, 1, 19, 83, 1757 }, // 7
    { 14, 20, 16, 1, 19, 131, 1840 }, // 8
    { 14, 20, 16, 1, 19, 128, 1971 }, // 9
    { 3, 14, 9, 3, 14, 28, 2099 }, // :
    { 4, 17, 9, 2, 14, 34, 2127 }, // ;
    { 14, 14, 17, 1, 14, 78, 2161 }, // <
    { 15, 8, 19, 2, 11, 34, 2239 }, // =
    { 14, 14, 17, 2, 14, 72, 2273 }, // >
    { 12, 19, 16, 2, 19, 82, 2345 }, // ?
    { 19, 19, 21, 1, 16, 147, 2427 }, // @
    { 16, 19, 16, 0, 19, 124, 2574 }, // A
    { 12, 20, 15, 2, 19, 102, 2698 }, // B
    { 13, 20, 15, 1, 19, 103, 2800 }, // C
    { 14, 20, 16, 2, 19, 103, 2903 }, // D
    { 11, 19, 15, 2, 19, 54, 3006 }, // E
    { 11, 19, 14, 2, 19, 54, 3060 }, // F
    { 15, 20, 17, 1, 19, 117, 3114 }, // G
    { 13, 19, 17, 2, 19, 47, 3231 }, // H
    { 4, 19, 8, 2, 19, 20, 3278 }, // I
    { 11, 20, 13, 1, 19, 54, 3298 }, // J
    { 12, 19, 15, 2, 19, 93, 3352 }, // K
    { 12, 19, 15, 2, 19, 31, 3445 }, // L
    { 17, 19, 20, 2, 19, 109, 3476 }, // M
    { 14, 19, 17, 2, 19, 89, 3585 }, // N
    { 16, 20, 18, 1, 19, 137, 3674 }, // O
    { 13, 19, 15, 2, 19, 80, 3811 }, // P
    { 18, 23, 18, 1, 19, 161, 3891 }, // Q
    { 13, 19, 15, 2, 19, 104, 4052 }, // R
    { 12, 20, 14, 1, 19, 96, 4156 }, // S
    { 14, 19, 16, 1, 19, 36, 4252 }, // T
    { 14, 20, 16, 1, 19, 74, 4288 }, // U
    { 16, 19, 16, 0, 19, 111, 4362 }, // V
    { 20, 19, 22, 1, 19, 170, 4473 }, // W
    { 14, 19, 15, 1, 19, 117, 4643 }, // X
    { 15, 19, 15, 0, 19, 91, 4760 }, // Y
    { 13, 19, 15, 1, 19, 96, 4851 }, // Z
    { 8, 24, 12, 2, 20, 35, 4947 }, // [
    { 11, 20, 12, 1, 19, 71, 4982 }, // <backslash>
    { 7, 24, 12, 2, 20, 35, 5053 }, // ]
    { 14, 12, 15, 1, 19, 78, 5088 }, // ^
    { 16, 2, 14, -1, -2, 17, 5166 }, // _
    { 6, 8, 6, 0, 21, 32, 5183 }, // `
    { 11, 15, 13, 1, 14, 96, 5215 }, // a
    { 12, 20, 14, 2, 19, 82, 5311 }, // b
    { 10, 15, 12, 1, 14, 61, 5393 }, // c
    { 12, 20, 14, 1, 19, 85, 5454 }, // d
    { 11, 15, 13, 1, 14, 87, 5539 }, // e
    { 10, 19, 13, 1, 19, 55, 5626 }, // f
    { 12, 20, 14, 1, 14, 117, 5681 }, // g
    { 11, 19, 14, 2, 19, 58, 5798 }, // h
    { 3, 19, 8, 2, 19, 25, 5856 }, // i
    { 7, 25, 9, -1, 19, 47, 5881 }, // j
    { 11, 19, 13, 2, 19, 71, 5928 }, // k
    { 3, 19, 8, 2, 19, 18, 5999 }, // l
    { 17, 14, 20, 1, 14, 81, 6017 }, // m
    { 12, 14, 14, 1, 14, 58, 6098 }, // n
    { 12, 15, 14, 1, 14, 72, 6156 }, // o
    { 13, 20, 14, 1, 14, 100, 6228 }, // p
    { 12, 20, 14, 1, 14, 88, 6328 }, // q
    { 9, 14, 11, 1, 14, 45, 6416 }, // r
    { 10, 15, 12, 1, 14, 79, 6461 }, // s
    { 10, 19, 13, 1, 18, 57, 6540 }, // t
    { 12, 14, 14, 1, 13, 58, 6597 }, // u
    { 13, 13, 13, 0, 13, 90, 6655 }, // v
    { 18, 13, 19, 1, 13, 123, 6745 }, // w
    { 11, 13, 13, 1, 13, 84, 6868 }, // x
    { 13, 19, 13, 0, 13, 111, 6952 }, // y
    { 11, 13, 13, 1, 13, 68, 7063 }, // z
    { 10, 24, 13, 1, 20, 83, 7131 }, // {
    { 3, 27, 9, 3, 21, 20, 7214 }, // |
    { 10, 24, 13, 2, 20, 79, 7234 }, // }
    { 15, 5, 17, 1, 10, 46, 7313 }, // ~
    { 0, 0, 7, 0, 0, 8, 7359 }, //  
    { 4, 19, 8, 2, 13, 37, 7367 }, // ¡
    { 10, 23, 13, 1, 18, 79, 7404 }, // ¢
    { 13, 19, 15, 1, 19, 86, 7483 }, // £
    { 14, 14, 16, 1, 16, 97, 7569 }, // ¤
    { 15, 19, 16, 0, 19, 123, 7666 }, // ¥
    { 3, 23, 9, 3, 19, 29, 7789 }, // ¦
    { 11, 23, 13, 1, 19, 130, 7818 }, // §
    { 7, 4, 11, 2, 19, 24, 7948 }, // ¨
    { 19, 20, 20, 1, 19, 169, 7972 }, // ©
    { 12, 14, 16, 2, 19, 86, 8141 }, // ª
    { 15, 12, 18, 1, 13, 92, 8227 }, // «
    { 14, 8, 16, 1, 11, 29, 8319 }, // ¬
    { 8, 3, 12, 2, 9, 20, 8348 }, // ­
    { 19, 20, 20, 1, 19, 177, 8368 }, // ®
    { 10, 2, 12, 1, 18, 19, 8545 }, // ¯
    { 8, 9, 10, 1, 19, 47, 8564 }, // °
    { 15, 18, 19, 2, 17, 61, 8611 }, // ±
    { 8, 12, 10, 1, 19, 53, 8672 }, // ²
    { 8, 12, 10, 1, 19, 56, 8725 }, // ³
    { 5, 5, 6, 1, 19, 23, 8781 }, // ´
    { 12, 19, 14, 1, 13, 69, 8804 }, // µ
    { 14, 23, 16, 0, 19, 74, 8873 }, // ¶
    { 3, 4, 7, 2, 9, 16, 8947 }, // ·
    { 8, 6, 10, 1, 0, 31, 8963 }, // ¸
    { 5, 12, 10, 1, 19, 28, 8994 }, // ¹
    { 12, 14, 16, 2, 19, 86, 9022 }, // º
    { 15, 12, 18, 2, 13, 93, 9108 }, // »
    { 20, 19, 21, 0, 19, 137, 9201 }, // ¼
    { 20, 19, 21, 0, 19, 142, 9338 }, // ½
    { 19, 19, 21, 1, 19, 158, 9480 }, // ¾
    { 13, 19, 15, 1, 13, 82, 9638 }, // ¿
    { 16, 24, 16, 0, 24, 140, 9720 }, // À
    { 16, 24, 16, 0, 24, 142, 9860 }, // Á
    { 16, 24, 16, 0, 24, 152, 10002 }, // Â
    { 16, 24, 16, 0, 24, 153, 10154 }, // Ã
    { 16, 24, 16, 0, 24, 144, 10307 }, // Ä
    { 16, 26, 16, 0, 26, 156, 10451 }, // Å
    { 19, 19, 20, 0, 19, 122, 10607 }, // Æ
    { 13, 25, 15, 1, 19, 124, 10729 }, // Ç
    { 11, 24, 15, 2, 24, 75, 10853 }, // È
    { 11, 24, 15, 2, 24, 74, 10928 }, // É
    { 11, 24, 15, 2, 24, 84, 11002 }, // Ê
    { 11, 24, 15, 2, 24, 73, 11086 }, // Ë
    { 6, 24, 7, -1, 24, 36, 11159 }, // Ì
    { 6, 24, 7, 2, 24, 37, 11195 }, // Í
    { 9, 24, 7, -1, 24, 52, 11232 }, // Î
    { 8, 24, 8, 0, 24, 42, 11284 }, // Ï
    { 18, 20, 18, 0, 19, 125, 11326 }, // Ð
    { 14, 24, 17, 2, 24, 119, 11451 }, // Ñ
    { 16, 25, 18, 1, 24, 151, 11570 }, // Ò
    { 16, 25, 18, 1, 24, 152, 11721 }, // Ó
    { 16, 25, 18, 1, 24, 160, 11873 }, // Ô
    { 16, 25, 18, 1, 24, 164, 12033 }, // Õ
    { 16, 25, 18, 1, 24, 157, 12197 }, // Ö
    { 13, 13, 14, 1, 14, 79, 12354 }, // ×
    { 16, 20, 18, 1, 19, 166, 12433 }, // Ø
    { 14, 25, 16, 1, 24, 94, 12599 }, // Ù
    { 14, 25, 16, 1, 24, 94, 12693 }, // Ú
    { 14, 25, 16, 1, 24, 105, 12787 }, // Û
    { 14, 25, 16, 1, 24, 95, 12892 }, // Ü
    { 15, 24, 15, 0, 24, 109, 12987 }, // Ý
    { 13, 19, 15, 2, 19, 82, 13096 }, // Þ
    { 12, 20, 15, 2, 19, 105, 13178 }, // ß
    { 11, 20, 13, 1, 19, 115, 13283 }, // à
    { 11, 20, 13, 1, 19, 119, 13398 }, // á
    { 11, 20, 13, 1, 19, 126, 13517 }, // â
    { 11, 20, 13, 1, 19, 123, 13643 }, // ã
    { 11, 20, 13, 1, 19, 113, 13766 }, // ä
    { 11, 22, 13, 1, 21, 121, 13879 }, // å
    { 20, 15, 22, 1, 14, 141, 14000 }, // æ
    { 10, 20, 12, 1, 14, 84, 14141 }, // ç
    { 11, 20, 13, 1, 19, 103, 14225 }, // è
    { 11, 20, 13, 1, 19, 103, 14328 }, // é
    { 11, 20, 13, 1, 19, 114, 14431 }, // ê
    { 11, 20, 13, 1, 19, 102, 14545 }, // ë
    { 6, 19, 7, -1, 19, 35, 14647 }, // ì
    { 6, 19, 7, 2, 19, 33, 14682 }, // í
    { 9, 19, 6, -1, 19, 46, 14715 }, // î
    { 8, 19, 8, 0, 19, 37, 14761 }, // ï
    { 12, 20, 14, 1, 19, 119, 14798 }, // ð
    { 12, 19, 14, 1, 19, 85, 14917 }, // ñ
    { 12, 20, 14, 1, 19, 86, 15002 }, // ò
    { 12, 20, 14, 1, 19, 88, 15088 }, // ó
    { 12, 20, 14, 1, 19, 96, 15176 }, // ô
    { 12, 20, 14, 1, 19, 96, 15272 }, // õ
    { 12, 20, 14, 1, 19, 86, 15368 }, // ö
    { 15, 15, 18, 2, 15, 43, 15454 }, // ÷
    { 13, 15, 14, 1, 14, 113, 15497 }, // ø
    { 12, 20, 14, 1, 19, 78, 15610 }, // ù
    { 12, 20, 14, 1, 19, 81, 15688 }, // ú
    { 12, 20, 14, 1, 19, 89, 15769 }, // û
    { 12, 20, 14, 1, 19, 77, 15858 }, // ü
    { 13, 25, 13, 0, 19, 126, 15935 }, // ý
    { 13, 25, 14, 1, 19, 103, 16061 }, // þ
    { 13, 25, 13, 0, 19, 134, 16164 }, // ÿ
};
const UnicodeInterval MPLUSRounded1c_Regular_12Intervals[] = {
    { 0x20, 0x7E, 0x0 },
    { 0xA0, 0xFF, 0x5F },
};
const GFXfont MPLUSRounded1c_Regular_12 = {
    (uint8_t*)MPLUSRounded1c_Regular_12Bitmaps,
    (GFXglyph*)MPLUSRounded1c_Regular_12Glyphs,
    (UnicodeInterval*)MPLUSRounded1c_Regular_12Intervals,
    2,
    1,
    37,
    27,
    -8,
};
