#pragma once
#include "epd_driver.h"

#ifdef __cplusplus
typedef GFXfont EpdFont;
typedef GFXglyph EpdGlyph;
typedef UnicodeInterval EpdUnicodeInterval;
#endif

const uint8_t MPLUSRounded1c_Medium_12Bitmaps[17443] = {
    0x78, 0x9C, 0x03, 0x00, 0x00, 0x00, 0x00, 0x01, 0x78, 0x9C, 0x13, 0x60, 0x7E, 0x70, 0xFE, 0xD3,
    0xFF, 0x4F, 0xFF, 0x3F, 0xBE, 0xFF, 0xF8, 0xFE, 0xC3, 0x7D, 0x20, 0x3C, 0xFF, 0xE1, 0xFC, 0x83,
    0xFD, 0x0F, 0xF6, 0x5F, 0x58, 0x1F, 0x60, 0xCD, 0xC0, 0xC0, 0xC0, 0x7C, 0x61, 0xFD, 0xC7, 0xF7,
    0x0B, 0xEA, 0x01, 0x29, 0x2A, 0x1A, 0x4A, 0x78, 0x9C, 0x13, 0x60, 0x64, 0x10, 0x62, 0xF8, 0xA4,
    0x1F, 0x70, 0x9F, 0xE1, 0x8B, 0x7F, 0xC3, 0x7F, 0x86, 0xCF, 0xF6, 0x05, 0xFF, 0x81, 0xDC, 0x84,
    0xF7, 0x0C, 0x1F, 0xE5, 0x81, 0x62, 0x0F, 0xF8, 0x0C, 0xF6, 0x33, 0x08, 0x30, 0x32, 0x30, 0x31,
    0x00, 0x00, 0x3A, 0xB1, 0x0E, 0x76, 0x78, 0x9C, 0x63, 0x60, 0x60, 0x60, 0x66, 0x50, 0x60, 0x64,
    0x60, 0x60, 0x38, 0x10, 0xCF, 0xF0, 0x95, 0x17, 0x48, 0x7F, 0x8A, 0x67, 0xF8, 0x05, 0xA2, 0xBF,
    0xEA, 0x33, 0xFC, 0xE5, 0x62, 0x60, 0x70, 0xFE, 0xE9, 0xEF, 0xF2, 0xDF, 0x8A, 0xB1, 0xE0, 0x3F,
    0x18, 0xF0, 0x38, 0xBC, 0xFB, 0xFF, 0xFE, 0xDF, 0xFF, 0x77, 0x9C, 0x0C, 0x0C, 0xFF, 0xD9, 0x1B,
    0xFE, 0x03, 0x95, 0x19, 0xFC, 0x67, 0xD9, 0x70, 0x1E, 0x48, 0x27, 0xFC, 0x67, 0x7C, 0x30, 0x1F,
    0x48, 0x03, 0x05, 0x3F, 0xD4, 0x03, 0x69, 0xA0, 0xE0, 0x67, 0x7F, 0x06, 0x86, 0x25, 0xBF, 0xDE,
    0xAF, 0xFA, 0xB3, 0xDF, 0x8A, 0xE1, 0x0F, 0x58, 0xFB, 0x7C, 0x86, 0xE2, 0x5F, 0xF3, 0x3B, 0xFE,
    0xF5, 0x8A, 0x33, 0x30, 0x7C, 0x97, 0x67, 0xF8, 0xC7, 0x01, 0x54, 0xF7, 0x93, 0x4F, 0xE0, 0x3F,
    0x1B, 0x90, 0xFE, 0xC3, 0xED, 0xF0, 0x9F, 0x19, 0x48, 0xBF, 0x62, 0x51, 0x58, 0x07, 0xA4, 0x00,
    0x92, 0xA6, 0x3C, 0x52, 0x78, 0x9C, 0x63, 0x60, 0x10, 0x60, 0x61, 0x00, 0x81, 0x05, 0xFE, 0x60,
    0xEA, 0x40, 0x3C, 0x88, 0x2C, 0xFA, 0xFD, 0x7E, 0x36, 0x1B, 0x43, 0xC2, 0x7F, 0x20, 0xE8, 0x67,
    0xF8, 0xFC, 0xFF, 0xE6, 0xFA, 0xE5, 0x75, 0x0C, 0x3F, 0xF5, 0xC1, 0x72, 0xBF, 0xF8, 0xC0, 0x14,
    0x94, 0xF7, 0xF9, 0xFE, 0x61, 0x10, 0x55, 0x00, 0x52, 0x07, 0x04, 0x57, 0xFE, 0xFF, 0xAF, 0x03,
    0xD1, 0x8F, 0xFF, 0xFF, 0x97, 0x05, 0x19, 0xD6, 0xFF, 0x7B, 0x3F, 0xD8, 0xCC, 0x0D, 0xFF, 0x19,
    0x41, 0x54, 0xC2, 0x7F, 0x16, 0x08, 0xC5, 0x1C, 0xC0, 0x74, 0x20, 0xFE, 0xD2, 0x7F, 0x86, 0x2F,
    0xF7, 0x5F, 0xDF, 0x07, 0xEA, 0xBC, 0x00, 0xB2, 0x88, 0x9D, 0x81, 0x21, 0xF9, 0xC5, 0x7E, 0x51,
    0x84, 0x23, 0x18, 0x26, 0xD8, 0x83, 0x29, 0x06, 0xA0, 0x5E, 0x06, 0x00, 0x83, 0xD1, 0x3D, 0xC7,
    0x78, 0x9C, 0x2D, 0x8E, 0xCB, 0x09, 0xC2, 0x60, 0x10, 0x84, 0x27, 0x31, 0x06, 0x11, 0xB1, 0x04,
    0xD1, 0x02, 0x82, 0x8F, 0x83, 0x57, 0x53, 0x82, 0x47, 0x6F, 0xB1, 0x03, 0x73, 0xD1, 0xAB, 0x5A,
    0x81, 0x7A, 0x17, 0x52, 0x42, 0xB0, 0x82, 0xA4, 0x04, 0x3B, 0x08, 0x41, 0x3C, 0xFF, 0x46, 0x82,
    0x0F, 0xA2, 0x19, 0xFF, 0x95, 0x2C, 0xBB, 0x3B, 0x1F, 0xBB, 0x30, 0x0C, 0xBA, 0xAB, 0x3A, 0x80,
    0x9E, 0x1E, 0xBC, 0xA9, 0x2C, 0xB8, 0x34, 0x81, 0x39, 0x8F, 0x65, 0x07, 0xE7, 0x44, 0x1F, 0xF5,
    0xCA, 0x17, 0x78, 0x78, 0x1A, 0x6F, 0x81, 0x74, 0xD9, 0xAA, 0x30, 0xF4, 0x69, 0x09, 0x86, 0xC8,
    0x82, 0x2C, 0x12, 0x83, 0x98, 0xC6, 0xD3, 0x7B, 0x4D, 0x04, 0x5D, 0x26, 0x74, 0xD8, 0x14, 0xC4,
    0x95, 0xD1, 0x81, 0xE6, 0x72, 0x2C, 0x3C, 0x32, 0xEE, 0xC1, 0x85, 0xD5, 0xA3, 0xE8, 0x97, 0x41,
    0xB1, 0x13, 0x1A, 0x70, 0x46, 0x3B, 0x56, 0x7F, 0x13, 0xB5, 0xA5, 0xB1, 0xA1, 0xA1, 0x31, 0x5F,
    0x6B, 0xF5, 0x25, 0x10, 0xBE, 0x6D, 0xAD, 0x7B, 0xB9, 0x4E, 0x69, 0xBB, 0x6C, 0xA4, 0x55, 0x36,
    0x7C, 0x92, 0x52, 0xB2, 0xA5, 0x0E, 0x70, 0xA2, 0xB2, 0x51, 0xD5, 0xB0, 0x06, 0xFC, 0x00, 0x7C,
    0xC9, 0x50, 0xC3, 0x78, 0x9C, 0x25, 0xCE, 0x3D, 0x0A, 0xC2, 0x40, 0x10, 0x05, 0xE0, 0x17, 0xFF,
    0x41, 0x84, 0x60, 0x2F, 0x0A, 0x82, 0x58, 0x89, 0xB9, 0x80, 0x7A, 0x84, 0xF5, 0x04, 0xF1, 0x06,
    0x82, 0x4D, 0x8E, 0xA1, 0x47, 0xB0, 0xB1, 0xB1, 0x89, 0x47, 0xF0, 0x06, 0x1E, 0x21, 0x8A, 0x8D,
    0xDD, 0x56, 0x49, 0x30, 0xB8, 0xFB, 0x9C, 0xD1, 0x69, 0xE6, 0x63, 0x78, 0x0F, 0x06, 0x58, 0x27,
    0x13, 0xE8, 0x1C, 0x48, 0x76, 0x15, 0x6F, 0x7B, 0x76, 0xA9, 0xEC, 0x90, 0x3D, 0x5C, 0x18, 0x00,
    0x23, 0x76, 0xB0, 0x61, 0x4D, 0x4E, 0x12, 0x38, 0x52, 0x33, 0x55, 0x8C, 0x72, 0xAF, 0x78, 0xF0,
    0xF4, 0x6F, 0xCD, 0xC9, 0x14, 0x91, 0xD6, 0x9C, 0xC4, 0x7D, 0x13, 0x78, 0x92, 0xB3, 0x90, 0x6D,
    0xAC, 0x18, 0xE7, 0xB6, 0x2F, 0xB8, 0xB3, 0x6E, 0xB8, 0x10, 0x94, 0x5B, 0x20, 0xB7, 0x82, 0x6A,
    0x08, 0x18, 0x2A, 0x96, 0xD2, 0x2C, 0x04, 0x45, 0xD6, 0xC0, 0xCE, 0x73, 0x80, 0x2B, 0xE9, 0xC9,
    0xCF, 0x2D, 0xC0, 0x8B, 0xCC, 0xA6, 0xC6, 0xB5, 0x80, 0x68, 0xFC, 0xFB, 0xF4, 0x0B, 0x2F, 0x11,
    0x46, 0xFB, 0x78, 0x9C, 0x13, 0x60, 0x7E, 0x50, 0xFF, 0x69, 0xFD, 0xC7, 0xF9, 0x1F, 0xFA, 0x3F,
    0xD4, 0x1F, 0xF0, 0x67, 0x60, 0x02, 0x00, 0x4D, 0x41, 0x08, 0xA3, 0x78, 0x9C, 0x63, 0x60, 0x60,
    0x60, 0x62, 0x60, 0xB8, 0x14, 0xCF, 0x20, 0xF0, 0x97, 0x8B, 0x61, 0xC1, 0x7D, 0x06, 0x86, 0x2F,
    0xFE, 0x0C, 0x0C, 0x7F, 0x79, 0x18, 0x1C, 0xFE, 0xB3, 0x32, 0x4C, 0xF8, 0xCF, 0xC0, 0xF0, 0xE0,
    0x3C, 0x03, 0xC3, 0xC7, 0x7E, 0x06, 0x86, 0xCF, 0xF5, 0x40, 0xA9, 0x78, 0x06, 0x86, 0xAF, 0x40,
    0xFC, 0x25, 0x9F, 0x81, 0xE1, 0x13, 0x90, 0xFF, 0x61, 0x3E, 0x03, 0xC3, 0x01, 0xA0, 0x96, 0x82,
    0xFF, 0x4C, 0x0C, 0x0A, 0xFF, 0x39, 0x18, 0x18, 0x7E, 0xF1, 0x41, 0x24, 0x12, 0xFE, 0x33, 0x33,
    0x30, 0xFC, 0x94, 0x03, 0xCA, 0xF8, 0x00, 0x00, 0xB2, 0xA9, 0x1E, 0x79, 0x78, 0x9C, 0x0D, 0xCA,
    0xC1, 0x0D, 0x40, 0x40, 0x14, 0x00, 0xD1, 0xD9, 0x2C, 0x11, 0x1B, 0x1C, 0x54, 0xA0, 0x03, 0x25,
    0x50, 0x82, 0x0E, 0xB4, 0xA0, 0x03, 0x4A, 0xD0, 0x09, 0x67, 0xCD, 0xD0, 0x81, 0x84, 0x70, 0xB1,
    0x7C, 0xFF, 0x30, 0x87, 0x49, 0x5E, 0x0E, 0x3C, 0x31, 0x1C, 0x3D, 0x34, 0x12, 0xE8, 0xA4, 0x70,
    0xB6, 0x30, 0xAF, 0xD0, 0x89, 0xA5, 0x90, 0x08, 0xC4, 0xC1, 0x9B, 0x80, 0xCF, 0x14, 0x68, 0x5E,
    0xD1, 0xA7, 0x2F, 0x31, 0xB5, 0x84, 0x0C, 0x62, 0xD8, 0x26, 0xB8, 0x4B, 0x65, 0x8E, 0x71, 0x37,
    0x5C, 0x15, 0x2C, 0x16, 0x7E, 0x1A, 0xBA, 0x1B, 0x8C, 0x78, 0x9C, 0x63, 0x60, 0xD8, 0xCC, 0xC4,
    0x00, 0x04, 0x3F, 0x39, 0x40, 0xE4, 0x0F, 0x20, 0xB9, 0x45, 0xEC, 0x87, 0xF8, 0x36, 0x96, 0x5F,
    0xFF, 0xFF, 0xFD, 0xFB, 0xCF, 0x59, 0xF8, 0xE7, 0xFF, 0xFF, 0x6A, 0x46, 0x86, 0x82, 0xFF, 0xF9,
    0x40, 0xC9, 0x4F, 0xFB, 0xFF, 0x03, 0x95, 0xFE, 0xE5, 0xFA, 0xCD, 0xC3, 0xC0, 0xF0, 0x9E, 0xF1,
    0x21, 0x3F, 0x03, 0x83, 0x20, 0x83, 0x00, 0x23, 0x03, 0x00, 0x01, 0xAD, 0x16, 0xCE, 0x78, 0x9C,
    0x63, 0x60, 0x60, 0x30, 0x60, 0x63, 0x00, 0x83, 0x07, 0xFE, 0x10, 0xFA, 0x03, 0x3E, 0x5A, 0xC1,
    0xC5, 0xE5, 0x6B, 0xBF, 0x8B, 0x0B, 0xF3, 0x87, 0xFF, 0x60, 0x10, 0x3F, 0xE1, 0xCC, 0x99, 0xBF,
    0xEF, 0xCF, 0x9C, 0xD1, 0x26, 0xA4, 0x0F, 0x89, 0x5E, 0x20, 0x07, 0x24, 0x00, 0xB4, 0x96, 0x1D,
    0x32, 0x78, 0x9C, 0x63, 0xD8, 0xC6, 0xE1, 0xF0, 0x9F, 0x6F, 0xC2, 0x7F, 0x8E, 0x07, 0xFF, 0x99,
    0x3E, 0xAD, 0x67, 0xF8, 0x66, 0xCF, 0xB0, 0x89, 0x8D, 0x01, 0x00, 0x68, 0xA2, 0x09, 0x12, 0x78,
    0x9C, 0x53, 0x70, 0x71, 0x71, 0x61, 0xFC, 0xF0, 0xFF, 0xFF, 0x7F, 0xDE, 0x09, 0x67, 0xCE, 0x9C,
    0x61, 0x07, 0x00, 0x37, 0xEF, 0x07, 0xE3, 0x78, 0x9C, 0xDB, 0x24, 0xF5, 0xAB, 0xFE, 0x57, 0xFF,
    0x17, 0x3B, 0x00, 0x16, 0x60, 0x05, 0x01, 0x78, 0x9C, 0x63, 0x60, 0x00, 0x02, 0x66, 0x10, 0xF1,
    0xD0, 0x1E, 0x44, 0xFE, 0xE4, 0x07, 0x12, 0x02, 0xFF, 0x39, 0x80, 0x64, 0xC3, 0x7F, 0x46, 0x20,
    0xF9, 0x60, 0x3D, 0x48, 0xF8, 0x1B, 0x58, 0xF2, 0x2F, 0x0F, 0x90, 0x08, 0xF8, 0xCF, 0x02, 0x24,
    0x0F, 0xDC, 0x07, 0x09, 0x7C, 0xCE, 0x07, 0x91, 0xBF, 0xF8, 0x80, 0x84, 0x02, 0x58, 0xCF, 0x04,
    0xB0, 0x9E, 0x8F, 0xF3, 0x41, 0xC2, 0xDF, 0xF5, 0x41, 0xE4, 0x3F, 0x6E, 0xB8, 0x9E, 0x0B, 0xE7,
    0x41, 0x02, 0x17, 0x74, 0x41, 0x24, 0x00, 0x6E, 0x5F, 0x18, 0x51, 0x78, 0x9C, 0x63, 0x60, 0x08,
    0x2C, 0x67, 0x65, 0x60, 0x60, 0x58, 0xF8, 0xFF, 0xFF, 0x7F, 0x0E, 0x06, 0x81, 0xBF, 0xEF, 0x4F,
    0xFF, 0xDF, 0xCF, 0xB0, 0xE0, 0x3F, 0x27, 0xC3, 0xC1, 0xFF, 0x6C, 0x1F, 0xCF, 0x33, 0x30, 0x08,
    0xFC, 0xE7, 0xFD, 0x96, 0x0F, 0x94, 0xFF, 0xA5, 0xFF, 0x53, 0x1F, 0x48, 0x7D, 0x8B, 0xFF, 0xCD,
    0x0F, 0xA4, 0xBE, 0xD4, 0xFF, 0xE5, 0x03, 0x52, 0x9F, 0xFA, 0x21, 0xD4, 0x7C, 0x28, 0xF5, 0x07,
    0x22, 0x08, 0x55, 0xF2, 0xC3, 0x1E, 0x48, 0x7D, 0xF7, 0xFF, 0x5A, 0x0F, 0xA4, 0x7E, 0xCB, 0x7F,
    0x78, 0xCF, 0xC0, 0x60, 0xF0, 0x9F, 0xBB, 0xE0, 0xBF, 0x0D, 0xC3, 0xD3, 0xFF, 0xCC, 0x0C, 0xBF,
    0x81, 0xF6, 0x01, 0x25, 0x0A, 0xFE, 0xFE, 0x3F, 0xCF, 0x02, 0x94, 0x17, 0x30, 0x66, 0x64, 0x60,
    0x00, 0x00, 0x74, 0x15, 0x37, 0x47, 0x78, 0x9C, 0x63, 0x60, 0x60, 0x50, 0x62, 0x60, 0x60, 0xB8,
    0xF2, 0x9F, 0x85, 0xA1, 0xE0, 0xFF, 0x7F, 0x76, 0x86, 0x5F, 0xFF, 0xFF, 0x73, 0x6C, 0xF8, 0x1F,
    0xFD, 0x9F, 0xE3, 0x53, 0xBF, 0xC3, 0x7F, 0x8E, 0x47, 0xAC, 0x40, 0x82, 0x81, 0x81, 0x74, 0xC2,
    0x00, 0x68, 0x14, 0x03, 0xC3, 0x1B, 0x26, 0x00, 0x52, 0x24, 0x1E, 0x60, 0x78, 0x9C, 0x63, 0x70,
    0x28, 0x0B, 0x67, 0x64, 0xD8, 0xF0, 0xFF, 0xFF, 0xFF, 0x7E, 0x86, 0x6F, 0xFF, 0xEF, 0xFD, 0xFF,
    0xCF, 0xB9, 0x58, 0x8C, 0x21, 0xE0, 0xBF, 0x3E, 0x03, 0x10, 0xFC, 0xA8, 0x07, 0x91, 0x5F, 0xE6,
    0x83, 0xC9, 0x7E, 0x10, 0xF9, 0x3D, 0x1F, 0x44, 0xFE, 0x95, 0x07, 0x12, 0x01, 0xFF, 0xB9, 0x80,
    0xE4, 0xA3, 0xFF, 0x8C, 0x0C, 0x0C, 0x02, 0x7F, 0xFD, 0x81, 0xCC, 0x8B, 0xFF, 0xD9, 0x18, 0x18,
    0x14, 0xFE, 0x82, 0xF4, 0x3C, 0x06, 0x31, 0x03, 0xFE, 0x83, 0x44, 0xBF, 0xFE, 0x77, 0x77, 0x71,
    0x61, 0xFE, 0xF3, 0x1F, 0x64, 0xC1, 0x4F, 0x10, 0x19, 0x0F, 0x00, 0x33, 0x41, 0x2C, 0x9B, 0x78,
    0x9C, 0x33, 0x70, 0x01, 0x02, 0xA6, 0x3F, 0xFF, 0x81, 0xC0, 0xFF, 0x27, 0x98, 0x64, 0x60, 0x60,
    0x98, 0xF0, 0x9F, 0x07, 0x48, 0xFE, 0x3A, 0x0F, 0x24, 0x36, 0x80, 0x99, 0xBF, 0xF7, 0x03, 0x89,
    0x03, 0xFF, 0xB9, 0x81, 0xE4, 0xD7, 0xFF, 0xAB, 0xD9, 0x18, 0x18, 0xBE, 0xFD, 0xFF, 0xFF, 0x9E,
    0x99, 0xC1, 0x20, 0xE4, 0xFA, 0x7F, 0x3E, 0x06, 0x90, 0x7C, 0x3E, 0x88, 0xFC, 0x3C, 0x1F, 0x44,
    0x7E, 0x02, 0x93, 0x5F, 0xFA, 0xC1, 0xE2, 0xFE, 0xCB, 0xD4, 0x04, 0x8E, 0xFC, 0xE7, 0xF9, 0x05,
    0x34, 0xF8, 0x3D, 0xD3, 0x21, 0x20, 0x21, 0xC1, 0xC0, 0xA0, 0x60, 0xCC, 0xC4, 0xC0, 0x00, 0x00,
    0x01, 0x3B, 0x30, 0x6D, 0x78, 0x9C, 0x63, 0x60, 0x60, 0x60, 0x50, 0x60, 0x62, 0x00, 0x83, 0x5F,
    0xF6, 0x60, 0xAA, 0xE0, 0x7F, 0x3D, 0x98, 0xFE, 0x0C, 0xA5, 0xFF, 0x42, 0xE8, 0x09, 0xFF, 0xBF,
    0x81, 0xE9, 0x2F, 0xF5, 0x5F, 0x40, 0xB4, 0xC0, 0x3F, 0x1E, 0x30, 0xBD, 0xE0, 0x3F, 0x13, 0x98,
    0xFE, 0x9A, 0xCF, 0x00, 0xA2, 0x05, 0xFE, 0x71, 0x83, 0xE9, 0x0D, 0xEF, 0x19, 0xC1, 0xF4, 0x97,
    0x7E, 0x63, 0xE3, 0x6F, 0xF3, 0x95, 0x19, 0x7E, 0xFE, 0x07, 0x03, 0xE6, 0xAF, 0x60, 0xEA, 0x3D,
    0x13, 0xC4, 0x24, 0x88, 0xBD, 0x30, 0xFA, 0x33, 0x94, 0x3E, 0xA0, 0xC7, 0xC0, 0x00, 0x00, 0x06,
    0x96, 0x32, 0xF5, 0x78, 0x9C, 0x63, 0x70, 0x76, 0x71, 0x71, 0x61, 0x3C, 0xF0, 0x1F, 0x08, 0xF8,
    0x3F, 0x82, 0x48, 0x9E, 0x4F, 0xFD, 0x0C, 0x40, 0xF0, 0x39, 0x1F, 0x44, 0x7E, 0x81, 0x90, 0xF1,
    0x20, 0xF2, 0x6B, 0xFE, 0xF2, 0xD5, 0x6C, 0x0C, 0xDF, 0x80, 0x4A, 0xDE, 0x33, 0x7F, 0xFB, 0x5F,
    0x79, 0xE2, 0xBF, 0x5C, 0x02, 0x2B, 0x03, 0xC3, 0xCF, 0x7A, 0x90, 0xDC, 0xC7, 0xFD, 0x20, 0xF2,
    0xC1, 0x7D, 0x04, 0x09, 0x11, 0xF9, 0x59, 0xBF, 0x44, 0x8D, 0x61, 0xF1, 0x7F, 0xBE, 0x1F, 0x20,
    0x93, 0x99, 0x37, 0x02, 0xB5, 0x4A, 0x32, 0x30, 0x28, 0x18, 0x33, 0x31, 0x30, 0x00, 0x00, 0x3B,
    0xBE, 0x32, 0x12, 0x78, 0x9C, 0x63, 0x60, 0x10, 0x28, 0x0D, 0x67, 0x66, 0x60, 0x10, 0xF8, 0xF5,
    0xFF, 0x7F, 0x3E, 0x03, 0xC3, 0xA3, 0xFF, 0xF7, 0xEF, 0xD4, 0x33, 0x30, 0xFC, 0x5D, 0xCF, 0xC8,
    0xC0, 0xC0, 0x90, 0xF0, 0x9F, 0x0B, 0x48, 0x32, 0x5C, 0xF8, 0x0F, 0xE2, 0x30, 0x7C, 0x5A, 0xCF,
    0x60, 0xC4, 0xC4, 0xC0, 0xF0, 0xB5, 0xFE, 0xC5, 0xFF, 0xFF, 0x52, 0x0C, 0xDF, 0xFF, 0xFF, 0xBF,
    0xF7, 0xFF, 0x3D, 0xD3, 0x8F, 0xFF, 0xD2, 0x0C, 0x0B, 0xFF, 0xF3, 0xFE, 0x3C, 0x0F, 0x54, 0xF0,
    0xDB, 0xFF, 0x67, 0x3C, 0x90, 0xFA, 0xD2, 0xFF, 0xC3, 0x1E, 0xA4, 0x7C, 0xFE, 0x37, 0x08, 0xF5,
    0x19, 0x68, 0x1E, 0xC3, 0xB7, 0xFC, 0x07, 0xEF, 0x81, 0xA6, 0xFC, 0xD5, 0x4F, 0xF8, 0xEF, 0xCB,
    0x70, 0x04, 0x68, 0x2E, 0xD0, 0xBA, 0xFF, 0x40, 0x4D, 0x09, 0x7F, 0xFF, 0xDF, 0x67, 0x07, 0xCA,
    0x0B, 0x18, 0x03, 0x65, 0x01, 0xAF, 0x4D, 0x3A, 0x36, 0x78, 0x9C, 0x33, 0x74, 0x01, 0x02, 0xE1,
    0x7F, 0xFF, 0x81, 0xE0, 0xFD, 0x6F, 0x30, 0xC9, 0x00, 0x04, 0x17, 0xE6, 0x83, 0xC8, 0xEF, 0xFA,
    0x40, 0x42, 0xE0, 0x3F, 0x27, 0x90, 0x9C, 0xF0, 0x9F, 0x11, 0x48, 0x7E, 0xEA, 0x07, 0x09, 0xFF,
    0x92, 0x07, 0x12, 0x0A, 0x48, 0xC2, 0x1F, 0xF7, 0x83, 0x55, 0xFB, 0x83, 0xC8, 0xBF, 0x7C, 0x40,
    0xC2, 0xE1, 0x3F, 0x07, 0x90, 0x5C, 0xF0, 0x9F, 0x09, 0x48, 0x7E, 0xB8, 0x0F, 0x12, 0xFE, 0x5A,
    0x0F, 0x22, 0xBF, 0x70, 0x03, 0x09, 0x00, 0x5D, 0xBB, 0x22, 0xDE, 0x78, 0x9C, 0x63, 0x60, 0x48,
    0x2E, 0x57, 0x65, 0x60, 0x60, 0xB8, 0xFA, 0xFF, 0xFF, 0x7F, 0x1D, 0x86, 0x80, 0xFF, 0xF7, 0x77,
    0xFF, 0xFB, 0xCF, 0xF4, 0xE0, 0x3F, 0x0B, 0x43, 0xC2, 0x7F, 0xEE, 0xCF, 0xF3, 0x81, 0x12, 0xBF,
    0xF9, 0x3F, 0xD5, 0x03, 0xA9, 0x9F, 0x7C, 0x0F, 0xCE, 0x33, 0x30, 0x08, 0xFC, 0xE3, 0x4A, 0xF8,
    0x6F, 0xC3, 0xF0, 0xF4, 0x3D, 0x13, 0xC3, 0xF7, 0xFF, 0x6F, 0x81, 0x1A, 0x18, 0x26, 0x00, 0xF5,
    0x49, 0x30, 0x28, 0xFC, 0x3D, 0x3F, 0xFD, 0xDF, 0x7B, 0xE6, 0x87, 0xEF, 0x59, 0x18, 0x0A, 0xFE,
    0xF3, 0xFD, 0xB0, 0x07, 0x6A, 0xF8, 0x91, 0xFF, 0x87, 0x07, 0x48, 0x7D, 0xEA, 0xFF, 0x0B, 0xA6,
    0xE6, 0xFF, 0x82, 0x08, 0x7E, 0x7E, 0x2F, 0xC6, 0x30, 0xE9, 0x3F, 0x5F, 0x02, 0x50, 0xDB, 0xFF,
    0xF7, 0xCC, 0x0C, 0x9B, 0x81, 0xA4, 0x24, 0x50, 0x42, 0xC1, 0x98, 0x89, 0x81, 0x01, 0x00, 0xB1,
    0x1B, 0x3F, 0x4A, 0x78, 0x9C, 0x63, 0x60, 0x48, 0x2E, 0x67, 0x61, 0x60, 0x60, 0xB8, 0xF2, 0xFF,
    0xFF, 0x7F, 0x0E, 0x86, 0x80, 0xFF, 0xEF, 0xEF, 0xFC, 0x5F, 0xCF, 0xF0, 0xF1, 0x3F, 0x2B, 0xC3,
    0xA5, 0xFF, 0xAC, 0x3F, 0xF2, 0x19, 0x18, 0x04, 0xFE, 0xF3, 0xFC, 0xE1, 0x07, 0xCA, 0xFF, 0xE4,
    0xFF, 0xCB, 0x07, 0xA4, 0xBE, 0xDB, 0x43, 0xA8, 0xF8, 0x5F, 0xFA, 0x40, 0xEA, 0x77, 0xFC, 0xB7,
    0xFD, 0x0C, 0x0C, 0x0E, 0xFF, 0xE3, 0x2F, 0xFC, 0xF7, 0x56, 0xFC, 0xFE, 0xDF, 0x5F, 0xE1, 0x1F,
    0xD0, 0x94, 0xBF, 0xFA, 0x0C, 0x8D, 0x7F, 0xEF, 0x6B, 0xFE, 0x06, 0xE9, 0x62, 0x60, 0xF8, 0xC7,
    0x0B, 0x22, 0x1D, 0xFE, 0xB3, 0x83, 0xA8, 0x8B, 0xFF, 0x19, 0x19, 0x8C, 0x19, 0x03, 0xFF, 0xD6,
    0x03, 0x8D, 0x05, 0x02, 0x4E, 0xA0, 0x09, 0xFF, 0xFF, 0xFB, 0x80, 0x64, 0x8C, 0x98, 0x80, 0x04,
    0x00, 0x27, 0x93, 0x37, 0x60, 0x78, 0x9C, 0x2B, 0x60, 0xFB, 0x99, 0xFF, 0xBB, 0xFF, 0xBB, 0xBF,
    0x01, 0x13, 0x03, 0x1C, 0x6C, 0x92, 0xFA, 0x55, 0xFF, 0xAB, 0xFF, 0x8B, 0x1D, 0x00, 0x8B, 0x73,
    0x09, 0xE1, 0x78, 0x9C, 0x63, 0x48, 0x10, 0x67, 0xF8, 0xB6, 0x9E, 0xE1, 0xFB, 0x7E, 0x86, 0x2F,
    0xFD, 0x0C, 0x0A, 0xCC, 0x0C, 0x68, 0x60, 0x91, 0x35, 0xC3, 0x9F, 0x7C, 0x81, 0xFF, 0xF2, 0x09,
    0xFF, 0x39, 0x17, 0xFC, 0x67, 0x7E, 0xB0, 0x9F, 0xA1, 0x40, 0x8A, 0x01, 0x00, 0x52, 0x4E, 0x0E,
    0x22, 0x78, 0x9C, 0x63, 0x60, 0x00, 0x82, 0x00, 0x1F, 0x10, 0xD9, 0xF8, 0x2F, 0x1F, 0x48, 0x2E,
    0xFE, 0xFF, 0x9E, 0x83, 0x81, 0xE1, 0xE8, 0xFF, 0xF3, 0xAC, 0x0C, 0x02, 0xCF, 0xFF, 0xCF, 0x67,
    0x62, 0x60, 0x78, 0xF8, 0x3F, 0x07, 0x24, 0xFD, 0xCD, 0x1A, 0x44, 0x32, 0x7C, 0xD9, 0xCF, 0x02,
    0xA2, 0x0A, 0xFE, 0xBD, 0x17, 0x07, 0xD1, 0x09, 0x7F, 0xFF, 0x7B, 0x81, 0x68, 0x87, 0xDF, 0xFF,
    0x6B, 0x19, 0x81, 0xB4, 0xC2, 0xCF, 0xFF, 0xF6, 0x60, 0x75, 0xD7, 0xFB, 0xC1, 0x14, 0x83, 0x08,
    0x00, 0x72, 0x58, 0x1B, 0x2A, 0x78, 0x9C, 0x33, 0x70, 0x01, 0x01, 0x13, 0x86, 0xDF, 0xFF, 0xC1,
    0x80, 0xF3, 0xFA, 0x3B, 0x10, 0xB8, 0xC7, 0xCA, 0x80, 0x03, 0x04, 0xA6, 0x81, 0x40, 0x18, 0x23,
    0x4C, 0xFD, 0xD6, 0x33, 0x20, 0xB0, 0x87, 0x05, 0x00, 0x20, 0x6E, 0x1E, 0x2C, 0x78, 0x9C, 0xDB,
    0xCE, 0xC2, 0x00, 0x02, 0x3F, 0xEF, 0xB3, 0x83, 0xA8, 0x89, 0xFF, 0xFF, 0x6B, 0x82, 0xE8, 0x84,
    0xBF, 0xFF, 0xBD, 0x41, 0xB4, 0xC1, 0xAF, 0xFF, 0xB9, 0x20, 0x5A, 0xE0, 0xFA, 0x7F, 0x1E, 0xB0,
    0xBA, 0x23, 0xF6, 0x20, 0x32, 0xE0, 0x8F, 0x3E, 0x90, 0x6C, 0xFA, 0xF7, 0x9E, 0x95, 0x81, 0x61,
    0xEB, 0xFF, 0xF3, 0xAC, 0x0C, 0x02, 0x2F, 0xFE, 0xAF, 0x67, 0x66, 0x60, 0xF8, 0xFA, 0xBF, 0x8F,
    0x11, 0x28, 0xF1, 0x2B, 0x07, 0xAC, 0xD6, 0x10, 0x4C, 0x32, 0x00, 0x00, 0x64, 0x68, 0x1A, 0xBF,
    0x78, 0x9C, 0x63, 0x08, 0x2E, 0x4B, 0x67, 0x66, 0x60, 0xF8, 0xF1, 0xFF, 0xFF, 0xFF, 0xFB, 0x2C,
    0x0C, 0xFF, 0xFE, 0xDF, 0xFB, 0xF7, 0xDF, 0x9F, 0x21, 0x98, 0x89, 0x41, 0xE0, 0xE7, 0x7D, 0x06,
    0x10, 0xF8, 0xF0, 0x1F, 0x4C, 0x3D, 0x78, 0x0F, 0xA6, 0xBE, 0xEE, 0x07, 0x91, 0x0E, 0xFF, 0xF5,
    0x40, 0xD4, 0xCF, 0xFB, 0x4C, 0x40, 0xF2, 0xC0, 0x7F, 0x2E, 0x10, 0xE7, 0x57, 0x3F, 0x88, 0x34,
    0xF8, 0xCF, 0x0D, 0xA2, 0x12, 0xFE, 0xB3, 0x80, 0x95, 0x47, 0x30, 0x20, 0x03, 0x61, 0x30, 0x59,
    0xF0, 0x9F, 0x11, 0x44, 0x2D, 0x80, 0x28, 0x71, 0x38, 0x0F, 0x22, 0x01, 0xDA, 0x9C, 0x20, 0xA5,
    0x78, 0x9C, 0x63, 0x60, 0x60, 0x28, 0x3A, 0x7D, 0x36, 0x8A, 0x01, 0x04, 0x16, 0xFE, 0x07, 0x82,
    0x3A, 0x20, 0xC3, 0xE0, 0xDF, 0x7C, 0x53, 0xA3, 0x63, 0xFF, 0xB9, 0x19, 0x18, 0x1E, 0xEE, 0x67,
    0x04, 0xF2, 0x9F, 0xAC, 0x67, 0x60, 0xF8, 0xCD, 0x9D, 0xB0, 0x9B, 0xBD, 0x49, 0xE9, 0x3F, 0xAB,
    0xC3, 0x7B, 0xC6, 0xDF, 0xFF, 0xCF, 0xFF, 0xE1, 0xF9, 0xCA, 0x3B, 0xA1, 0x3E, 0xE1, 0x7F, 0xDF,
    0xCF, 0xFF, 0x7C, 0x17, 0xEC, 0x1F, 0xE8, 0x6F, 0xF8, 0xCF, 0x54, 0xF0, 0x9F, 0x6F, 0x42, 0xFD,
    0x07, 0xFE, 0x07, 0xF7, 0x19, 0x04, 0xFE, 0xF3, 0x25, 0xCC, 0xFF, 0xC0, 0xFF, 0xE1, 0x3C, 0x03,
    0xC3, 0x7F, 0xBE, 0x80, 0xF5, 0x08, 0x31, 0x90, 0x3A, 0xE6, 0x04, 0x90, 0xBA, 0x09, 0xF5, 0x01,
    0x20, 0xBD, 0xF5, 0xCF, 0xF5, 0x81, 0xE6, 0xFD, 0x02, 0x9A, 0xF7, 0xFF, 0x3F, 0x0F, 0xC8, 0x8E,
    0x5D, 0xEC, 0x4D, 0x1D, 0x15, 0x8C, 0x50, 0x7B, 0x41, 0x58, 0x01, 0xE8, 0x16, 0xA7, 0xE3, 0xF1,
    0x70, 0xF7, 0xF9, 0x81, 0x9D, 0x0A, 0x75, 0x33, 0x00, 0x41, 0x08, 0x55, 0x0F, 0x78, 0x9C, 0x63,
    0x60, 0x60, 0x10, 0x60, 0x66, 0x00, 0x83, 0xAF, 0xFB, 0x21, 0xF4, 0xBF, 0xFF, 0x2C, 0x20, 0xCA,
    0xE0, 0xFF, 0x5F, 0x4E, 0x10, 0x3D, 0x61, 0xFF, 0x77, 0x7E, 0x10, 0xFD, 0xA0, 0xFE, 0x53, 0x3C,
    0x88, 0xFE, 0xA2, 0x7F, 0x61, 0x3D, 0x88, 0xFE, 0xC9, 0xDB, 0xF0, 0x1F, 0xAC, 0x9C, 0xC3, 0xE0,
    0x3F, 0x2B, 0x03, 0x83, 0xC3, 0x7F, 0x66, 0x86, 0x7F, 0xDC, 0x0C, 0x0C, 0x0B, 0xDE, 0x03, 0xA5,
    0x80, 0x1A, 0x3E, 0xCC, 0x07, 0x2A, 0xCD, 0x07, 0x9A, 0xFA, 0x1F, 0x08, 0x80, 0x26, 0xFF, 0x02,
    0xD1, 0xFF, 0x19, 0x19, 0xFE, 0x6B, 0x2B, 0x29, 0x15, 0xFD, 0x67, 0x0B, 0x00, 0xE9, 0x11, 0xF8,
    0xCF, 0xB3, 0x01, 0x28, 0xC4, 0xC0, 0xF0, 0x47, 0xFE, 0xC3, 0x79, 0x90, 0x59, 0xDF, 0xF3, 0x2F,
    0xD8, 0x82, 0xE8, 0x0D, 0xF1, 0x00, 0x61, 0x77, 0x33, 0x3E, 0x78, 0x9C, 0x73, 0x28, 0x2B, 0x77,
    0x63, 0x60, 0x60, 0xF8, 0xFD, 0xFF, 0xFF, 0xFF, 0x7E, 0x06, 0x86, 0xFF, 0xE7, 0x77, 0xFF, 0xFD,
    0xCF, 0xCD, 0xF0, 0x9F, 0x87, 0x41, 0xE1, 0xAF, 0x3F, 0x88, 0x62, 0xF8, 0x5C, 0x0F, 0xA6, 0x3E,
    0x42, 0xA8, 0xAF, 0xF6, 0x20, 0x2A, 0xF1, 0x1F, 0x27, 0x50, 0xE5, 0xDB, 0xFF, 0xB9, 0x40, 0x0D,
    0x40, 0x10, 0x05, 0xA4, 0xE2, 0x52, 0x4F, 0xFC, 0x97, 0x06, 0x2B, 0xF9, 0xB2, 0x1E, 0x4C, 0x4D,
    0xF8, 0xCF, 0x08, 0xA2, 0x12, 0xFE, 0xB3, 0x80, 0xA8, 0x86, 0xFF, 0xCC, 0x20, 0xEA, 0x01, 0x50,
    0x90, 0x97, 0x21, 0xF0, 0xEF, 0x7A, 0x86, 0x7F, 0x20, 0x8D, 0x32, 0x0C, 0x3F, 0x80, 0x64, 0x0E,
    0x03, 0x83, 0x80, 0x91, 0x31, 0x13, 0xD0, 0x11, 0x00, 0x06, 0x37, 0x3C, 0xF3, 0x78, 0x9C, 0x63,
    0x60, 0x60, 0x08, 0x2C, 0x0B, 0x67, 0x66, 0x60, 0xD8, 0xFC, 0xFF, 0xFF, 0xFF, 0x78, 0x86, 0x80,
    0xFF, 0xFF, 0xCF, 0xBE, 0xC9, 0x67, 0xF8, 0xFC, 0x5F, 0x92, 0x01, 0x08, 0xFE, 0xE6, 0x83, 0xC8,
    0x80, 0xFF, 0xDC, 0x20, 0x6A, 0xC1, 0x7F, 0x16, 0x10, 0x75, 0xE1, 0x3F, 0x88, 0x64, 0xF8, 0x70,
    0x1E, 0x42, 0xED, 0x47, 0xE1, 0xDD, 0x67, 0x40, 0x52, 0x32, 0xE1, 0x3F, 0x2B, 0x88, 0x32, 0xF8,
    0xCF, 0x0B, 0xE6, 0xFE, 0x5E, 0x0F, 0xA6, 0x1E, 0xFE, 0x8F, 0x65, 0x54, 0x10, 0x61, 0x50, 0xF8,
    0x0B, 0xB4, 0x6F, 0x3E, 0x03, 0x43, 0x02, 0x90, 0xF6, 0x07, 0x0A, 0x0B, 0x18, 0x09, 0x33, 0x00,
    0x00, 0xF5, 0x54, 0x2A, 0x59, 0x78, 0x9C, 0x73, 0x28, 0x2B, 0x37, 0x63, 0x60, 0x60, 0xF8, 0xFD,
    0xFF, 0xFF, 0xFF, 0x7E, 0x46, 0x86, 0xFF, 0xF7, 0xCF, 0xFC, 0xFB, 0x6F, 0xC7, 0xF0, 0x9F, 0x87,
    0x41, 0xE1, 0xE7, 0x7B, 0x46, 0x20, 0xC5, 0x90, 0xF0, 0x9F, 0x1B, 0x44, 0x31, 0xFC, 0xD2, 0x07,
    0x53, 0x5F, 0xF2, 0xC1, 0xD4, 0x87, 0xF5, 0x60, 0xEA, 0xC1, 0x7E, 0x30, 0x75, 0xE1, 0x3C, 0x32,
    0x0F, 0x2A, 0xF7, 0xB1, 0x1F, 0x4C, 0x7D, 0xF3, 0x07, 0x53, 0x7F, 0xF9, 0x40, 0xD4, 0x84, 0xFF,
    0xEC, 0xFF, 0x65, 0x19, 0x92, 0xFE, 0x9E, 0x67, 0xF8, 0x07, 0xB4, 0xEF, 0x3F, 0x37, 0xC3, 0x0F,
    0x20, 0xE9, 0xCD, 0xC0, 0x20, 0x60, 0x64, 0xCC, 0x04, 0x54, 0x04, 0x00, 0x01, 0xDB, 0x38, 0xE6,
    0x78, 0x9C, 0x33, 0x70, 0x71, 0x71, 0x31, 0x61, 0xFC, 0xFD, 0x1F, 0x08, 0xF8, 0x40, 0xC4, 0x7F,
    0x9E, 0xFF, 0xBC, 0x0C, 0x40, 0xF0, 0x9F, 0x07, 0x07, 0x79, 0xFE, 0xCC, 0x99, 0x33, 0xCC, 0x60,
    0x95, 0xEC, 0xFF, 0xE3, 0x42, 0x43, 0x43, 0x71, 0xAB, 0x84, 0x90, 0xBE, 0x20, 0xF3, 0xFF, 0x81,
    0xCD, 0xFF, 0x01, 0x36, 0x1F, 0x00, 0x16, 0xBE, 0x2D, 0x51, 0x78, 0x9C, 0x33, 0x70, 0x71, 0x71,
    0x31, 0x61, 0xF8, 0xFD, 0x1F, 0x08, 0xB8, 0x40, 0xC4, 0x7F, 0x8E, 0xFF, 0xBC, 0x0C, 0x40, 0xF0,
    0x9F, 0x07, 0x07, 0xD9, 0xD7, 0xD1, 0x51, 0xC1, 0x00, 0x56, 0xC9, 0xFC, 0x7F, 0xFE, 0xCC, 0x99,
    0x9D, 0xB8, 0x55, 0x62, 0x90, 0x3F, 0xD8, 0x40, 0x24, 0x00, 0xBA, 0xF5, 0x24, 0x24, 0x78, 0x9C,
    0x25, 0xCB, 0xB1, 0x09, 0xC2, 0x50, 0x14, 0x85, 0xE1, 0x3F, 0xA0, 0x29, 0xC4, 0x22, 0x13, 0x48,
    0xC0, 0x05, 0x82, 0x60, 0x65, 0xA1, 0x4B, 0x64, 0x0D, 0x5F, 0x1A, 0xB1, 0x75, 0x03, 0x1D, 0xC5,
    0x0D, 0xB4, 0xF7, 0x91, 0xB8, 0x81, 0xB8, 0x41, 0xC0, 0xC2, 0x60, 0x88, 0xC7, 0xF7, 0xAE, 0xA7,
    0xF9, 0x38, 0xDC, 0x7B, 0x80, 0x7C, 0xB7, 0x5F, 0x02, 0xD5, 0x57, 0xD2, 0x98, 0x7C, 0x50, 0x7D,
    0x1B, 0x52, 0x9E, 0x5A, 0x11, 0xD3, 0x1F, 0x8D, 0x42, 0x53, 0xF3, 0xA4, 0x91, 0x79, 0x97, 0x41,
    0xDB, 0x50, 0x78, 0xEF, 0x27, 0xED, 0x85, 0x2A, 0xEC, 0x5D, 0xE8, 0x94, 0x65, 0xE7, 0xDA, 0x47,
    0xBC, 0xBE, 0xDC, 0x55, 0x89, 0x79, 0x50, 0x6A, 0x66, 0x9A, 0x99, 0x74, 0xCD, 0xDF, 0xB3, 0xB6,
    0x49, 0xF6, 0x76, 0xF0, 0x09, 0x73, 0xAD, 0x61, 0xD3, 0x4B, 0x4D, 0x7C, 0x66, 0x31, 0x87, 0x1F,
    0x66, 0x48, 0x3C, 0x82, 0x78, 0x9C, 0x33, 0x60, 0x00, 0x02, 0x05, 0xC6, 0xDF, 0x9C, 0x40, 0xEA,
    0x8B, 0xFC, 0x7F, 0x1E, 0x20, 0xF5, 0xDD, 0x9F, 0x18, 0xEA, 0xFC, 0x99, 0x33, 0x67, 0xFE, 0xF9,
    0xFF, 0x07, 0x03, 0xFF, 0xFF, 0x71, 0xA1, 0xA1, 0xA1, 0xBF, 0x88, 0xD2, 0x87, 0x42, 0xFD, 0x60,
    0x03, 0x52, 0x8F, 0x78, 0x01, 0xB3, 0x18, 0x31, 0xE0, 0x78, 0x9C, 0x13, 0x60, 0xFA, 0x94, 0xFF,
    0x75, 0x3D, 0x3E, 0xF8, 0x65, 0xFD, 0x41, 0x3F, 0x00, 0x1D, 0xBF, 0x1C, 0xC2, 0x78, 0x9C, 0x63,
    0x60, 0x60, 0x60, 0x10, 0x60, 0x02, 0x12, 0x0C, 0x0F, 0xF2, 0x41, 0xE4, 0xE7, 0xF5, 0x94, 0x92,
    0x5F, 0xC0, 0xE4, 0xB7, 0xF9, 0x20, 0xF2, 0x4F, 0x7C, 0x81, 0x39, 0xE3, 0xA2, 0xFF, 0xFC, 0x1F,
    0xFE, 0x03, 0x01, 0x6B, 0xC1, 0xBF, 0xFF, 0xFF, 0x7D, 0x80, 0xD6, 0x19, 0x03, 0xED, 0x03, 0x00,
    0xFB, 0xCB, 0x23, 0x31, 0x78, 0x9C, 0x33, 0x60, 0x00, 0x02, 0x65, 0x86, 0xDF, 0x9C, 0x0C, 0x0C,
    0x97, 0xDE, 0x33, 0xFC, 0xE7, 0x61, 0x10, 0xF8, 0xEB, 0x0F, 0xA2, 0x36, 0xFC, 0x67, 0x07, 0x51,
    0x3F, 0xE7, 0x33, 0x00, 0xA9, 0x84, 0xFF, 0xDC, 0x20, 0xEA, 0xCB, 0x7D, 0xA0, 0xDA, 0xFF, 0x3A,
    0xFF, 0xE5, 0x40, 0xD4, 0xDD, 0xFF, 0xCC, 0x20, 0xEA, 0x7F, 0x3F, 0xC8, 0x80, 0xFF, 0x6F, 0xFF,
    0x33, 0x81, 0x28, 0x9B, 0xFF, 0xB2, 0x20, 0x8A, 0xE7, 0xEB, 0x7E, 0x30, 0x35, 0xE1, 0x3F, 0x07,
    0x88, 0x62, 0xF8, 0x13, 0x0F, 0xA6, 0x1E, 0x02, 0xB5, 0x00, 0x29, 0x03, 0xA0, 0x01, 0x40, 0x8A,
    0xE1, 0xDB, 0x79, 0x86, 0x1F, 0x6C, 0x0C, 0x0C, 0x09, 0xFF, 0x98, 0x01, 0x1D, 0xCD, 0x2F, 0x6A,
    0x78, 0x9C, 0x33, 0x60, 0x00, 0x81, 0xDF, 0x5C, 0x20, 0xF2, 0x3F, 0x1F, 0x0D, 0x48, 0x7F, 0x17,
    0x17, 0x17, 0xE6, 0x7F, 0xFF, 0x81, 0x40, 0xFF, 0x07, 0x88, 0x94, 0x03, 0x00, 0x8C, 0x59, 0x1C,
    0x44, 0x78, 0x9C, 0x33, 0x60, 0x00, 0x03, 0x25, 0x86, 0x3F, 0x72, 0x20, 0xBA, 0xE0, 0x3F, 0xEB,
    0xFF, 0xF9, 0x20, 0xC6, 0xC7, 0xFF, 0x1C, 0xFF, 0xFF, 0x33, 0x01, 0x19, 0x3F, 0x41, 0x0C, 0x2E,
    0x06, 0x06, 0x85, 0xFF, 0x40, 0xC6, 0x3F, 0x7D, 0x06, 0x86, 0x05, 0xEF, 0x81, 0x8C, 0xD3, 0xEB,
    0x19, 0x18, 0x3E, 0xD5, 0x03, 0x19, 0xDE, 0x40, 0x45, 0xBF, 0x6C, 0x80, 0x0C, 0xEE, 0x3F, 0xDC,
    0x06, 0xFF, 0x4D, 0x40, 0x8C, 0x2F, 0xF6, 0x1B, 0xF6, 0x1B, 0x80, 0x18, 0x1B, 0xF6, 0x7F, 0xB6,
    0x07, 0x33, 0x0C, 0xFE, 0xFF, 0xE5, 0x06, 0x33, 0x18, 0x7E, 0xFF, 0x67, 0x86, 0x30, 0x2E, 0xF5,
    0x33, 0x40, 0x18, 0x40, 0x80, 0x9F, 0xF1, 0x93, 0x15, 0xEC, 0xC2, 0x37, 0xCC, 0x00, 0x41, 0x18,
    0x42, 0x69, 0x78, 0x9C, 0x33, 0x60, 0x00, 0x02, 0x05, 0xC6, 0xDF, 0x7A, 0x40, 0xEA, 0xB3, 0xFC,
    0xFF, 0xF3, 0x40, 0xEA, 0x9B, 0xFF, 0xFF, 0xFF, 0xAC, 0x10, 0x8A, 0x17, 0x4C, 0xFD, 0xAB, 0x07,
    0x53, 0x73, 0xFE, 0x33, 0x82, 0x28, 0x99, 0x7F, 0x9C, 0x20, 0x8A, 0xE7, 0x9B, 0x3D, 0x98, 0xBA,
    0x70, 0x1E, 0x4C, 0x39, 0xFC, 0x67, 0x05, 0x51, 0x0C, 0xBF, 0x79, 0xC1, 0xD4, 0xA7, 0x7A, 0x30,
    0x35, 0xE1, 0xFF, 0x0F, 0x10, 0x25, 0xF0, 0xEF, 0x3F, 0x88, 0x62, 0xF8, 0x06, 0xA1, 0x2E, 0x00,
    0x29, 0x6E, 0x06, 0x06, 0x87, 0xFF, 0xFE, 0x3F, 0x80, 0xF6, 0x30, 0x3C, 0x97, 0x05, 0x00, 0x29,
    0x28, 0x3B, 0xBA, 0x78, 0x9C, 0x63, 0x60, 0x60, 0x08, 0x2C, 0x57, 0x65, 0x00, 0x81, 0xC3, 0xFF,
    0xFF, 0xFF, 0xF7, 0x01, 0xD2, 0x01, 0xFF, 0xFF, 0x9F, 0xF9, 0xF7, 0x9F, 0x9D, 0x81, 0xE1, 0xCB,
    0x7F, 0x36, 0x86, 0x80, 0x7F, 0xF1, 0x0C, 0x0C, 0xFF, 0xEC, 0x81, 0xC2, 0x9F, 0xDE, 0x03, 0x65,
    0x38, 0x80, 0x8C, 0x82, 0xFF, 0x6C, 0x0B, 0xFE, 0x33, 0x01, 0x19, 0x02, 0xFF, 0xB9, 0x1F, 0xBC,
    0x07, 0x6B, 0xFD, 0xCB, 0xFF, 0xE1, 0x3C, 0x98, 0xF1, 0x5B, 0xFE, 0xC3, 0x7E, 0x30, 0xE3, 0x97,
    0x3E, 0x82, 0x71, 0x1F, 0x2A, 0x75, 0xE1, 0x3F, 0x98, 0xF1, 0x8F, 0x6F, 0xC2, 0x7F, 0x66, 0x20,
    0xAD, 0xF0, 0x9F, 0xDB, 0xE0, 0x3F, 0x17, 0x90, 0x31, 0xE1, 0x3F, 0x2B, 0xC3, 0x9F, 0x7C, 0x20,
    0xE3, 0x2B, 0x50, 0xE5, 0xA7, 0xFF, 0x56, 0x0C, 0x93, 0xFF, 0x03, 0x2D, 0x34, 0xF8, 0x07, 0x74,
    0xCF, 0x7B, 0x16, 0xA0, 0x70, 0xC3, 0xDF, 0xFF, 0xEF, 0x25, 0xC0, 0x5A, 0x05, 0x8C, 0x19, 0x81,
    0x24, 0x00, 0x04, 0x12, 0x3D, 0x34, 0x78, 0x9C, 0x73, 0x48, 0x2D, 0x0F, 0x67, 0x62, 0x60, 0xF8,
    0xF5, 0xFF, 0xFF, 0xFF, 0xF3, 0xCC, 0x0C, 0xFF, 0xEF, 0xEF, 0xF9, 0xF3, 0xDF, 0x9F, 0xE1, 0x3F,
    0x0F, 0x03, 0xC3, 0x8F, 0xF7, 0x60, 0x6A, 0xC1, 0x7F, 0x56, 0x10, 0xE5, 0xF0, 0x9F, 0x1D, 0x44,
    0x29, 0xFC, 0xE7, 0x00, 0x51, 0x01, 0xFF, 0xD9, 0x40, 0xD4, 0x81, 0xFF, 0x4C, 0xFF, 0x79, 0x19,
    0x0C, 0xFE, 0xEC, 0x67, 0xF8, 0xFF, 0xFF, 0xFD, 0xFF, 0xFF, 0xB2, 0x40, 0xEA, 0xFF, 0xFF, 0x3E,
    0x06, 0x86, 0xFF, 0xB6, 0xC6, 0xC2, 0x0C, 0x0C, 0x60, 0xED, 0x04, 0xA8, 0x1F, 0x6C, 0x60, 0x0A,
    0x00, 0xA1, 0xC7, 0x2E, 0xB3, 0x78, 0x9C, 0x63, 0x60, 0x60, 0x08, 0x2C, 0x57, 0x65, 0x00, 0x83,
    0xC3, 0xFF, 0xFF, 0xFF, 0xF7, 0x01, 0x31, 0x02, 0xFE, 0xFF, 0x3F, 0xF3, 0xEF, 0x3F, 0x3B, 0x90,
    0xF5, 0xE5, 0x3F, 0x1B, 0x43, 0xC0, 0xBF, 0x78, 0x20, 0xEB, 0x9F, 0x3D, 0x90, 0xF8, 0xF4, 0x1E,
    0x24, 0xC9, 0x01, 0x64, 0x15, 0x00, 0x25, 0x16, 0xFC, 0x67, 0x02, 0xB2, 0x04, 0xFE, 0x73, 0x33,
    0x3C, 0x78, 0x0F, 0x36, 0xE0, 0x2F, 0x3F, 0xC3, 0x87, 0xF3, 0x60, 0xD6, 0x6F, 0x79, 0x86, 0x0F,
    0xFB, 0xC1, 0xAC, 0x5F, 0xFA, 0xC8, 0xAC, 0xFB, 0x30, 0xD9, 0x0B, 0xFF, 0xC1, 0xAC, 0x7F, 0x7C,
    0x0C, 0x13, 0xFE, 0x33, 0x03, 0x19, 0x0A, 0xFF, 0xB9, 0x18, 0x0C, 0x80, 0x98, 0x01, 0xC8, 0x67,
    0x61, 0x60, 0xF8, 0x93, 0x0F, 0x64, 0x7D, 0x5D, 0x0F, 0xB2, 0xF2, 0xBF, 0x15, 0xC3, 0xE4, 0xFF,
    0xB2, 0x40, 0x96, 0xC1, 0x3F, 0xA0, 0xFB, 0xCE, 0x33, 0x82, 0xB4, 0x35, 0xFC, 0xFD, 0xFF, 0xFF,
    0x3D, 0x3B, 0xD8, 0x04, 0x01, 0xE7, 0xD2, 0xDF, 0xF7, 0x99, 0x20, 0x1E, 0x00, 0x2A, 0xF1, 0x87,
    0xB2, 0x18, 0x1E, 0xFD, 0x87, 0x09, 0x2A, 0xEC, 0x64, 0x02, 0x00, 0x51, 0xF4, 0x44, 0x46, 0x78,
    0x9C, 0x73, 0x48, 0x2D, 0x77, 0x63, 0x64, 0x60, 0xF8, 0xFD, 0xFF, 0xFF, 0xFF, 0xFD, 0x4C, 0x0C,
    0xFF, 0xCF, 0xEF, 0xFE, 0xFB, 0xDF, 0x9E, 0xE1, 0x3F, 0x0F, 0x83, 0xC0, 0x8F, 0xFB, 0x20, 0x8A,
    0x61, 0xC3, 0x7F, 0x26, 0x10, 0x55, 0xF0, 0x9F, 0x05, 0x44, 0x35, 0x40, 0x78, 0x17, 0xDE, 0x83,
    0xE4, 0x14, 0x7E, 0xE7, 0x33, 0xFC, 0x5F, 0xBF, 0xEB, 0xEF, 0x7F, 0x4E, 0x06, 0xA0, 0xEE, 0xFF,
    0x76, 0x0C, 0x0C, 0xFF, 0xFB, 0x66, 0xFC, 0xED, 0x67, 0x00, 0xC9, 0x01, 0xB5, 0x81, 0x28, 0x03,
    0x90, 0x1C, 0x50, 0xC3, 0x1F, 0x7E, 0x30, 0xF5, 0x2D, 0x1F, 0x4C, 0x7D, 0x80, 0x18, 0x3D, 0xE1,
    0x3F, 0xF3, 0x0F, 0x36, 0x06, 0x06, 0x81, 0x37, 0x4C, 0x00, 0xA6, 0x55, 0x38, 0x48, 0x78, 0x9C,
    0x63, 0x50, 0x28, 0x4B, 0x67, 0x66, 0x10, 0xF8, 0xFD, 0xFF, 0xFF, 0x7F, 0xD6, 0x03, 0xFF, 0xCF,
    0xDF, 0xF9, 0xCF, 0xFB, 0xE5, 0x3C, 0x23, 0x43, 0x22, 0xDB, 0x0F, 0x7F, 0x06, 0x20, 0xF8, 0xA1,
    0x0F, 0x22, 0xBF, 0xD5, 0x83, 0xC8, 0x8F, 0xFF, 0xD9, 0x80, 0x64, 0xC0, 0xFF, 0xFB, 0xE2, 0x40,
    0xEA, 0xCA, 0xFF, 0xFF, 0x92, 0x40, 0xEA, 0xE8, 0xFF, 0xF7, 0xCC, 0x40, 0x6A, 0xD3, 0x7F, 0x3E,
    0x90, 0x8A, 0x5F, 0xF9, 0x20, 0xF2, 0xF3, 0x7C, 0x10, 0xF9, 0x69, 0x3D, 0x58, 0x67, 0xFF, 0x45,
    0x4B, 0xC6, 0xA2, 0xFF, 0xF6, 0x1F, 0x81, 0xC6, 0xFF, 0xE7, 0x08, 0xF8, 0xF3, 0xFF, 0x7F, 0x0C,
    0x50, 0xD4, 0x48, 0x98, 0x81, 0x01, 0x00, 0xB0, 0x8C, 0x2C, 0xE9, 0x78, 0x9C, 0x33, 0x70, 0x01,
    0x01, 0xA6, 0xEF, 0xFF, 0x41, 0xC0, 0xFF, 0x2B, 0x98, 0xB2, 0x67, 0x60, 0x68, 0xF8, 0xCF, 0xCA,
    0x00, 0x04, 0x05, 0xFF, 0x59, 0x68, 0x4C, 0x29, 0xDC, 0x03, 0x12, 0x00, 0xC4, 0x65, 0x24, 0xC3,
    0x78, 0x9C, 0x13, 0x60, 0x62, 0x00, 0x02, 0xE6, 0x07, 0xF1, 0x40, 0x72, 0xC3, 0xFC, 0xCF, 0xF3,
    0x81, 0xD4, 0x83, 0xF3, 0xD4, 0xA1, 0x3E, 0xAD, 0x07, 0x52, 0x1F, 0xF6, 0x7F, 0x38, 0x0F, 0xA4,
    0x3E, 0xCE, 0x3F, 0xF0, 0x9F, 0x99, 0x81, 0xE1, 0x47, 0x7C, 0xC0, 0xFF, 0x7C, 0xA1, 0xA6, 0xFF,
    0x7C, 0x0C, 0x3F, 0xFF, 0x03, 0x01, 0x33, 0x43, 0xC2, 0xDF, 0xFF, 0xFF, 0xB5, 0x80, 0xF2, 0x02,
    0xC6, 0x40, 0x77, 0x00, 0x00, 0xFB, 0x03, 0x3C, 0x48, 0x78, 0x9C, 0x25, 0xCE, 0xDB, 0x0D, 0x82,
    0x50, 0x10, 0x84, 0xE1, 0x3F, 0xA8, 0xF1, 0x12, 0x83, 0x76, 0x20, 0x25, 0xD8, 0x01, 0x74, 0x60,
    0x09, 0x58, 0x82, 0x1D, 0x60, 0x07, 0xDA, 0x81, 0x76, 0x80, 0xA5, 0x48, 0x2C, 0x40, 0x3A, 0x10,
    0x6F, 0x11, 0x0D, 0x32, 0x9E, 0x3D, 0xEE, 0xCB, 0xF7, 0xB2, 0x33, 0x99, 0x28, 0xC0, 0xAE, 0x73,
    0xCD, 0x8C, 0x22, 0xAB, 0x2E, 0xE6, 0x2B, 0xDD, 0xAB, 0xEB, 0x6C, 0x26, 0x89, 0x86, 0x30, 0xD5,
    0x88, 0x36, 0x84, 0xA5, 0x7A, 0xBC, 0x63, 0x38, 0x08, 0x1E, 0x1B, 0xA8, 0x72, 0x28, 0xCF, 0xF0,
    0x5C, 0xC0, 0x5A, 0x01, 0x1F, 0xF7, 0x33, 0x57, 0x9F, 0xD6, 0x65, 0xF8, 0x8E, 0x13, 0xDF, 0x51,
    0xCF, 0xB6, 0xBE, 0xF3, 0x96, 0x96, 0x3B, 0xF3, 0x98, 0xDF, 0x63, 0x73, 0xA5, 0x3A, 0x34, 0x23,
    0x69, 0xE0, 0x37, 0x34, 0xFA, 0x6F, 0x39, 0xB9, 0x66, 0x7E, 0xD8, 0xC9, 0x2D, 0xC9, 0x78, 0x9C,
    0x0D, 0x8E, 0x5B, 0x11, 0x82, 0x50, 0x00, 0x05, 0x57, 0xF1, 0x8D, 0x8A, 0x0D, 0xB4, 0x01, 0x34,
    0xD0, 0x06, 0xDA, 0x40, 0x1B, 0x60, 0x03, 0x6D, 0x00, 0x0D, 0xB0, 0x81, 0x36, 0xC0, 0x06, 0x38,
    0x26, 0xB0, 0x81, 0xF8, 0x00, 0x1F, 0x80, 0xC7, 0xFB, 0x73, 0x7E, 0x76, 0x67, 0xF6, 0x78, 0x80,
    0x67, 0x99, 0xB1, 0x8A, 0x2E, 0x14, 0x11, 0x1C, 0x37, 0x85, 0xC3, 0x44, 0x82, 0x7B, 0xF0, 0x76,
    0x59, 0x48, 0x75, 0xB2, 0x79, 0xB6, 0x64, 0x1B, 0xAB, 0xC9, 0x7B, 0x7C, 0x0B, 0xD8, 0x05, 0x65,
    0x87, 0x62, 0x70, 0x89, 0x39, 0x2D, 0x3F, 0x36, 0x55, 0xEF, 0x70, 0x25, 0x75, 0x5F, 0x43, 0xD4,
    0x5E, 0x8B, 0x87, 0xF3, 0x74, 0x3C, 0x59, 0x33, 0x59, 0xF9, 0xE0, 0x36, 0x5D, 0x89, 0x91, 0x5A,
    0x9F, 0xDE, 0xC5, 0x0F, 0x13, 0xA8, 0xBA, 0x65, 0xFB, 0x10, 0x1D, 0x4D, 0xE6, 0xDB, 0xFF, 0x35,
    0xB6, 0x49, 0xEA, 0x43, 0xEE, 0xAA, 0xB6, 0xD0, 0xDD, 0x85, 0x87, 0x7F, 0x35, 0xE5, 0xDC, 0x81,
    0x34, 0x89, 0x41, 0xA5, 0x6D, 0xEE, 0xC8, 0xC8, 0x95, 0x3A, 0x10, 0xCA, 0xC8, 0x5F, 0x35, 0x60,
    0x52, 0x19, 0x70, 0xDE, 0xC3, 0x1F, 0xAD, 0x76, 0x50, 0xF4, 0x78, 0x9C, 0x15, 0xCC, 0xC1, 0x09,
    0xC2, 0x50, 0x14, 0x44, 0xD1, 0x6B, 0x44, 0x14, 0x89, 0x60, 0x07, 0x49, 0x01, 0x42, 0xD2, 0x81,
    0x0B, 0x0B, 0x49, 0x3A, 0xB0, 0x15, 0x4B, 0x70, 0xE5, 0x56, 0x3B, 0xB0, 0x04, 0x1B, 0x10, 0xCC,
    0x26, 0xEB, 0x88, 0xF9, 0xA2, 0x48, 0x74, 0x9C, 0xBF, 0xBA, 0xF0, 0x38, 0xF3, 0xCA, 0x11, 0x90,
    0x27, 0x61, 0xEB, 0xBC, 0x8A, 0x46, 0x09, 0xA5, 0xD2, 0x5A, 0x73, 0x4E, 0x1A, 0x33, 0xAC, 0xE9,
    0x8F, 0x10, 0xCE, 0x0C, 0x19, 0xEC, 0xB5, 0xD1, 0xCC, 0x58, 0xD7, 0xCE, 0x98, 0xB7, 0xE2, 0x86,
    0xBB, 0x16, 0x31, 0x41, 0x59, 0xCC, 0xF7, 0x67, 0x4F, 0xAD, 0x83, 0xD7, 0x34, 0xB7, 0x5C, 0xA9,
    0x61, 0xC5, 0xA7, 0x62, 0x69, 0xF7, 0xE8, 0xFC, 0x64, 0xC2, 0x4E, 0xD3, 0xFE, 0x82, 0x2F, 0xD9,
    0x73, 0x65, 0xDD, 0x16, 0x7F, 0x89, 0xCE, 0x31, 0xAD, 0x78, 0x9C, 0x53, 0x60, 0x62, 0x00, 0x02,
    0x03, 0xC6, 0x0F, 0xFB, 0x41, 0xF4, 0x1F, 0xBE, 0x0D, 0xFF, 0xD9, 0x18, 0x18, 0x0A, 0xFE, 0x73,
    0x28, 0xFC, 0xE7, 0x63, 0x60, 0xF8, 0xF8, 0x9E, 0x81, 0xE1, 0x47, 0x3D, 0x10, 0xE7, 0x33, 0x30,
    0x3C, 0x78, 0xCF, 0x28, 0xF0, 0x9F, 0x87, 0x81, 0x21, 0xE1, 0x3F, 0xC7, 0x84, 0xFF, 0xCC, 0x40,
    0xB5, 0x7F, 0xE5, 0x3F, 0xAD, 0x07, 0xE9, 0xF9, 0xD2, 0xFF, 0x4B, 0x1F, 0x44, 0x2F, 0xF8, 0xFF,
    0x9F, 0x03, 0x44, 0x2B, 0xFC, 0x7F, 0xCF, 0x00, 0x06, 0x3F, 0xEB, 0x21, 0xF4, 0x8F, 0x78, 0xD2,
    0xE8, 0x47, 0xB2, 0x40, 0x02, 0x00, 0x29, 0xAE, 0x26, 0xA6, 0x78, 0x9C, 0x53, 0x70, 0x01, 0x02,
    0x13, 0x86, 0x8F, 0xFF, 0x41, 0x80, 0xEB, 0x02, 0x98, 0xE2, 0x66, 0x00, 0x82, 0x0D, 0xFF, 0xD9,
    0x40, 0xD4, 0xD7, 0xFB, 0x20, 0x52, 0xE0, 0x9F, 0x3D, 0x88, 0x9A, 0xF0, 0x9F, 0x13, 0x44, 0x7D,
    0x79, 0x0F, 0x22, 0x19, 0xFE, 0xFA, 0x83, 0xC8, 0x86, 0xFF, 0x5C, 0x20, 0xEA, 0xF3, 0x7B, 0x46,
    0xB0, 0x58, 0x3C, 0x88, 0x2C, 0x80, 0x18, 0xF1, 0xE9, 0x3F, 0x58, 0xEC, 0x4F, 0x3E, 0x88, 0x4C,
    0xF8, 0xCF, 0x03, 0xA2, 0x1E, 0xFC, 0x77, 0x03, 0xD9, 0xF7, 0x09, 0xD9, 0x3E, 0x0E, 0x00, 0x4D,
    0x0B, 0x30, 0x83, 0x78, 0x9C, 0x13, 0x70, 0x76, 0x11, 0x61, 0x78, 0xF0, 0xFF, 0xFF, 0x7F, 0x86,
    0xCF, 0xF7, 0xCF, 0xF4, 0x30, 0x7C, 0xF6, 0x67, 0x60, 0xA0, 0x11, 0x91, 0xAF, 0xC4, 0xC4, 0xF0,
    0xE9, 0xFF, 0xFF, 0xF7, 0x0C, 0x13, 0xDE, 0xBE, 0x5B, 0xC7, 0x00, 0x00, 0x21, 0x91, 0x26, 0xD5,
    0x78, 0x9C, 0x33, 0x60, 0x00, 0x81, 0x9F, 0x5C, 0x20, 0xF2, 0xAB, 0x3F, 0x88, 0xBC, 0xB0, 0x1F,
    0x44, 0x26, 0xFC, 0x67, 0x06, 0x51, 0xFF, 0xC0, 0x12, 0x3F, 0xE4, 0x41, 0xE4, 0xC7, 0x7E, 0x10,
    0xB9, 0xE0, 0x3F, 0x88, 0x54, 0xF8, 0xCF, 0x0E, 0xA2, 0x7E, 0xF3, 0x81, 0xC8, 0x2F, 0xF1, 0x60,
    0x7D, 0xE7, 0x91, 0xF5, 0x71, 0x83, 0xC8, 0xEF, 0xFA, 0x60, 0x7D, 0xF3, 0x41, 0xE4, 0x84, 0xFF,
    0x8C, 0x08, 0x7D, 0xDF, 0x38, 0x00, 0x9C, 0xF3, 0x18, 0x9D, 0x78, 0x9C, 0x33, 0x74, 0x31, 0x61,
    0xFC, 0xFB, 0xFF, 0xBF, 0xFC, 0xF6, 0x33, 0x7F, 0xFD, 0x19, 0x18, 0x3E, 0x53, 0x05, 0x0B, 0x28,
    0x7D, 0xF5, 0xFF, 0xF3, 0xFF, 0xBF, 0xFF, 0xCD, 0x77, 0xF7, 0xB8, 0x00, 0xB3, 0x51, 0x24, 0xA6,
    0x78, 0x9C, 0x63, 0x60, 0x60, 0x50, 0x66, 0x00, 0x81, 0x8B, 0xFF, 0x39, 0x41, 0xD4, 0xAF, 0x7F,
    0xF1, 0x40, 0x52, 0xE1, 0xFF, 0xB2, 0xFB, 0x40, 0x6A, 0xC1, 0x7B, 0x83, 0xFF, 0xAC, 0x0C, 0x0C,
    0x9F, 0xEA, 0x19, 0x7E, 0xF3, 0x02, 0xA5, 0xF8, 0x18, 0xBE, 0xC4, 0x03, 0xA5, 0x38, 0x18, 0x0E,
    0xDC, 0x67, 0x58, 0xF0, 0x9F, 0x91, 0x21, 0xE0, 0x3F, 0xEB, 0xA7, 0xF9, 0x40, 0x65, 0x7F, 0x79,
    0x7F, 0xC9, 0x03, 0xA9, 0x6F, 0xF1, 0xAF, 0x81, 0x8A, 0x19, 0x26, 0xE4, 0x03, 0x00, 0x2B, 0xE1,
    0x1B, 0x41, 0x78, 0x9C, 0x63, 0x50, 0x02, 0x03, 0xC6, 0x07, 0xFF, 0xC1, 0xC0, 0x7F, 0xC1, 0x3B,
    0x30, 0xB0, 0x05, 0x00, 0x8A, 0x52, 0x0E, 0x68, 0x78, 0x9C, 0x33, 0x60, 0x62, 0xF8, 0xD6, 0xCF,
    0xF0, 0xF1, 0x3F, 0x63, 0xC1, 0x7F, 0x0E, 0x86, 0xBF, 0x7C, 0x0C, 0x5F, 0xE2, 0x19, 0x16, 0xEC,
    0x67, 0x60, 0x70, 0x05, 0x00, 0x77, 0x00, 0x09, 0x22, 0x78, 0x9C, 0x01, 0x5A, 0x00, 0xA5, 0xFF,
    0x00, 0x10, 0x32, 0x13, 0x00, 0x00, 0x70, 0xFE, 0xFF, 0xFF, 0x4D, 0x00, 0xF0, 0xFF, 0xCD, 0xFD,
    0xFF, 0x03, 0x40, 0x03, 0x00, 0x40, 0xFF, 0x09, 0x00, 0x00, 0x00, 0x00, 0xFC, 0x0D, 0x00, 0x00,
    0x42, 0x65, 0xFD, 0x0E, 0x00, 0xE8, 0xFF, 0xFF, 0xFF, 0x0E, 0xC0, 0xFF, 0x9D, 0x77, 0xFD, 0x0E,
    0xF7, 0x7F, 0x00, 0x00, 0xFB, 0x0E, 0xFB, 0x0E, 0x00, 0x00, 0xFE, 0x0E, 0xFC, 0x0E, 0x00, 0x50,
    0xFF, 0x0E, 0xFA, 0x6F, 0x00, 0xE5, 0xFF, 0x0E, 0xF3, 0xFF, 0xFE, 0xEF, 0xFB, 0x0E, 0x50, 0xFE,
    0xFF, 0x2B, 0xE3, 0x09, 0x00, 0x30, 0x13, 0x00, 0x00, 0x00, 0xE5, 0x9F, 0x27, 0xC6, 0x78, 0x9C,
    0x2B, 0x90, 0x62, 0x00, 0x81, 0x0F, 0xFD, 0x60, 0xEA, 0x23, 0x0E, 0xCA, 0x88, 0x11, 0x44, 0x5D,
    0xFD, 0x7F, 0x9E, 0x99, 0xE1, 0xE3, 0xFB, 0xFF, 0x77, 0xFE, 0xDB, 0x33, 0x7C, 0xFC, 0x2F, 0xC5,
    0xF0, 0xE5, 0x3E, 0xC3, 0xC7, 0xFB, 0x0C, 0x0C, 0x05, 0xFF, 0x99, 0x3F, 0xCE, 0x67, 0x60, 0x50,
    0xF8, 0xCF, 0x0E, 0xD6, 0xF0, 0x9F, 0x13, 0x42, 0x71, 0xC1, 0x78, 0x50, 0x39, 0xA0, 0xCA, 0x06,
    0xA0, 0x4A, 0x90, 0xBE, 0xF3, 0x0C, 0x1F, 0xCF, 0x03, 0x4D, 0xD1, 0x63, 0xD8, 0xA0, 0xF7, 0xE4,
    0xFF, 0x79, 0x26, 0x90, 0x25, 0x20, 0x1B, 0x00, 0x5D, 0xFD, 0x35, 0x2C, 0x78, 0x9C, 0x63, 0x60,
    0x10, 0x30, 0x66, 0x62, 0x60, 0x08, 0xF8, 0xFB, 0xFF, 0x3F, 0x0B, 0xC3, 0xF7, 0xFF, 0x77, 0xFF,
    0xB1, 0x19, 0xFC, 0xD7, 0x65, 0x60, 0x60, 0x98, 0xF0, 0x9F, 0x19, 0x48, 0x3E, 0x78, 0x0F, 0x24,
    0x18, 0x3E, 0xEC, 0x07, 0x91, 0x1F, 0xD7, 0x23, 0xD8, 0x10, 0x71, 0x88, 0x1A, 0x83, 0xFF, 0xB6,
    0x0C, 0x02, 0x0C, 0x40, 0xBD, 0xF7, 0xFE, 0x71, 0x32, 0x38, 0xFC, 0xF9, 0xFF, 0x9F, 0x95, 0x01,
    0x6C, 0x26, 0x00, 0x51, 0x2D, 0x1D, 0x63, 0x78, 0x9C, 0x63, 0x60, 0x60, 0x60, 0x70, 0xF0, 0x06,
    0x12, 0x0C, 0x07, 0xCE, 0x83, 0xC8, 0x0B, 0x68, 0xA4, 0x11, 0x23, 0x90, 0x7C, 0xF6, 0xFF, 0xFC,
    0xE5, 0xF3, 0x05, 0xFF, 0xCF, 0xFF, 0xFD, 0x7F, 0xFE, 0xD3, 0x7D, 0x46, 0x83, 0xBF, 0xE7, 0x7F,
    0xD8, 0x33, 0x30, 0x7C, 0x3A, 0xFF, 0x87, 0x0F, 0xA4, 0xE6, 0x1F, 0x37, 0x88, 0xFC, 0xCF, 0x85,
    0x60, 0x43, 0xC4, 0xBF, 0x83, 0xD5, 0x7C, 0xBC, 0xCF, 0x04, 0x54, 0x1F, 0x00, 0xD4, 0x7B, 0xEF,
    0x3C, 0xC3, 0xD3, 0xFF, 0xE7, 0x83, 0xEA, 0x41, 0x66, 0x32, 0x30, 0x00, 0x00, 0x66, 0x9D, 0x35,
    0x7D, 0x78, 0x9C, 0x63, 0x60, 0x10, 0x30, 0x66, 0x00, 0x82, 0x84, 0xBF, 0xFF, 0xD7, 0x33, 0x32,
    0x30, 0xFC, 0x78, 0x7F, 0xE7, 0x3F, 0x2F, 0x83, 0xC1, 0x7F, 0x2E, 0x86, 0xAF, 0xF5, 0x0C, 0x0B,
    0xFE, 0x33, 0x32, 0x6C, 0xB8, 0xCF, 0xF0, 0x60, 0x3F, 0x03, 0x43, 0xC3, 0x7F, 0x86, 0x0F, 0xEF,
    0x77, 0xEF, 0xBE, 0xFD, 0x9F, 0xE9, 0xE3, 0x7F, 0x20, 0x78, 0xCF, 0xF0, 0x61, 0xBF, 0x8B, 0x8B,
    0x8B, 0x30, 0xC3, 0x85, 0xF3, 0x20, 0xCD, 0x0C, 0x13, 0xFE, 0x33, 0x83, 0x28, 0x85, 0xFF, 0xB6,
    0x0C, 0x0C, 0x40, 0x53, 0xBE, 0xFD, 0xDF, 0xFB, 0xC6, 0x9E, 0x81, 0xC1, 0xE0, 0xF7, 0xFF, 0xFF,
    0x3C, 0x20, 0x71, 0x23, 0x61, 0x06, 0x06, 0x00, 0x1E, 0xB1, 0x29, 0x99, 0x78, 0x9C, 0x63, 0x60,
    0x50, 0x28, 0x53, 0x63, 0x60, 0x60, 0xF8, 0xF1, 0xFF, 0x3D, 0x03, 0x43, 0xC0, 0xFF, 0x79, 0x15,
    0x0C, 0x0C, 0x1B, 0xFE, 0x33, 0x01, 0x05, 0x1E, 0xDC, 0x07, 0x12, 0x0C, 0x1F, 0xCE, 0x03, 0x89,
    0xA2, 0x1F, 0xEF, 0x3B, 0xCC, 0x19, 0x7E, 0xFD, 0xFF, 0xFF, 0x7F, 0x3F, 0x94, 0x0D, 0x11, 0x27,
    0x99, 0x6C, 0xC8, 0x07, 0x12, 0x00, 0x5B, 0x7E, 0x26, 0xC3, 0x78, 0x9C, 0x63, 0x60, 0x30, 0x66,
    0x00, 0x82, 0x1F, 0xFF, 0xE7, 0x4F, 0xF0, 0x9B, 0xF0, 0xFF, 0xFC, 0xBF, 0x3F, 0xFD, 0x9F, 0xCF,
    0x33, 0x06, 0xFC, 0xEF, 0xFF, 0xA9, 0xCF, 0xC0, 0xF0, 0xBD, 0xFF, 0x0F, 0x2F, 0x03, 0xC3, 0xA7,
    0xFE, 0x7F, 0xDC, 0x0C, 0x0C, 0x1F, 0xFB, 0xFF, 0x71, 0x81, 0x49, 0x30, 0xFB, 0x37, 0x1F, 0x03,
    0xC3, 0xE7, 0xFE, 0xEF, 0xF1, 0x0C, 0x0C, 0x3F, 0xFB, 0x1F, 0xBE, 0x67, 0x9D, 0xF4, 0xBF, 0x3F,
    0xE0, 0xFF, 0xFF, 0xFF, 0xBF, 0xFB, 0x19, 0x36, 0xFF, 0xCF, 0xF9, 0xD8, 0x0F, 0x32, 0xF0, 0x53,
    0x3D, 0x88, 0xFC, 0xEA, 0x0F, 0x22, 0xFF, 0xF0, 0x2B, 0x54, 0xBA, 0x5C, 0xFB, 0xCF, 0x0E, 0x52,
    0x03, 0x94, 0x9C, 0xB6, 0xAB, 0x8A, 0x89, 0x01, 0x00, 0x53, 0x2C, 0x36, 0xF6, 0x78, 0x9C, 0x2B,
    0x90, 0x62, 0x00, 0x82, 0x0F, 0xFD, 0x20, 0xF2, 0x23, 0x36, 0xD2, 0x90, 0x09, 0x48, 0x1E, 0xFE,
    0xFF, 0x9E, 0xF5, 0xE3, 0xF9, 0xFF, 0xFF, 0xFE, 0xEB, 0x7F, 0xFC, 0xEF, 0xC7, 0xF0, 0x6D, 0xFE,
    0xC7, 0xFF, 0xCC, 0x0C, 0x17, 0xCE, 0x7F, 0x5C, 0xCF, 0xC0, 0xB0, 0xE0, 0x3D, 0x48, 0x25, 0x31,
    0xE4, 0x84, 0xF7, 0x1B, 0xEC, 0x18, 0x18, 0x1C, 0xFA, 0x01, 0x6A, 0x30, 0x33, 0x08, 0x78, 0x9C,
    0x9B, 0xC0, 0xF9, 0x25, 0xFE, 0xA2, 0x2C, 0x03, 0x18, 0x5C, 0x94, 0xFD, 0x9A, 0x8F, 0x0D, 0x5E,
    0x94, 0x05, 0x00, 0x50, 0xDF, 0x14, 0x03, 0x78, 0x9C, 0x63, 0x60, 0x98, 0xC0, 0xC9, 0xC0, 0xF0,
    0x25, 0x9E, 0x81, 0xE1, 0xA2, 0x2C, 0x03, 0x0A, 0x00, 0xF1, 0xBF, 0xE6, 0x93, 0x8E, 0xBF, 0xFB,
    0x33, 0x08, 0xFC, 0x95, 0x9F, 0xF0, 0xE7, 0x3F, 0xF7, 0x97, 0xFF, 0xFB, 0x19, 0x13, 0xDC, 0x18,
    0x19, 0x00, 0xE1, 0xC6, 0x1E, 0x3F, 0x78, 0x9C, 0x2B, 0x90, 0x62, 0x00, 0x82, 0x0F, 0xFD, 0x20,
    0xF2, 0x23, 0x1E, 0xF2, 0xAA, 0x3F, 0x90, 0x0C, 0xF8, 0xCF, 0x0D, 0x24, 0xBF, 0x9E, 0x07, 0x8A,
    0x38, 0xFC, 0xE7, 0x01, 0x92, 0x5F, 0xCE, 0x03, 0x65, 0xF7, 0xFF, 0x97, 0x05, 0x92, 0xFF, 0xFF,
    0xB3, 0x03, 0xC9, 0xF9, 0xBF, 0xFD, 0x41, 0xEA, 0x2F, 0xFC, 0x67, 0x06, 0x92, 0x02, 0xFF, 0xF4,
    0x40, 0x7A, 0x3F, 0xDD, 0x67, 0x04, 0x92, 0x40, 0x0D, 0x1B, 0xEC, 0x18, 0x18, 0xAE, 0xF8, 0x03,
    0x00, 0x0E, 0x1F, 0x2D, 0xB2, 0x78, 0x9C, 0x9B, 0xC0, 0xF9, 0x25, 0xFF, 0x2B, 0x01, 0x78, 0x51,
    0x16, 0x00, 0xE9, 0xEE, 0x19, 0x2B, 0x78, 0x9C, 0x63, 0x60, 0x60, 0x50, 0x66, 0x60, 0x30, 0x62,
    0x64, 0x38, 0x20, 0xFB, 0xFD, 0x3F, 0xF7, 0xA1, 0xFF, 0xEB, 0x19, 0x3E, 0xDF, 0xBF, 0xFF, 0x6F,
    0xFE, 0xBF, 0x3F, 0xFF, 0x39, 0x3E, 0xFF, 0x67, 0x39, 0xF0, 0x5F, 0x4F, 0xE0, 0x1F, 0xEF, 0xE7,
    0x7E, 0x86, 0x82, 0xFF, 0xAC, 0x0C, 0xBF, 0xF8, 0x3F, 0xE7, 0x33, 0x24, 0xFC, 0x67, 0x66, 0xF8,
    0x09, 0x62, 0x04, 0x00, 0x19, 0x3F, 0xC8, 0x64, 0x1C, 0xD0, 0x63, 0x10, 0x38, 0xCB, 0xC0, 0xF0,
    0x98, 0x0B, 0x00, 0x2A, 0x51, 0x36, 0x92, 0x78, 0x9C, 0x63, 0x60, 0x60, 0x30, 0x62, 0x62, 0xB8,
    0x20, 0x7B, 0xF5, 0xFF, 0x7D, 0xE6, 0xCF, 0xFB, 0xFF, 0xBF, 0xF9, 0x2F, 0xF7, 0xF9, 0xBF, 0x34,
    0xC3, 0xF7, 0xFA, 0xCF, 0xF7, 0x19, 0x18, 0x3E, 0xAC, 0xFF, 0x5C, 0xCF, 0xC0, 0x70, 0xE1, 0xFC,
    0xE7, 0x7C, 0x06, 0x86, 0x03, 0x44, 0x91, 0x07, 0xF4, 0x18, 0x18, 0x12, 0xEA, 0x01, 0xEF, 0x31,
    0x28, 0xFB, 0x78, 0x9C, 0x63, 0x60, 0x10, 0x30, 0x66, 0x64, 0x60, 0x60, 0x70, 0xF8, 0xF3, 0xFF,
    0x3E, 0x2B, 0x03, 0xC3, 0xB7, 0xFF, 0x67, 0xFE, 0xD7, 0x33, 0x28, 0xFC, 0x97, 0x61, 0xD8, 0xF8,
    0x9F, 0x79, 0xC2, 0x7F, 0x26, 0x06, 0x81, 0xFF, 0xDC, 0x17, 0xCE, 0x03, 0xE5, 0x7F, 0xF3, 0x7F,
    0x58, 0x0F, 0xA4, 0x7E, 0xC8, 0x7F, 0x9C, 0x0F, 0xA2, 0xF4, 0xA1, 0x3C, 0xA8, 0x1C, 0x54, 0x25,
    0x54, 0x1F, 0xD4, 0x14, 0x98, 0x99, 0x10, 0x1B, 0x00, 0x53, 0x5A, 0x27, 0xEC, 0x78, 0x9C, 0x63,
    0x60, 0x60, 0x30, 0x62, 0x64, 0x60, 0xB8, 0x20, 0xFB, 0xEC, 0xFF, 0x7E, 0x26, 0x86, 0xCF, 0xE7,
    0xFF, 0xDF, 0xF9, 0xAF, 0xC7, 0xF0, 0xF9, 0x3F, 0x27, 0xC3, 0xD7, 0xFD, 0x0C, 0x9F, 0xF7, 0x33,
    0x30, 0x4C, 0xF8, 0xCF, 0xF8, 0xB9, 0x9E, 0x81, 0xC1, 0xE1, 0x3F, 0xEB, 0xE7, 0x7C, 0x06, 0x06,
    0x85, 0xFF, 0xEC, 0x20, 0x4A, 0xE0, 0x3F, 0x07, 0x8C, 0x07, 0x95, 0x03, 0xAA, 0x5C, 0x00, 0x54,
    0x09, 0xD4, 0xF7, 0x6D, 0x3D, 0xC3, 0xE7, 0xF7, 0xFF, 0xDF, 0xFC, 0x97, 0x65, 0xF8, 0x9C, 0x0F,
    0x34, 0x93, 0x11, 0x48, 0x81, 0x6D, 0x00, 0x69, 0x60, 0x40, 0xA7, 0x3E, 0xC5, 0x83, 0x29, 0x07,
    0x36, 0x30, 0x05, 0x00, 0x1A, 0x27, 0x33, 0xAB, 0x78, 0x9C, 0x63, 0x60, 0x30, 0x62, 0x64, 0x60,
    0x60, 0x78, 0xF6, 0x7F, 0x7F, 0x50, 0x7D, 0xC1, 0xFF, 0xF3, 0x7F, 0xEF, 0x9D, 0xFF, 0x74, 0x9F,
    0xD1, 0xE0, 0xEF, 0xF9, 0x1F, 0xF6, 0x0C, 0x0C, 0x9F, 0xCE, 0xFF, 0xE1, 0x63, 0x60, 0xB8, 0x70,
    0xFE, 0x1F, 0x37, 0x88, 0xFC, 0xCF, 0x85, 0x60, 0x43, 0xC4, 0xBF, 0xFB, 0x83, 0xD4, 0x7C, 0xBC,
    0xCF, 0x04, 0x54, 0x1F, 0x00, 0xD4, 0xFB, 0xFF, 0x3C, 0xC3, 0xD3, 0xFF, 0xE7, 0x2F, 0x9F, 0x67,
    0x00, 0x9A, 0x79, 0x01, 0x48, 0x82, 0xD4, 0xA0, 0x93, 0x1B, 0xF6, 0x83, 0x48, 0x01, 0x71, 0x00,
    0xB2, 0xA7, 0x34, 0xF9, 0x78, 0x9C, 0x3B, 0xA0, 0xA7, 0x70, 0x53, 0xEF, 0x73, 0xFE, 0x8F, 0xFF,
    0xFA, 0x9F, 0xEF, 0xDF, 0x37, 0x63, 0xFC, 0xFC, 0x9F, 0x8B, 0x81, 0xE1, 0xF3, 0x7B, 0x06, 0x20,
    0xB1, 0x1E, 0x44, 0xCC, 0x07, 0x11, 0xFD, 0x38, 0x88, 0x03, 0x76, 0x40, 0x02, 0x00, 0xB4, 0x0C,
    0x18, 0x20, 0x78, 0x9C, 0x63, 0x60, 0x30, 0x16, 0x66, 0x60, 0x50, 0xF8, 0xFD, 0xFF, 0xBF, 0x1F,
    0xC3, 0xC3, 0xFF, 0xE7, 0xDE, 0xCE, 0x67, 0xF8, 0x96, 0xCF, 0xC0, 0xC0, 0xC4, 0xF0, 0x43, 0x9E,
    0x01, 0x08, 0xBE, 0xAD, 0x07, 0x91, 0x17, 0xFE, 0xEF, 0x17, 0x63, 0x60, 0x10, 0xF8, 0xF9, 0xFF,
    0x3F, 0x27, 0x90, 0xB7, 0xF4, 0xFF, 0x7C, 0x90, 0xE0, 0xC5, 0xFF, 0x20, 0xB2, 0xE1, 0x3F, 0x93,
    0x01, 0x23, 0xC3, 0xC1, 0xFF, 0x0C, 0x9F, 0xEE, 0x9F, 0x01, 0x8A, 0x2F, 0xF8, 0xFF, 0xFF, 0x3D,
    0x3B, 0xD0, 0x38, 0x63, 0x26, 0x06, 0x06, 0x00, 0xE5, 0xCA, 0x21, 0x68, 0x78, 0x9C, 0x63, 0x10,
    0x60, 0x62, 0x60, 0x60, 0xF8, 0x68, 0x0F, 0x24, 0x3E, 0xE7, 0x23, 0x13, 0xC5, 0xBF, 0xF6, 0x77,
    0xB8, 0xFF, 0xF9, 0xFF, 0xFF, 0xFF, 0x7D, 0x30, 0x0B, 0x4D, 0x16, 0x9D, 0xF8, 0x54, 0x0F, 0x24,
    0x3E, 0xEC, 0x07, 0x12, 0x1B, 0xFE, 0x9F, 0xF3, 0x61, 0x50, 0xF8, 0xF3, 0x3F, 0x9E, 0x81, 0x41,
    0xC0, 0x98, 0x09, 0x00, 0x2F, 0x0A, 0x21, 0x2B, 0x78, 0x9C, 0xBB, 0xC8, 0xC3, 0xC0, 0xB0, 0xC1,
    0xEE, 0xAB, 0x3D, 0x03, 0xC3, 0xC7, 0xFE, 0xAF, 0xFE, 0x84, 0xC9, 0x2F, 0x40, 0xF2, 0x53, 0xFF,
    0xE7, 0x7C, 0x06, 0x86, 0x9F, 0xFD, 0x1F, 0xEE, 0x33, 0x16, 0xFC, 0xEF, 0x5F, 0xF0, 0xFF, 0xFC,
    0xBF, 0x3F, 0xFD, 0x0C, 0xBF, 0xFE, 0xF7, 0x4F, 0xF0, 0x63, 0x10, 0x30, 0x66, 0x60, 0x60, 0x00,
    0x00, 0x55, 0xCF, 0x27, 0x34, 0x78, 0x9C, 0x3B, 0xE0, 0xC7, 0xC0, 0xC0, 0xF0, 0x8B, 0xF9, 0xC1,
    0x7D, 0x06, 0x86, 0x80, 0xFF, 0x2C, 0x13, 0xFE, 0x33, 0x31, 0x2C, 0xF8, 0xCF, 0xE0, 0xF0, 0x9F,
    0x9D, 0xE1, 0xC1, 0x7A, 0x06, 0x86, 0x7F, 0xDC, 0x0C, 0x9F, 0xFD, 0x19, 0x18, 0x7E, 0xF2, 0x33,
    0xFC, 0xE0, 0x63, 0x00, 0x31, 0xFF, 0x70, 0x32, 0x30, 0x3C, 0x98, 0x2F, 0xF0, 0x9F, 0x85, 0x81,
    0x61, 0xC2, 0xFD, 0x84, 0xF7, 0x40, 0xAD, 0x06, 0xFF, 0x17, 0xCD, 0x07, 0x52, 0x0C, 0xFF, 0xBE,
    0xFB, 0x83, 0xA8, 0x1F, 0xFF, 0xF8, 0x40, 0xD4, 0xC6, 0xF7, 0xAC, 0x0C, 0x0C, 0x00, 0x00, 0xF3,
    0x1F, 0x70, 0x78, 0x9C, 0x05, 0xC1, 0xC1, 0x11, 0xC1, 0x40, 0x18, 0x80, 0xD1, 0x8F, 0x21, 0x33,
    0x32, 0x24, 0x2A, 0xA0, 0x04, 0xE9, 0x60, 0xB7, 0x03, 0xA5, 0xEC, 0xCE, 0x28, 0x80, 0x4E, 0x12,
    0x17, 0x57, 0x3A, 0x40, 0x05, 0x7B, 0x71, 0x71, 0x56, 0xC0, 0x1A, 0x4C, 0x36, 0xD6, 0x6C, 0x7E,
    0xEF, 0x75, 0x19, 0x8D, 0x1F, 0x71, 0x5D, 0xFC, 0x4A, 0x3E, 0x32, 0x25, 0xA8, 0x4E, 0x11, 0xFA,
    0x92, 0x58, 0xBC, 0x0D, 0xF1, 0xAB, 0x48, 0xF9, 0xB3, 0x26, 0xDD, 0xCC, 0x5C, 0xB2, 0x93, 0x43,
    0xF6, 0xB5, 0x96, 0xA1, 0x15, 0xED, 0xAD, 0xB3, 0x9E, 0x4A, 0x36, 0x67, 0x2D, 0xCD, 0x11, 0xFA,
    0xC3, 0x16, 0x79, 0x18, 0x88, 0xF7, 0x35, 0x29, 0xAC, 0xA0, 0x4D, 0x4B, 0x62, 0x9A, 0xC1, 0x4B,
    0x0A, 0x5A, 0x99, 0xC0, 0xCE, 0x8F, 0xB9, 0xB8, 0x01, 0x7F, 0x52, 0xC3, 0x38, 0x6C, 0x78, 0x9C,
    0xFB, 0xCA, 0xC5, 0xC0, 0xF0, 0x93, 0xE5, 0xF3, 0x7A, 0x86, 0x09, 0xFF, 0x99, 0x1A, 0xFE, 0x33,
    0x7F, 0xAA, 0x67, 0x60, 0xF8, 0xCB, 0xF3, 0x9B, 0x97, 0x81, 0xE1, 0xF3, 0xFA, 0xFF, 0xCC, 0x0C,
    0x40, 0xD1, 0x7E, 0x06, 0x06, 0x06, 0x83, 0xFF, 0xFA, 0x40, 0x72, 0xC3, 0xFF, 0xFD, 0x40, 0xF2,
    0x5B, 0xFE, 0x7F, 0x56, 0x06, 0x81, 0x7F, 0x1C, 0xBF, 0xE4, 0x18, 0x16, 0xBC, 0x67, 0xFC, 0xB4,
    0x9E, 0xE1, 0x4B, 0x3E, 0x43, 0xC3, 0x7F, 0x96, 0xEF, 0xEC, 0x0C, 0x0C, 0xBF, 0xD8, 0x00, 0xEA,
    0x99, 0x1F, 0x6E, 0x78, 0x9C, 0x1D, 0xCB, 0xCD, 0x0D, 0x40, 0x40, 0x10, 0x40, 0xE1, 0x17, 0x2B,
    0x91, 0x88, 0x83, 0x93, 0x2B, 0x25, 0xA8, 0x40, 0x0D, 0x4A, 0xD0, 0x81, 0x12, 0x28, 0x45, 0x09,
    0x3A, 0xA0, 0x03, 0x25, 0xA0, 0x03, 0x24, 0x22, 0xF1, 0x93, 0xB1, 0xB3, 0x87, 0x99, 0x97, 0x4C,
    0xBE, 0x19, 0x0B, 0xE0, 0x36, 0xCB, 0x04, 0xA5, 0x98, 0x56, 0x3C, 0xFA, 0x99, 0x5C, 0x02, 0xF6,
    0x1A, 0xBE, 0x88, 0x2B, 0x45, 0xE7, 0x0D, 0xE1, 0xA8, 0x33, 0x31, 0x30, 0x0E, 0xED, 0x6C, 0x7F,
    0x2A, 0x59, 0x1B, 0x9B, 0x58, 0x6E, 0x2B, 0xE0, 0x91, 0x50, 0x73, 0xAA, 0x80, 0x4D, 0x85, 0x4D,
    0xE3, 0x72, 0x39, 0xC1, 0xE7, 0x44, 0x29, 0xBE, 0xA6, 0x9B, 0xDC, 0x2D, 0x4F, 0x74, 0xFF, 0x99,
    0x50, 0x25, 0x84, 0x78, 0x9C, 0x7B, 0xF8, 0x1F, 0x08, 0x38, 0x1F, 0x82, 0x48, 0x6E, 0x06, 0x06,
    0x86, 0x05, 0xFF, 0x59, 0x81, 0xE4, 0xF7, 0xF5, 0x40, 0xC2, 0xE0, 0x3F, 0x2F, 0x90, 0x7C, 0xF8,
    0x9F, 0x09, 0x48, 0xFE, 0x8E, 0x07, 0x12, 0x0D, 0xFF, 0x39, 0x81, 0xE4, 0x97, 0xF3, 0x40, 0x42,
    0xE1, 0x9F, 0x1C, 0x90, 0xDC, 0xF0, 0x9F, 0x05, 0x48, 0x7E, 0x44, 0x98, 0xC0, 0x09, 0x00, 0x3F,
    0x02, 0x21, 0xA7, 0x78, 0x9C, 0x63, 0x60, 0x60, 0x30, 0x16, 0x66, 0x60, 0xF8, 0xF6, 0xFF, 0x3E,
    0x83, 0xC0, 0xFF, 0xFB, 0x35, 0x0C, 0x01, 0xFF, 0xD9, 0x18, 0x18, 0x0A, 0xFE, 0x33, 0x82, 0x08,
    0x06, 0x0C, 0x62, 0xC2, 0x7B, 0x20, 0xF1, 0x68, 0x3D, 0x03, 0xC3, 0xE6, 0xFF, 0x32, 0x0C, 0x0C,
    0xDF, 0xDF, 0x33, 0x33, 0x30, 0x04, 0xFC, 0xF6, 0x07, 0x8A, 0x5D, 0x38, 0x0F, 0x24, 0x1A, 0xB0,
    0xE8, 0x00, 0x13, 0x09, 0xFF, 0x99, 0x18, 0x18, 0x1C, 0xFE, 0x5B, 0x03, 0xC9, 0x7F, 0xFF, 0x81,
    0x2A, 0x27, 0xDD, 0x9D, 0x0B, 0x00, 0xFD, 0x49, 0x26, 0xF6, 0x78, 0x9C, 0x33, 0x60, 0xF8, 0xC1,
    0xF5, 0x9B, 0x87, 0x14, 0xF8, 0x8B, 0xBB, 0x90, 0x09, 0x00, 0xD8, 0x47, 0x1A, 0x4C, 0x78, 0x9C,
    0x33, 0x34, 0x66, 0x60, 0x60, 0xF8, 0xFD, 0xBF, 0x9E, 0x81, 0xE1, 0xD8, 0xDF, 0xFF, 0xCC, 0x0C,
    0x0C, 0x01, 0xFF, 0xD9, 0x81, 0x02, 0xFF, 0x39, 0x30, 0x89, 0x7F, 0x9C, 0x40, 0xE2, 0x2F, 0x37,
    0x90, 0xF8, 0xA1, 0x0F, 0x24, 0x36, 0xFC, 0xF7, 0x61, 0x60, 0x50, 0xF8, 0x37, 0x9F, 0x81, 0xE1,
    0xF3, 0x79, 0x36, 0x06, 0x86, 0x5F, 0x7C, 0x20, 0x25, 0x5C, 0xD8, 0xF5, 0x0A, 0x00, 0x09, 0x85,
    0xC5, 0xFF, 0xD9, 0x80, 0x16, 0xBD, 0x67, 0x64, 0xB8, 0x71, 0x57, 0x8B, 0x81, 0x01, 0x00, 0xC3,
    0x1A, 0x21, 0x9F, 0x78, 0x9C, 0x63, 0x78, 0x71, 0x9F, 0x9D, 0x01, 0x08, 0x2E, 0xFE, 0xFF, 0x7F,
    0x9E, 0x91, 0xA1, 0x91, 0xE9, 0x67, 0x6C, 0xF2, 0xBF, 0xBC, 0xE4, 0x7F, 0x1C, 0x4D, 0x8C, 0x0C,
    0x97, 0xFE, 0xFF, 0xBF, 0xCF, 0x08, 0x92, 0xBB, 0x71, 0x9F, 0x83, 0x01, 0x00, 0x59, 0x58, 0x10,
    0x71, 0x78, 0x9C, 0x03, 0x00, 0x00, 0x00, 0x00, 0x01, 0x78, 0x9C, 0x5B, 0x50, 0xFF, 0xF1, 0xFD,
    0x85, 0xF5, 0x0C, 0xCC, 0x0C, 0x0C, 0x01, 0xD6, 0x17, 0xD6, 0x3F, 0xD8, 0xFF, 0x60, 0xFF, 0x87,
    0xF3, 0x40, 0x78, 0xFF, 0xC3, 0xFD, 0x8F, 0xEF, 0x3F, 0xBE, 0xFF, 0xF4, 0xFF, 0xD3, 0xFF, 0x8F,
    0xEF, 0x1D, 0xD4, 0x01, 0xDA, 0xBB, 0x1A, 0xCF, 0x78, 0x9C, 0x63, 0x60, 0x60, 0x30, 0x60, 0x00,
    0x81, 0xEF, 0xAC, 0x20, 0xF2, 0x07, 0x3B, 0x82, 0xFC, 0x25, 0x09, 0x94, 0xFB, 0xFD, 0xFF, 0x3F,
    0x0F, 0xC3, 0xB7, 0xFF, 0xFF, 0xFF, 0xF3, 0x29, 0xFC, 0xF7, 0xFB, 0xC9, 0xCE, 0x30, 0xE1, 0x3F,
    0x0B, 0x50, 0xF6, 0xC1, 0x7B, 0x90, 0x9A, 0x0F, 0xE7, 0x41, 0xE4, 0xC7, 0xFD, 0x08, 0x36, 0x44,
    0x1C, 0xA2, 0x46, 0xE1, 0x7F, 0xDC, 0x4F, 0x76, 0x46, 0xB0, 0x5E, 0x79, 0xA8, 0x39, 0x10, 0x33,
    0x51, 0x6D, 0xF9, 0xC1, 0x06, 0x22, 0x0B, 0x19, 0x18, 0x00, 0xC2, 0x1F, 0x2F, 0x11, 0x78, 0x9C,
    0x63, 0x60, 0x60, 0x08, 0x2C, 0x17, 0x65, 0x60, 0x60, 0x58, 0xF0, 0xFF, 0xFF, 0x7B, 0x20, 0xF5,
    0xFB, 0xFF, 0xBD, 0x77, 0x8C, 0x0C, 0x0E, 0xFF, 0x6D, 0x81, 0x6C, 0x86, 0x09, 0xFF, 0x59, 0x41,
    0xD4, 0x86, 0xFF, 0x8C, 0x10, 0x8A, 0x01, 0x89, 0x3A, 0xFC, 0xDF, 0xC5, 0x85, 0x11, 0xA4, 0xEB,
    0xFF, 0x7F, 0x3E, 0x86, 0x80, 0xDF, 0xFF, 0xCF, 0x9C, 0xE1, 0x40, 0x57, 0x72, 0x00, 0x42, 0x3D,
    0x38, 0x0F, 0xA6, 0xBE, 0xC5, 0x83, 0xC8, 0x80, 0xFF, 0xDE, 0x2E, 0x2E, 0x26, 0x0C, 0x1F, 0x41,
    0xFA, 0xFE, 0xB3, 0x5D, 0x00, 0x53, 0x2C, 0x00, 0x90, 0x7D, 0x31, 0x67, 0x78, 0x9C, 0xDB, 0xCC,
    0xCC, 0xC0, 0xC0, 0x20, 0x90, 0xFD, 0xDD, 0x7E, 0xEB, 0xBF, 0x9C, 0x4B, 0xEB, 0x17, 0xFC, 0x07,
    0x01, 0x59, 0x86, 0x7F, 0xEB, 0x5D, 0x7F, 0xFC, 0x67, 0x34, 0xF8, 0xCF, 0xC6, 0x00, 0xC4, 0x13,
    0xCE, 0x03, 0x95, 0xFC, 0xE4, 0xD9, 0xD0, 0x0F, 0xA4, 0xBE, 0xF2, 0x41, 0xA9, 0x86, 0xFB, 0x40,
    0xEA, 0x17, 0xB7, 0xC0, 0x7F, 0x4E, 0x86, 0x82, 0xFF, 0x2C, 0x02, 0xFF, 0xEE, 0x77, 0xFE, 0xF9,
    0xCF, 0x7C, 0xF1, 0x3D, 0x50, 0xF7, 0x5F, 0xBB, 0x1F, 0xB2, 0x85, 0xBB, 0x34, 0x16, 0xEC, 0x2F,
    0x64, 0x04, 0x2A, 0x61, 0x30, 0x07, 0x00, 0xDB, 0x97, 0x2C, 0xC7, 0x78, 0x9C, 0x53, 0x60, 0x66,
    0x00, 0x02, 0x05, 0xA6, 0x07, 0xF7, 0x19, 0x81, 0xF4, 0x2F, 0xFE, 0x09, 0xFF, 0x39, 0x18, 0x18,
    0x02, 0xFE, 0x73, 0x09, 0xFC, 0x93, 0x67, 0x60, 0xB8, 0xF0, 0x9F, 0x91, 0xE1, 0xDB, 0x7C, 0x06,
    0x86, 0x6F, 0xFD, 0x20, 0x36, 0x13, 0xC3, 0x3F, 0x3E, 0x06, 0x06, 0x87, 0xFF, 0x5C, 0x05, 0xFF,
    0x59, 0x81, 0x6A, 0x7F, 0xEB, 0x3F, 0x38, 0x0F, 0xD2, 0xFB, 0x69, 0xFD, 0x0F, 0x7B, 0x10, 0xDD,
    0xF0, 0xFF, 0x3F, 0x17, 0xD0, 0xA4, 0xFF, 0x60, 0xC0, 0x2C, 0x70, 0xFA, 0xCC, 0xDF, 0xF7, 0x67,
    0xF6, 0x30, 0x01, 0x25, 0xBE, 0xD5, 0x83, 0xA4, 0x9D, 0x5D, 0x7E, 0xCE, 0x77, 0x31, 0x61, 0x30,
    0x80, 0xC8, 0xB3, 0x30, 0xB4, 0x77, 0xFC, 0x3E, 0xDF, 0x51, 0xC1, 0x00, 0x97, 0x47, 0xD0, 0x17,
    0xF5, 0x80, 0x04, 0x00, 0x3C, 0xD3, 0x37, 0x1F, 0x78, 0x9C, 0x33, 0x60, 0xF8, 0xC1, 0xF5, 0x9B,
    0x07, 0x01, 0x7F, 0xF1, 0x6C, 0x66, 0x61, 0x00, 0x83, 0x42, 0xA6, 0x5F, 0xDC, 0x28, 0x32, 0xDC,
    0x85, 0x4C, 0x00, 0xAF, 0x59, 0x12, 0x34, 0x78, 0x9C, 0x63, 0x50, 0x28, 0x0B, 0x67, 0x62, 0x60,
    0xF8, 0xF5, 0xFF, 0xFF, 0x79, 0x86, 0x0D, 0xFF, 0xCF, 0xDD, 0xF9, 0xCF, 0xFC, 0x65, 0x3E, 0x03,
    0x83, 0x23, 0xC3, 0x77, 0x79, 0x06, 0x20, 0xF8, 0xA6, 0x0F, 0x22, 0x3F, 0xDD, 0x67, 0x06, 0x92,
    0x0D, 0xFF, 0xDF, 0x67, 0x33, 0x30, 0x18, 0xFC, 0xFF, 0xFF, 0x3F, 0x8E, 0xE1, 0x61, 0x7E, 0xF1,
    0xEF, 0xFF, 0xCC, 0xDF, 0xB8, 0x19, 0x14, 0xFE, 0x71, 0xFD, 0xE0, 0x66, 0x60, 0xF8, 0xCE, 0xF3,
    0x1D, 0xA8, 0xF2, 0x3B, 0xF7, 0xA7, 0xF7, 0x16, 0x02, 0x7F, 0xD9, 0x02, 0x80, 0x6A, 0xD6, 0x33,
    0x30, 0x34, 0xFD, 0xFB, 0xDF, 0x0F, 0xD4, 0x27, 0x70, 0xED, 0x3F, 0x0B, 0x88, 0xFA, 0xCF, 0x05,
    0x32, 0xEB, 0x0F, 0x50, 0x35, 0x83, 0xC2, 0x7F, 0xCE, 0x07, 0xEB, 0x2A, 0x7E, 0xFE, 0x67, 0x3A,
    0x00, 0x54, 0x19, 0xCF, 0xC0, 0x30, 0x75, 0x57, 0x15, 0x23, 0x03, 0x00, 0x63, 0x94, 0x38, 0xBD,
    0x78, 0x9C, 0x4B, 0x66, 0x30, 0x60, 0xFB, 0xC7, 0xFE, 0xA0, 0xFE, 0x1F, 0xC7, 0x83, 0xFE, 0x65,
    0x4C, 0x09, 0x5A, 0x00, 0x36, 0x55, 0x06, 0xA5, 0x78, 0x9C, 0x63, 0x60, 0x60, 0x60, 0x70, 0x76,
    0x65, 0x64, 0x00, 0x01, 0x81, 0x97, 0xFF, 0xFF, 0xEF, 0x67, 0x01, 0xB1, 0xBE, 0xDD, 0xAF, 0x6C,
    0xFB, 0xB3, 0x1E, 0xC8, 0x28, 0x78, 0xCF, 0xCA, 0xC0, 0xA0, 0xF0, 0x87, 0x87, 0x81, 0xE1, 0xAB,
    0x2E, 0x43, 0x52, 0x07, 0xDB, 0x02, 0xA0, 0xE0, 0x3F, 0xA6, 0x05, 0xFF, 0xFF, 0xD7, 0x33, 0xFC,
    0x61, 0x29, 0xA8, 0x67, 0xF8, 0xB5, 0xDE, 0x55, 0x8D, 0xE1, 0x13, 0xCF, 0x01, 0x79, 0x83, 0xFF,
    0x1C, 0x40, 0xE5, 0x1B, 0xE4, 0x3F, 0xF0, 0x16, 0xFC, 0x07, 0x99, 0x50, 0xE0, 0xFF, 0x81, 0x7B,
    0xC2, 0x7B, 0x10, 0x2B, 0x20, 0xFF, 0x03, 0x77, 0x03, 0x98, 0x95, 0x10, 0xFF, 0x80, 0x37, 0xE1,
    0x3F, 0x13, 0x90, 0xD5, 0xE0, 0xBF, 0x40, 0x5F, 0xE0, 0x3F, 0x37, 0x90, 0x75, 0x81, 0x3F, 0x60,
    0x3D, 0xC3, 0xF7, 0xFB, 0x9D, 0x51, 0x0C, 0x5F, 0xB8, 0x18, 0xFE, 0xB2, 0x26, 0xFC, 0xFB, 0xDF,
    0x2F, 0xF0, 0x8F, 0x89, 0xE1, 0x73, 0x3C, 0x83, 0x82, 0x0B, 0xD3, 0xC5, 0x7A, 0x06, 0x06, 0x87,
    0xFF, 0x9A, 0x40, 0x9D, 0xFF, 0x38, 0x81, 0x6A, 0x2F, 0xFF, 0x5F, 0x7B, 0xEA, 0x7F, 0x3E, 0xD8,
    0xA9, 0x5B, 0xFF, 0xFF, 0xEF, 0x85, 0x38, 0x9A, 0x41, 0x00, 0x4C, 0x03, 0x00, 0x21, 0x04, 0x41,
    0xB9, 0x78, 0x9C, 0x63, 0x70, 0x28, 0x73, 0x67, 0x60, 0x60, 0xF8, 0xF3, 0xFF, 0xBF, 0x1D, 0x03,
    0x43, 0xBA, 0xF0, 0xE6, 0xFD, 0x40, 0x0E, 0x83, 0xC2, 0x7F, 0x06, 0x06, 0x81, 0xD6, 0x95, 0x40,
    0xF2, 0xDB, 0xFF, 0x77, 0xFF, 0x19, 0x0C, 0xFE, 0xB3, 0x09, 0xFC, 0x67, 0x68, 0x58, 0x0F, 0x64,
    0x80, 0xC8, 0x0D, 0xFF, 0x19, 0x1C, 0xFE, 0x57, 0xBE, 0x01, 0xCA, 0xFE, 0xF8, 0x6F, 0xFB, 0x06,
    0xA8, 0x52, 0x05, 0xA8, 0x25, 0x29, 0x0D, 0x08, 0xC4, 0x7E, 0xFF, 0x07, 0x82, 0xF9, 0x06, 0xC6,
    0x40, 0xC0, 0x0C, 0x00, 0x2A, 0x96, 0x24, 0x7C, 0x78, 0x9C, 0x15, 0xCA, 0xC1, 0x09, 0x82, 0x60,
    0x00, 0x80, 0xD1, 0xD7, 0x1F, 0x18, 0x1A, 0x84, 0xC7, 0xC0, 0x21, 0x1A, 0x21, 0x27, 0x08, 0x47,
    0x68, 0x83, 0xDA, 0xC0, 0x11, 0x9C, 0xC9, 0x16, 0x10, 0x69, 0x80, 0x0E, 0xDD, 0xF3, 0x10, 0x58,
    0x29, 0x64, 0x76, 0xF8, 0x4E, 0xEF, 0xC3, 0x96, 0x3C, 0xE2, 0xBA, 0xE3, 0x9D, 0x38, 0x4F, 0xB1,
    0x4B, 0x17, 0xD2, 0xF1, 0xA4, 0x98, 0x32, 0x6D, 0x13, 0xBC, 0x4A, 0xFA, 0x98, 0x47, 0xE0, 0x79,
    0x60, 0x4C, 0x38, 0xCE, 0x5B, 0xDD, 0x2D, 0xB9, 0xDF, 0x82, 0x4F, 0x45, 0x3A, 0x6C, 0x14, 0xDF,
    0xD5, 0x2C, 0x7B, 0xEA, 0x35, 0x16, 0xFF, 0x7E, 0x26, 0xB9, 0x1A, 0x00, 0x78, 0x9C, 0x33, 0x70,
    0x01, 0x01, 0xC6, 0xEF, 0xFF, 0x41, 0xC0, 0xFE, 0xCA, 0x3B, 0x20, 0xF8, 0x97, 0xCF, 0x00, 0x02,
    0x1F, 0xF0, 0x50, 0x07, 0xFC, 0xC1, 0x14, 0x03, 0x13, 0x00, 0x53, 0x13, 0x14, 0x3D, 0x78, 0x9C,
    0x33, 0x48, 0x4D, 0x0B, 0x63, 0xFA, 0xF0, 0xFF, 0xFF, 0x7F, 0xDE, 0x05, 0x6F, 0xDF, 0xDD, 0xE3,
    0x00, 0x00, 0x3E, 0xA9, 0x08, 0xAF, 0x78, 0x9C, 0x25, 0x8E, 0xBF, 0x0A, 0x82, 0x70, 0x14, 0x85,
    0x8F, 0xA2, 0x91, 0x69, 0xE4, 0xD0, 0xAE, 0x6B, 0x50, 0xF4, 0x02, 0x41, 0x41, 0x34, 0xEB, 0x1B,
    0xE8, 0x1B, 0xE8, 0x58, 0x93, 0x4D, 0x6D, 0x35, 0xB7, 0xE9, 0xD0, 0x1A, 0xBA, 0x34, 0xD7, 0xDC,
    0x54, 0xF4, 0x00, 0xB5, 0x36, 0x25, 0xFD, 0xB1, 0x10, 0xF3, 0xF6, 0xD3, 0xEE, 0x72, 0x3E, 0xEE,
    0x3D, 0x70, 0x3F, 0x00, 0x18, 0x8E, 0x38, 0x14, 0xA3, 0x5E, 0x89, 0xB6, 0x42, 0x41, 0xC9, 0x79,
    0x32, 0xCB, 0x42, 0x06, 0xEE, 0x4D, 0x04, 0xF4, 0x4C, 0x01, 0x5E, 0x1D, 0x7B, 0x39, 0xE6, 0x03,
    0xB6, 0xCC, 0xF9, 0x0F, 0x91, 0x8F, 0x4C, 0x70, 0x3D, 0xA4, 0xBD, 0x15, 0x09, 0x77, 0x65, 0xA7,
    0x21, 0x95, 0x41, 0x95, 0x48, 0x8B, 0xEB, 0x8C, 0x74, 0x12, 0x5C, 0x23, 0x96, 0x91, 0x2E, 0x52,
    0x1F, 0xA6, 0x53, 0x10, 0x91, 0x04, 0xDB, 0xBA, 0xB0, 0x6B, 0x3B, 0xE9, 0x63, 0x6A, 0x04, 0x5D,
    0xD6, 0x8B, 0x42, 0x1C, 0x1A, 0x66, 0xC8, 0xC8, 0x24, 0xEE, 0x59, 0xC3, 0x57, 0x7C, 0x57, 0x91,
    0x35, 0x73, 0x1E, 0x0F, 0x4B, 0x65, 0x7F, 0x8F, 0x1E, 0x30, 0xA0, 0x16, 0x60, 0xE7, 0x12, 0x93,
    0x39, 0xD1, 0x7A, 0x4F, 0x4E, 0xA9, 0xBA, 0x21, 0x9A, 0xFF, 0xA5, 0xA1, 0x96, 0xF9, 0x03, 0x6C,
    0xAA, 0x48, 0xF9, 0x78, 0x9C, 0xDB, 0x7C, 0xE6, 0xCC, 0x19, 0xED, 0xEF, 0xFF, 0xFF, 0xFF, 0x8F,
    0x37, 0x70, 0x71, 0x71, 0x61, 0x06, 0x00, 0x52, 0x98, 0x08, 0x95, 0x78, 0x9C, 0x63, 0x28, 0x32,
    0x67, 0x60, 0x68, 0xF8, 0xFF, 0x9F, 0x8B, 0xE1, 0xDB, 0xFA, 0x9F, 0xF5, 0x0C, 0x7F, 0x59, 0x1D,
    0xDE, 0x33, 0xFC, 0x63, 0x64, 0xF8, 0x0F, 0x61, 0x7D, 0x9B, 0x0F, 0x14, 0x03, 0xCB, 0x32, 0x80,
    0xD4, 0x01, 0x00, 0xC0, 0x24, 0x12, 0xED, 0x78, 0x9C, 0x63, 0x60, 0x60, 0x30, 0x60, 0x80, 0x80,
    0x9F, 0x6C, 0x10, 0xFA, 0x37, 0x07, 0x1E, 0xBA, 0xB9, 0xA3, 0xE3, 0x5F, 0x6F, 0x47, 0x07, 0xD3,
    0x9F, 0xFF, 0x60, 0xC0, 0x09, 0xE3, 0x13, 0xD2, 0x87, 0x64, 0x3E, 0xD8, 0x3E, 0x01, 0x25, 0x10,
    0x10, 0x62, 0xF8, 0x05, 0x31, 0x87, 0xFD, 0x27, 0x84, 0x66, 0x03, 0x00, 0x22, 0x1C, 0x28, 0x96,
    0x78, 0x9C, 0x01, 0x30, 0x00, 0xCF, 0xFF, 0x10, 0x64, 0x14, 0x00, 0xF4, 0xFF, 0xFF, 0x06, 0xC6,
    0x57, 0xF9, 0x1F, 0x00, 0x00, 0xC0, 0x5F, 0x00, 0x00, 0xD0, 0x3F, 0x00, 0x00, 0xF3, 0x0E, 0x00,
    0x10, 0xFD, 0x05, 0x00, 0xC1, 0x8F, 0x00, 0x20, 0xFD, 0x08, 0x00, 0xE3, 0x7F, 0x00, 0x00, 0xFB,
    0xFF, 0xFF, 0x4F, 0xB5, 0xBB, 0xBB, 0x2A, 0xBC, 0x03, 0x13, 0x6B, 0x78, 0x9C, 0x01, 0x30, 0x00,
    0xCF, 0xFF, 0x41, 0x44, 0x44, 0x02, 0xFB, 0xFF, 0xFF, 0x2F, 0x73, 0x77, 0xFB, 0x0E, 0x00, 0x60,
    0xDF, 0x02, 0x00, 0xF7, 0x1C, 0x00, 0x30, 0xFF, 0x7B, 0x00, 0x10, 0xBA, 0xFE, 0x0C, 0x00, 0x00,
    0xD1, 0x3F, 0x00, 0x00, 0xA0, 0x5F, 0x11, 0x00, 0xE2, 0x3F, 0xFA, 0xDE, 0xFF, 0x0B, 0x92, 0xDC,
    0x6B, 0x00, 0xE0, 0x1E, 0x13, 0xB5, 0x78, 0x9C, 0x63, 0xF8, 0xC5, 0xB7, 0xE0, 0x3F, 0xFB, 0xD7,
    0xF9, 0x0C, 0x7F, 0x39, 0x19, 0x84, 0x18, 0x18, 0x00, 0x35, 0x12, 0x05, 0x5B, 0x78, 0x9C, 0xBB,
    0x20, 0xCB, 0xC0, 0x50, 0x10, 0xFF, 0xD9, 0x9E, 0x81, 0xE1, 0xC2, 0xFA, 0xCF, 0xFE, 0xC4, 0x91,
    0x1F, 0xD7, 0x7F, 0xCE, 0x67, 0x60, 0xF8, 0xB9, 0xFE, 0xF3, 0x7D, 0xA6, 0x86, 0xFF, 0xEB, 0x3F,
    0xFF, 0x7F, 0xFF, 0xFF, 0x2C, 0x90, 0xFC, 0xBF, 0x3E, 0x31, 0xFE, 0xB3, 0xBF, 0x11, 0x23, 0x03,
    0x03, 0x48, 0x0D, 0x2A, 0xF9, 0x49, 0x1F, 0x44, 0x06, 0xB0, 0x82, 0x48, 0x00, 0xC7, 0x5E, 0x2F,
    0x4F, 0x78, 0x9C, 0x63, 0x60, 0x50, 0x70, 0x76, 0x71, 0x11, 0x66, 0x60, 0x08, 0xF8, 0xFB, 0x1F,
    0x08, 0x18, 0x19, 0x7E, 0xFC, 0xFF, 0xFF, 0xFE, 0xDD, 0x7F, 0x96, 0x00, 0x20, 0x87, 0x4F, 0xE0,
    0x3F, 0xCB, 0x05, 0x28, 0xFD, 0x11, 0x4A, 0x7F, 0x42, 0xE3, 0xC3, 0xE4, 0x61, 0xEA, 0x41, 0xFA,
    0xC1, 0x34, 0xD0, 0x3C, 0x30, 0xCD, 0xA0, 0xF0, 0x13, 0x42, 0x33, 0x7C, 0xA7, 0x90, 0xFE, 0xC6,
    0xCB, 0xF0, 0x9F, 0x19, 0x48, 0x27, 0x30, 0x33, 0x84, 0x30, 0x00, 0x00, 0x76, 0x87, 0x4B, 0x3F,
    0x78, 0x9C, 0x13, 0x60, 0xF8, 0x66, 0xFF, 0xBB, 0xFF, 0x67, 0xFD, 0x44, 0x0E, 0x00, 0x19, 0x4B,
    0x04, 0xE1, 0x78, 0x9C, 0x63, 0x60, 0x78, 0xC2, 0xC1, 0xC0, 0xF0, 0xC9, 0x9E, 0x81, 0xE1, 0x4B,
    0xFE, 0x8A, 0x19, 0xFF, 0xED, 0x7F, 0xFD, 0xFF, 0xCF, 0x1E, 0x50, 0x2E, 0xCA, 0x00, 0x00, 0x6E,
    0xD0, 0x09, 0xDA, 0x78, 0x9C, 0x63, 0x10, 0x60, 0x12, 0xF8, 0x6D, 0xFF, 0xF0, 0x7F, 0xFC, 0xAF,
    0x1B, 0xF1, 0xE1, 0x17, 0xE2, 0x19, 0x30, 0x51, 0x00, 0x27, 0x00, 0x21, 0x28, 0x0E, 0xC6, 0x78,
    0x9C, 0x63, 0x60, 0x28, 0x75, 0x67, 0x60, 0x60, 0x78, 0xF2, 0xFF, 0xBF, 0x2E, 0x83, 0xC2, 0x7F,
    0x8D, 0xC5, 0xEF, 0x19, 0x26, 0xAC, 0x67, 0x60, 0xF8, 0xCB, 0x76, 0x21, 0x9E, 0x81, 0xE1, 0x3B,
    0xF7, 0x07, 0x7B, 0x06, 0x86, 0xAF, 0x3C, 0x0F, 0x80, 0xE4, 0x37, 0x9E, 0x03, 0x40, 0x91, 0x1F,
    0x5C, 0x0D, 0xE7, 0x19, 0x18, 0xFE, 0xB1, 0x0A, 0xFC, 0xCB, 0x3E, 0x06, 0x64, 0x6C, 0xFA, 0xFF,
    0x5F, 0x0A, 0xA8, 0xD9, 0x51, 0x84, 0x81, 0x21, 0x29, 0x0D, 0x08, 0xC4, 0x7E, 0xFF, 0x07, 0x82,
    0xF9, 0x06, 0xC6, 0x40, 0xC0, 0x0C, 0x00, 0xFE, 0x68, 0x22, 0xAE, 0x78, 0x9C, 0x0B, 0x63, 0x60,
    0x10, 0x90, 0x64, 0x60, 0x60, 0xF8, 0xC9, 0xC9, 0x20, 0xF0, 0x9E, 0x85, 0x81, 0xE1, 0xE2, 0x7D,
    0x26, 0x86, 0xEF, 0xFD, 0x40, 0xC1, 0x5F, 0xF9, 0x0C, 0x0E, 0xFF, 0x64, 0x18, 0x18, 0x02, 0xFE,
    0x73, 0x30, 0x6C, 0x7C, 0xCF, 0x08, 0x94, 0xE1, 0x67, 0x60, 0xF8, 0xCE, 0x0E, 0x54, 0xC9, 0xCB,
    0x60, 0xF0, 0x97, 0x95, 0xE1, 0x12, 0x50, 0xE1, 0x8F, 0x7E, 0x86, 0x84, 0xFF, 0x5C, 0x0C, 0x07,
    0x81, 0x1A, 0xBF, 0xE6, 0x33, 0x30, 0xFC, 0x95, 0x66, 0x60, 0xB8, 0xC5, 0xC4, 0xA0, 0x50, 0xCF,
    0x00, 0x01, 0x40, 0x4D, 0x0C, 0x00, 0x2C, 0x08, 0x19, 0xED, 0x78, 0x9C, 0x63, 0x60, 0x10, 0x62,
    0x00, 0x01, 0x26, 0x06, 0x86, 0x27, 0xF7, 0x41, 0x8C, 0x83, 0xF6, 0x0C, 0x09, 0xFF, 0xFF, 0x83,
    0x58, 0xBF, 0xB8, 0x19, 0x3E, 0xD4, 0x81, 0x58, 0x0E, 0xFF, 0x99, 0x18, 0x26, 0x18, 0x82, 0x58,
    0x0F, 0xF2, 0x81, 0x84, 0x01, 0x88, 0xF5, 0x93, 0x07, 0xCA, 0x32, 0x00, 0x4A, 0x42, 0x58, 0x17,
    0xEA, 0x19, 0xA0, 0xAC, 0x1F, 0x3C, 0x0A, 0x77, 0xC0, 0x2C, 0x83, 0xFF, 0xCC, 0x17, 0x80, 0xF2,
    0x40, 0xD6, 0x85, 0x7E, 0x86, 0x9F, 0xFF, 0x80, 0x2A, 0x33, 0x19, 0xBE, 0xF3, 0x3A, 0xD4, 0xFF,
    0x01, 0xE9, 0x51, 0xF8, 0xCF, 0xFC, 0x90, 0x07, 0xCC, 0x3A, 0x30, 0x9F, 0xE1, 0x37, 0x13, 0x98,
    0xF5, 0x9D, 0x2F, 0x21, 0x9E, 0x01, 0xC4, 0x52, 0xF8, 0xCF, 0x72, 0xE1, 0xFD, 0xBB, 0xFF, 0xF3,
    0x19, 0x18, 0x36, 0xAC, 0x67, 0x28, 0x38, 0x73, 0xE6, 0x7F, 0x2D, 0x03, 0xC3, 0x37, 0x39, 0x90,
    0x05, 0x20, 0xD9, 0xDB, 0xCC, 0x20, 0xD6, 0x4B, 0x46, 0x00, 0x3C, 0xC4, 0x3A, 0x70, 0x78, 0x9C,
    0x63, 0x60, 0x10, 0x62, 0x00, 0x02, 0x05, 0x20, 0x7E, 0x72, 0x1F, 0x48, 0x08, 0xFC, 0x61, 0x66,
    0x48, 0xF8, 0xFF, 0x1F, 0xC8, 0x5A, 0xB0, 0x9F, 0x81, 0xE1, 0x43, 0x1D, 0x88, 0xF5, 0x45, 0x9F,
    0x81, 0x61, 0x82, 0x21, 0x88, 0xF5, 0x8F, 0x0D, 0x48, 0x18, 0x00, 0x59, 0x13, 0xCE, 0x33, 0x40,
    0x59, 0x9F, 0xF5, 0x61, 0xAC, 0xBF, 0xEC, 0x50, 0x56, 0xC3, 0xF9, 0x05, 0xFF, 0xEE, 0xB3, 0x82,
    0x58, 0x9F, 0xED, 0x3F, 0xAF, 0xFD, 0x63, 0x0F, 0x62, 0xFD, 0xE5, 0x10, 0x60, 0x58, 0xD0, 0xCF,
    0xC0, 0x90, 0x59, 0x00, 0xB2, 0xA5, 0x61, 0x3E, 0x90, 0xF8, 0x64, 0x0F, 0x24, 0x0E, 0xC4, 0x03,
    0x89, 0x3F, 0x9C, 0x40, 0xE2, 0x1B, 0x2F, 0x03, 0x43, 0xC1, 0x7B, 0x20, 0x23, 0xE0, 0x3D, 0x13,
    0x50, 0xD2, 0x1F, 0x24, 0x64, 0x07, 0x24, 0x7E, 0x73, 0x01, 0xD5, 0x83, 0x84, 0x12, 0xDE, 0x33,
    0x32, 0x30, 0x7C, 0x3D, 0xBF, 0xCA, 0x8B, 0x61, 0x83, 0x2D, 0x50, 0xFC, 0xEB, 0xFF, 0xFF, 0xFD,
    0x00, 0x1F, 0xDA, 0x39, 0x08, 0x78, 0x9C, 0x33, 0x70, 0x71, 0x61, 0x62, 0x60, 0x60, 0x50, 0x60,
    0x64, 0xF8, 0xFD, 0xFF, 0xBF, 0x3D, 0x90, 0xF5, 0x8B, 0x9D, 0xA1, 0xA8, 0xFC, 0xB7, 0x1C, 0x03,
    0x43, 0xC2, 0x7B, 0x46, 0x10, 0x01, 0x94, 0xFD, 0x18, 0x0F, 0x14, 0xFF, 0x2E, 0x03, 0x24, 0x7E,
    0x73, 0x01, 0x95, 0xFE, 0xEF, 0x66, 0x64, 0x08, 0x00, 0x49, 0x0A, 0xEC, 0xFA, 0xC7, 0xCB, 0xF0,
    0x30, 0x9F, 0x01, 0x04, 0x2E, 0xF8, 0x33, 0xFC, 0xE2, 0x06, 0xB3, 0x16, 0xE4, 0x3B, 0xFC, 0x67,
    0x3A, 0xC4, 0xCB, 0x20, 0xC8, 0xF0, 0xC8, 0xFE, 0x41, 0x3E, 0xC3, 0x5F, 0x7D, 0x86, 0x9F, 0xF7,
    0xFE, 0xF3, 0xFC, 0xE4, 0x99, 0xF0, 0x5E, 0x9F, 0x61, 0xD2, 0x9D, 0x6C, 0x83, 0xFF, 0x4C, 0x5F,
    0x8E, 0xEB, 0x83, 0xB5, 0xD4, 0x0B, 0x9C, 0x3B, 0x00, 0x66, 0xFD, 0xE0, 0xD9, 0xA0, 0x0F, 0x66,
    0x19, 0xFC, 0x67, 0xFE, 0xC6, 0x0A, 0x66, 0x5D, 0xE8, 0x67, 0xF8, 0xFB, 0xEE, 0xDF, 0x7F, 0x4E,
    0xA0, 0xC5, 0xBC, 0x0C, 0xC7, 0xCF, 0xFC, 0xB9, 0xCF, 0x0E, 0xB4, 0x98, 0x19, 0x28, 0x01, 0x92,
    0x2D, 0xC8, 0x03, 0xE9, 0x9A, 0x20, 0xC7, 0x00, 0x00, 0xE1, 0x94, 0x3D, 0x19, 0x78, 0x9C, 0x63,
    0x60, 0x60, 0xF8, 0xC2, 0xC3, 0x00, 0x02, 0xBF, 0xFC, 0xC1, 0xD4, 0x77, 0x79, 0x30, 0x65, 0xC0,
    0xC8, 0x80, 0x04, 0x1A, 0x59, 0xC1, 0xD4, 0x4F, 0x7E, 0x10, 0xA9, 0xF0, 0x1F, 0xAC, 0xE1, 0xC0,
    0x7F, 0x16, 0x10, 0xE7, 0x6F, 0x3F, 0x88, 0xF3, 0xF5, 0x3F, 0x1B, 0x90, 0x0C, 0xF8, 0x6F, 0x07,
    0xE2, 0x3C, 0xF8, 0xCF, 0x04, 0x16, 0x9B, 0x0F, 0xD6, 0xF4, 0xAD, 0x1E, 0x4C, 0x7D, 0xB9, 0x0F,
    0x34, 0x51, 0x81, 0xE1, 0xC2, 0xFF, 0xFD, 0x33, 0x4F, 0xFD, 0x67, 0x57, 0xF8, 0xF3, 0x1F, 0x08,
    0x58, 0x18, 0x1C, 0x56, 0xEC, 0xEE, 0x32, 0x63, 0x00, 0x00, 0x03, 0xEE, 0x20, 0x94, 0x78, 0x9C,
    0x63, 0x60, 0xF8, 0x54, 0xC7, 0x00, 0x06, 0x1B, 0xFE, 0xB3, 0x41, 0x18, 0x7F, 0xE4, 0x21, 0xF4,
    0xC1, 0x7E, 0x08, 0xCD, 0x20, 0x04, 0xA1, 0x04, 0x98, 0x21, 0xF4, 0xD7, 0xFD, 0x10, 0xFA, 0xDF,
    0x7F, 0x16, 0x10, 0x65, 0xF0, 0xFF, 0x2F, 0x27, 0x88, 0x9E, 0xB0, 0xFF, 0x3B, 0x3F, 0x88, 0x7E,
    0x50, 0xFF, 0x29, 0x1E, 0x44, 0x7F, 0xD1, 0xBF, 0xB0, 0x1E, 0x44, 0xFF, 0xE4, 0x6D, 0xF8, 0x0F,
    0x56, 0xCE, 0x61, 0xF0, 0x9F, 0x95, 0x81, 0xC1, 0xE1, 0x3F, 0x33, 0xC3, 0x3F, 0x6E, 0x06, 0x86,
    0x05, 0xEF, 0x81, 0x52, 0x40, 0x0D, 0x1F, 0xE6, 0x03, 0x95, 0xE6, 0x03, 0x4D, 0xFD, 0x0F, 0x04,
    0x40, 0x93, 0x7F, 0x81, 0xE8, 0xFF, 0x8C, 0x0C, 0xFF, 0xB5, 0x95, 0x94, 0x8A, 0xFE, 0xB3, 0x05,
    0x80, 0xF4, 0x08, 0xFC, 0xE7, 0xD9, 0x00, 0x14, 0x02, 0x39, 0xED, 0xC3, 0x79, 0x90, 0x59, 0xDF,
    0xF3, 0x2F, 0xD8, 0x82, 0xDD, 0x1C, 0x0F, 0x00, 0x4A, 0x39, 0x38, 0xE0, 0x78, 0x9C, 0x63, 0x60,
    0x60, 0x60, 0xB8, 0xD4, 0xCF, 0x00, 0x02, 0x02, 0xFF, 0xF4, 0xC1, 0xF4, 0x82, 0xFF, 0x2C, 0x60,
    0xFA, 0x53, 0x3C, 0x98, 0x62, 0x30, 0x80, 0x50, 0x0C, 0x02, 0xCC, 0x10, 0xFA, 0xEB, 0x7E, 0x08,
    0xFD, 0x0F, 0xA2, 0xCE, 0xE0, 0xFF, 0x5F, 0x4E, 0x10, 0x3D, 0x61, 0xFF, 0x77, 0x7E, 0x10, 0xFD,
    0xA0, 0x1E, 0xA2, 0xF1, 0x8B, 0xFE, 0x85, 0xF5, 0x20, 0xFA, 0x27, 0x6F, 0xC3, 0x7F, 0xB0, 0x72,
    0x0E, 0x83, 0xFF, 0xAC, 0x0C, 0x0C, 0x0E, 0xFF, 0x99, 0x19, 0xFE, 0x71, 0x03, 0x6D, 0x79, 0x0F,
    0x94, 0x02, 0x6A, 0xF8, 0x30, 0x1F, 0xA8, 0x34, 0x1F, 0x68, 0xEA, 0x7F, 0x20, 0x00, 0x9A, 0xFC,
    0x0B, 0x44, 0xFF, 0x67, 0x64, 0xF8, 0xAF, 0xAD, 0xA4, 0x54, 0xF4, 0x9F, 0x2D, 0x00, 0xA4, 0x47,
    0xE0, 0x3F, 0xCF, 0x06, 0xA0, 0x10, 0x03, 0xC3, 0x1F, 0xF9, 0x0F, 0xE7, 0x41, 0x66, 0x7D, 0xCF,
    0xBF, 0x60, 0x0B, 0xA2, 0x37, 0xC4, 0x03, 0x00, 0x53, 0xB3, 0x39, 0x00, 0x78, 0x9C, 0x63, 0x60,
    0x10, 0xF8, 0x75, 0x9F, 0x85, 0x01, 0x08, 0x0E, 0xDC, 0xFF, 0x69, 0x0F, 0xA2, 0x7F, 0xFA, 0x5F,
    0x78, 0xCF, 0xC8, 0xC0, 0xA0, 0xF0, 0x9F, 0x4D, 0xE1, 0x1F, 0x07, 0x90, 0x2F, 0xCC, 0xC0, 0x60,
    0x00, 0x12, 0x67, 0x10, 0x60, 0x06, 0x53, 0x0C, 0x5F, 0xF7, 0x43, 0xE8, 0x7F, 0xFF, 0xC1, 0xFA,
    0x0C, 0xFE, 0xFF, 0xE5, 0x04, 0xD1, 0x13, 0xF6, 0x7F, 0xE7, 0x07, 0xD1, 0x0F, 0xEA, 0x3F, 0xC5,
    0x83, 0xE8, 0x2F, 0xFA, 0x17, 0xD6, 0x83, 0xCD, 0xE3, 0x6D, 0xF8, 0x0F, 0x56, 0xCE, 0x61, 0xF0,
    0x9F, 0x95, 0x81, 0xC1, 0xE1, 0x3F, 0x33, 0xC3, 0x3F, 0x6E, 0x06, 0x86, 0x05, 0xEF, 0x81, 0x52,
    0x40, 0x0D, 0x1F, 0xE6, 0x03, 0x95, 0xE6, 0x03, 0x4D, 0xFD, 0x0F, 0x04, 0x40, 0x93, 0x7F, 0x81,
    0xE8, 0xFF, 0x8C, 0x0C, 0xFF, 0xB5, 0x95, 0x94, 0x8A, 0xFE, 0xB3, 0x05, 0x80, 0xF4, 0x08, 0xFC,
    0xE7, 0xD9, 0x00, 0x14, 0x62, 0x60, 0xF8, 0x23, 0xFF, 0xE1, 0x3C, 0xC8, 0xAC, 0xEF, 0xF9, 0x17,
    0x6C, 0x41, 0xF4, 0x86, 0x78, 0x00, 0x7B, 0x52, 0x3D, 0x98, 0x78, 0x9C, 0x63, 0x60, 0xD8, 0x66,
    0xC9, 0xE0, 0xC0, 0xC2, 0xC0, 0x60, 0xF0, 0xFF, 0xBF, 0xD4, 0x47, 0x7E, 0x06, 0x86, 0x86, 0xF3,
    0x47, 0xFF, 0xFF, 0xE3, 0x61, 0x60, 0x28, 0x88, 0x67, 0xB8, 0xFA, 0x1F, 0x28, 0xCE, 0xC0, 0x08,
    0x46, 0x40, 0x20, 0xC0, 0x0C, 0xA6, 0x18, 0xBE, 0xEE, 0x87, 0xD0, 0xFF, 0xC0, 0xD2, 0x40, 0x8D,
    0x7F, 0x39, 0x41, 0xF4, 0x84, 0xFD, 0xDF, 0xF9, 0x41, 0xF4, 0x83, 0xFA, 0x4F, 0xF1, 0x20, 0xFA,
    0x8B, 0xFE, 0x85, 0xF5, 0x20, 0xFA, 0x27, 0x6F, 0xC3, 0x7F, 0xB0, 0x72, 0x0E, 0x83, 0xFF, 0xAC,
    0x0C, 0x0C, 0x0E, 0xFF, 0x99, 0x19, 0xFE, 0x71, 0x33, 0x30, 0x2C, 0x78, 0x0F, 0x94, 0x02, 0x6A,
    0xF8, 0x30, 0x1F, 0xA8, 0x34, 0x1F, 0x68, 0xEA, 0x7F, 0x20, 0x00, 0x9A, 0xFC, 0x0B, 0x44, 0xFF,
    0x67, 0x64, 0xF8, 0xAF, 0xAD, 0xA4, 0x54, 0xF4, 0x9F, 0x2D, 0x00, 0xA4, 0x47, 0xE0, 0x3F, 0xCF,
    0x86, 0xFF, 0x20, 0x47, 0xFC, 0x91, 0xFF, 0x70, 0x1E, 0x64, 0xD6, 0xF7, 0xFC, 0x0B, 0xB6, 0x20,
    0x7A, 0x43, 0x3C, 0x00, 0x11, 0x8B, 0x3E, 0x7F, 0x78, 0x9C, 0x63, 0x60, 0x48, 0x60, 0x66, 0x30,
    0x63, 0x00, 0x82, 0xEF, 0x7C, 0x05, 0xEF, 0x41, 0xF4, 0x0F, 0xBE, 0x06, 0x30, 0xBD, 0x88, 0x4D,
    0x21, 0x8B, 0x01, 0x19, 0x08, 0x30, 0x43, 0xE8, 0xAF, 0xFB, 0x21, 0xF4, 0xBF, 0xFF, 0x2C, 0x20,
    0xCA, 0xE0, 0xFF, 0x5F, 0x4E, 0x10, 0x3D, 0x61, 0xFF, 0x77, 0x7E, 0x10, 0xFD, 0xA0, 0xFE, 0x53,
    0x3C, 0x88, 0xFE, 0xA2, 0x7F, 0x61, 0x3D, 0x88, 0xFE, 0xC9, 0xDB, 0xF0, 0x1F, 0xAC, 0x9C, 0xC3,
    0xE0, 0x3F, 0x2B, 0x03, 0x83, 0xC3, 0x7F, 0x66, 0x86, 0x7F, 0xDC, 0x0C, 0x0C, 0x0B, 0x80, 0x96,
    0xFC, 0x04, 0x6A, 0xF8, 0x30, 0x1F, 0xA8, 0x34, 0x1F, 0x68, 0xEA, 0x7F, 0x20, 0x00, 0x9A, 0xFC,
    0x0B, 0x44, 0xFF, 0x67, 0x64, 0xF8, 0xAF, 0xAD, 0xA4, 0x54, 0xF4, 0x9F, 0x2D, 0x00, 0xA4, 0x47,
    0xE0, 0x3F, 0xCF, 0x06, 0xA0, 0x10, 0x03, 0xC3, 0x1F, 0xF9, 0x0F, 0xE7, 0xC1, 0x6E, 0xCD, 0xBF,
    0x60, 0x0B, 0xA2, 0x37, 0xC4, 0x03, 0x00, 0xEE, 0xB4, 0x39, 0xE2, 0x78, 0x9C, 0x63, 0x60, 0x60,
    0x28, 0xF2, 0x60, 0x00, 0x01, 0x83, 0xFF, 0xFF, 0x39, 0x41, 0xF4, 0x01, 0xD9, 0x06, 0x7B, 0x10,
    0xFD, 0x81, 0x43, 0x20, 0x1F, 0x44, 0x3F, 0xE0, 0x0E, 0xF0, 0x07, 0xD1, 0x09, 0xF7, 0x7F, 0xF3,
    0x80, 0x15, 0x6E, 0xED, 0x01, 0x53, 0x0C, 0x02, 0xCC, 0x10, 0xFA, 0xEB, 0x7E, 0x08, 0xFD, 0xEF,
    0x3F, 0x0B, 0xC4, 0x9C, 0xBF, 0x60, 0x73, 0x26, 0xEC, 0xFF, 0xCE, 0x0F, 0xD6, 0x5F, 0xFF, 0x29,
    0x1E, 0x44, 0x7F, 0xD1, 0xBF, 0xB0, 0x1E, 0x44, 0xFF, 0xE4, 0x6D, 0xF8, 0x0F, 0x56, 0xCE, 0x61,
    0xF0, 0x9F, 0x95, 0x81, 0xC1, 0xE1, 0x3F, 0x33, 0xC3, 0x3F, 0x6E, 0x06, 0x86, 0x05, 0xEF, 0x81,
    0x52, 0x40, 0x0D, 0x1F, 0xE6, 0x03, 0x95, 0x02, 0x2D, 0xFE, 0xFA, 0x1F, 0x08, 0x80, 0x26, 0xFF,
    0x02, 0xD1, 0xFF, 0x19, 0x19, 0xFE, 0x6B, 0x2B, 0x29, 0x15, 0xFD, 0x67, 0x0B, 0x00, 0xE9, 0x11,
    0xF8, 0xCF, 0xB3, 0x01, 0x28, 0xC4, 0xC0, 0xF0, 0x47, 0xFE, 0xC3, 0x79, 0x90, 0x59, 0xDF, 0xF3,
    0x2F, 0xD8, 0x82, 0xE8, 0x0D, 0xF1, 0x00, 0x28, 0x46, 0x3E, 0x53, 0x78, 0x9C, 0x63, 0x60, 0x60,
    0x10, 0x70, 0x76, 0x71, 0x71, 0x31, 0x61, 0x00, 0x82, 0xCF, 0xFF, 0x41, 0x80, 0x0D, 0xC8, 0xFA,
    0x0D, 0x66, 0xB1, 0x00, 0x25, 0xFF, 0x7F, 0x5E, 0xCF, 0x00, 0x06, 0x09, 0xF7, 0x3F, 0x40, 0x59,
    0x07, 0xFA, 0x61, 0xAC, 0x4F, 0xF6, 0x30, 0xD6, 0x77, 0x3E, 0x18, 0xEB, 0x2F, 0xC7, 0x87, 0xFF,
    0x67, 0xCE, 0xCC, 0x61, 0x60, 0x30, 0xF8, 0xCF, 0xFC, 0x01, 0x64, 0x0A, 0x03, 0x43, 0xC3, 0x7B,
    0x86, 0x0F, 0xE7, 0x43, 0x43, 0x55, 0x19, 0x18, 0x1E, 0xCC, 0x67, 0x80, 0xAA, 0xFB, 0x02, 0x94,
    0x81, 0xB0, 0x7E, 0xC1, 0x59, 0xFF, 0xB5, 0x94, 0x3E, 0x81, 0x59, 0x01, 0x40, 0xAB, 0x21, 0xEA,
    0x36, 0xBC, 0x67, 0x00, 0xEA, 0x05, 0xB9, 0xEF, 0xC3, 0x7C, 0xA0, 0x76, 0xB0, 0xFB, 0x1E, 0xCA,
    0x00, 0x8D, 0x04, 0xBB, 0x0F, 0x00, 0x14, 0xCA, 0x4C, 0xC0, 0x78, 0x9C, 0x63, 0x60, 0x60, 0x08,
    0x2C, 0x0B, 0x67, 0x66, 0x60, 0xD8, 0xFC, 0xFF, 0xFF, 0xFF, 0x78, 0x86, 0x80, 0xFF, 0xFF, 0xCF,
    0xBE, 0xC9, 0x67, 0xF8, 0xFC, 0x5F, 0x92, 0x01, 0x08, 0xFE, 0xE6, 0x83, 0xC8, 0x80, 0xFF, 0xDC,
    0x20, 0x6A, 0xC1, 0x7F, 0x16, 0x10, 0x75, 0xE1, 0x3F, 0x88, 0x64, 0xF8, 0x70, 0x1E, 0x42, 0xED,
    0x47, 0xE1, 0xDD, 0x67, 0x40, 0x52, 0x32, 0xE1, 0x3F, 0x2B, 0x88, 0x32, 0xF8, 0xCF, 0x0B, 0xE6,
    0xFE, 0x5E, 0x0F, 0xA6, 0x1E, 0xFE, 0x8F, 0x65, 0x54, 0x10, 0x61, 0x50, 0xF8, 0x0B, 0xB4, 0x6F,
    0x3E, 0x03, 0x43, 0x02, 0x90, 0xF6, 0x07, 0x0A, 0x0B, 0xFC, 0xD2, 0x05, 0x4B, 0x7F, 0xD6, 0x07,
    0x53, 0x5F, 0x41, 0x62, 0x2B, 0x66, 0xFC, 0x07, 0xF1, 0xFE, 0xFC, 0xFF, 0xCF, 0x06, 0xA4, 0x02,
    0xCB, 0x45, 0x19, 0x18, 0x00, 0x72, 0x02, 0x33, 0xEC, 0x78, 0x9C, 0x63, 0xF8, 0x38, 0x9F, 0x01,
    0x08, 0x16, 0xFC, 0xE7, 0x00, 0x51, 0xBF, 0xF5, 0x41, 0xE4, 0x86, 0xF5, 0x20, 0x92, 0x41, 0x88,
    0x81, 0xC1, 0xC0, 0xC5, 0xC5, 0xC5, 0x84, 0xF1, 0xF7, 0x7F, 0x20, 0xE0, 0x03, 0x11, 0xFF, 0x79,
    0xFE, 0xF3, 0x82, 0xA4, 0xFE, 0xF3, 0xE0, 0x20, 0xCF, 0x9F, 0x39, 0x73, 0x86, 0x19, 0xAC, 0x92,
    0xFD, 0x7F, 0x5C, 0x68, 0x68, 0x28, 0x6E, 0x95, 0x10, 0xD2, 0x17, 0x64, 0xFE, 0x3F, 0xB0, 0xF9,
    0x3F, 0xC0, 0xE6, 0x03, 0x00, 0x1F, 0xDE, 0x33, 0x23, 0x78, 0x9C, 0x63, 0x60, 0x68, 0xF8, 0xC7,
    0xC4, 0xC0, 0xC0, 0xF0, 0x6D, 0x3F, 0x90, 0x10, 0xF8, 0xCF, 0x03, 0x24, 0x1B, 0xCE, 0x33, 0x82,
    0xD8, 0x20, 0x51, 0x03, 0x17, 0x17, 0x17, 0x13, 0xC6, 0xDF, 0xFF, 0x81, 0x80, 0x0F, 0x44, 0xFC,
    0xE7, 0xF9, 0xCF, 0x0B, 0x14, 0x66, 0x00, 0xAB, 0xC3, 0x46, 0x9E, 0x3F, 0x73, 0xE6, 0x0C, 0x33,
    0x58, 0x25, 0xFB, 0xFF, 0xB8, 0xD0, 0xD0, 0x50, 0xDC, 0x2A, 0x21, 0xA4, 0x2F, 0xC8, 0xFC, 0x7F,
    0x60, 0xF3, 0x7F, 0x80, 0xCD, 0x07, 0x00, 0x0D, 0xC5, 0x33, 0x03, 0x78, 0x9C, 0x63, 0x28, 0xF8,
    0xD7, 0xC7, 0xC0, 0xC0, 0xF0, 0xBD, 0xFE, 0x3F, 0x27, 0x83, 0xC3, 0x7F, 0xCE, 0x1F, 0xF1, 0x0C,
    0x07, 0xCE, 0x33, 0x6C, 0x78, 0xCF, 0x20, 0xC0, 0xCC, 0xC0, 0xA0, 0xC4, 0x60, 0xE0, 0xE2, 0xE2,
    0x62, 0xC2, 0xF8, 0xFB, 0x3F, 0x10, 0xF0, 0x81, 0x88, 0xFF, 0x3C, 0xFF, 0x79, 0x81, 0xAA, 0x19,
    0xFE, 0xF3, 0xE0, 0x20, 0xCF, 0x9F, 0x39, 0x73, 0x86, 0x19, 0xAC, 0x92, 0xFD, 0x7F, 0x5C, 0x68,
    0x68, 0x28, 0x6E, 0x95, 0x10, 0xD2, 0x17, 0x64, 0xFE, 0x3F, 0xB0, 0xF9, 0x3F, 0xC0, 0xE6, 0x03,
    0x00, 0x7A, 0x84, 0x37, 0xCD, 0x78, 0x9C, 0x63, 0x08, 0x65, 0x08, 0x60, 0x65, 0x50, 0xF8, 0xCF,
    0xFC, 0xC9, 0x1E, 0x48, 0xB2, 0x7C, 0xF2, 0x67, 0x60, 0x98, 0xC9, 0x30, 0x81, 0x93, 0x01, 0x02,
    0x0C, 0x5C, 0x5C, 0x5C, 0x4C, 0x18, 0x7F, 0xFF, 0x07, 0x02, 0x3E, 0x10, 0xF1, 0x9F, 0xE7, 0x3F,
    0x2F, 0x48, 0xFC, 0x3F, 0x0F, 0x0E, 0xF2, 0xFC, 0x99, 0x33, 0x67, 0x98, 0xC1, 0x2A, 0xD9, 0xFF,
    0xC7, 0x85, 0x86, 0x86, 0xE2, 0x56, 0x09, 0x21, 0x7D, 0x41, 0xE6, 0xFF, 0x03, 0x9B, 0xFF, 0x03,
    0x6C, 0x3E, 0x00, 0x7B, 0xDD, 0x33, 0xE4, 0x78, 0x9C, 0xFB, 0x92, 0xC7, 0xC0, 0x70, 0xE0, 0x3F,
    0x0B, 0x83, 0xC0, 0x3F, 0x3E, 0x06, 0x86, 0x4B, 0xF9, 0x0C, 0x0C, 0x0C, 0x4C, 0x40, 0xCC, 0xCC,
    0xC0, 0xB0, 0xE1, 0x3E, 0x03, 0xC3, 0x83, 0xFF, 0x8C, 0x14, 0x60, 0x06, 0x86, 0x82, 0xF9, 0x0C,
    0x00, 0xA6, 0x00, 0x26, 0x25, 0x78, 0x9C, 0x63, 0x98, 0xF0, 0x9F, 0x81, 0xE1, 0xC7, 0x7C, 0x06,
    0x83, 0xFF, 0xDC, 0x0C, 0x0B, 0xF6, 0x33, 0x30, 0x08, 0x30, 0x41, 0xF0, 0xA7, 0x7C, 0x06, 0x86,
    0xAF, 0xEB, 0xC9, 0xC7, 0x5F, 0x80, 0xF8, 0xA0, 0x1F, 0x03, 0x03, 0x00, 0x4D, 0x65, 0x22, 0x93,
    0x78, 0x9C, 0x63, 0x78, 0xFA, 0x9F, 0x8B, 0x21, 0xE0, 0xFF, 0x8B, 0xFD, 0x0C, 0x9F, 0xCE, 0x27,
    0xFC, 0x67, 0xFF, 0xA5, 0xCB, 0xF0, 0x93, 0xDF, 0x90, 0x81, 0x41, 0x81, 0x89, 0x81, 0x41, 0x98,
    0x81, 0x81, 0x61, 0xC2, 0x7B, 0x20, 0x71, 0xE0, 0x3F, 0x90, 0x77, 0xE1, 0x3F, 0x33, 0x15, 0x08,
    0xB0, 0x51, 0x09, 0xFB, 0x19, 0x18, 0x00, 0x4F, 0xD7, 0x2A, 0x3D, 0x78, 0x9C, 0x2B, 0x60, 0x62,
    0x50, 0xFF, 0xC1, 0xDB, 0x70, 0xFF, 0x07, 0x5F, 0xC3, 0xFB, 0x4D, 0xAC, 0x0A, 0xD1, 0x0C, 0x20,
    0x20, 0xC0, 0xC4, 0xC0, 0xF0, 0x29, 0x9F, 0x81, 0xE1, 0xEB, 0x7A, 0xF2, 0xF1, 0x17, 0x20, 0x3E,
    0xE8, 0xC7, 0x00, 0x00, 0x73, 0x3C, 0x23, 0x66, 0x78, 0x9C, 0x63, 0x60, 0x08, 0x2A, 0x4F, 0x17,
    0x65, 0x00, 0x02, 0x85, 0xFF, 0x40, 0x10, 0x03, 0x64, 0x04, 0xFC, 0xBF, 0x7F, 0xE7, 0xFF, 0x7F,
    0x2E, 0x06, 0x86, 0x84, 0xFF, 0x6C, 0x0C, 0x01, 0x7F, 0xE7, 0x43, 0x18, 0x0C, 0x07, 0xFE, 0xB3,
    0x40, 0x18, 0x0A, 0xFF, 0xB9, 0x21, 0x0C, 0x86, 0xDF, 0xFC, 0x50, 0xC6, 0x77, 0xFB, 0x84, 0x1D,
    0xFF, 0xBB, 0x3B, 0x18, 0x19, 0xBE, 0xFA, 0x7F, 0x02, 0x19, 0xC3, 0xCE, 0xF0, 0x25, 0xBE, 0xE0,
    0xE4, 0xFF, 0x39, 0x33, 0x81, 0x22, 0xF1, 0x50, 0x35, 0xDF, 0xFC, 0xA1, 0x8C, 0x9F, 0xF2, 0x50,
    0xC6, 0x5F, 0x3E, 0x08, 0xC3, 0xE1, 0x3F, 0x07, 0x84, 0xF1, 0xE8, 0x3F, 0x23, 0x90, 0x21, 0x2E,
    0xD0, 0xFC, 0x3F, 0x1E, 0xE4, 0x0C, 0x10, 0x60, 0x65, 0x60, 0x10, 0xF8, 0xFB, 0xFF, 0xFF, 0x7D,
    0x09, 0x90, 0x13, 0x05, 0x8C, 0x95, 0x19, 0x81, 0x14, 0x00, 0x2A, 0xF5, 0x43, 0x05, 0x78, 0x9C,
    0x25, 0xCD, 0xB1, 0x0D, 0x83, 0x30, 0x14, 0x45, 0xD1, 0x47, 0x41, 0x41, 0x12, 0x90, 0xBB, 0x54,
    0x11, 0x4C, 0x10, 0x65, 0x03, 0xD8, 0xC0, 0x13, 0x30, 0x41, 0x86, 0x70, 0x9A, 0x74, 0x29, 0xC2,
    0x08, 0x99, 0xC8, 0x6C, 0x41, 0x4F, 0x24, 0x0B, 0xC9, 0x92, 0x1F, 0xFE, 0x9F, 0xDB, 0x9C, 0xF2,
    0xE2, 0xF7, 0x84, 0xB9, 0x02, 0x91, 0xE3, 0xD7, 0x01, 0x7C, 0x33, 0x59, 0x18, 0x8F, 0x89, 0x27,
    0x48, 0x06, 0x78, 0x88, 0x5D, 0x11, 0xEF, 0x99, 0x7F, 0x4B, 0x9F, 0x09, 0x96, 0x2C, 0x0F, 0x6A,
    0x25, 0x39, 0xE5, 0xC3, 0x42, 0xB8, 0xA4, 0x4A, 0x09, 0xBD, 0x32, 0x7B, 0x65, 0x60, 0x29, 0x20,
    0x36, 0xCA, 0xEA, 0x94, 0x17, 0x37, 0x01, 0x89, 0x4A, 0x38, 0x98, 0x33, 0x67, 0x60, 0xA0, 0xDD,
    0xF2, 0x07, 0xCB, 0x6D, 0x07, 0xAA, 0x24, 0x46, 0x6D, 0x78, 0x9C, 0x63, 0x60, 0x08, 0x78, 0xCF,
    0xC6, 0x00, 0x01, 0x7F, 0xFD, 0xA1, 0x8C, 0x87, 0xF7, 0xA1, 0x0C, 0x85, 0xBF, 0x30, 0x39, 0x05,
    0x28, 0x1D, 0x58, 0xAE, 0x0A, 0xA6, 0x0F, 0xFF, 0xFF, 0xFF, 0xDF, 0x07, 0x48, 0x07, 0xFC, 0xFF,
    0x7F, 0xE6, 0xDF, 0x7F, 0x76, 0x06, 0x86, 0x2F, 0xFF, 0xD9, 0x18, 0x02, 0xFE, 0xC5, 0x33, 0x30,
    0xFC, 0xB3, 0x07, 0x0A, 0x7F, 0x7A, 0x0F, 0x94, 0xE1, 0x00, 0x32, 0x0A, 0xFE, 0xB3, 0x2D, 0xF8,
    0xCF, 0x04, 0x64, 0x08, 0xFC, 0xE7, 0x7E, 0xF0, 0x1E, 0x62, 0x0D, 0xFF, 0x87, 0xF3, 0x60, 0xC6,
    0x6F, 0xF9, 0x0F, 0xFB, 0xC1, 0x8C, 0x5F, 0xFA, 0x08, 0xC6, 0x7D, 0xA8, 0xD4, 0x85, 0xFF, 0x60,
    0xC6, 0x3F, 0xBE, 0x09, 0xFF, 0x99, 0x41, 0xF6, 0xFF, 0xE7, 0x36, 0xF8, 0xCF, 0x05, 0x64, 0x4C,
    0xF8, 0xCF, 0xCA, 0xF0, 0x27, 0x1F, 0xC8, 0xF8, 0x0A, 0x54, 0xF9, 0xE9, 0xBF, 0x15, 0xC3, 0xE4,
    0xFF, 0x40, 0x0B, 0x0D, 0xFE, 0x01, 0xDD, 0xF3, 0x9E, 0x05, 0x28, 0xDC, 0xF0, 0xF7, 0xFF, 0x7B,
    0x09, 0xB0, 0x56, 0x01, 0x63, 0x46, 0x20, 0x09, 0x00, 0x8A, 0x69, 0x42, 0xC8, 0x78, 0x9C, 0x63,
    0x60, 0x60, 0x60, 0x08, 0xF8, 0xC7, 0xC6, 0x00, 0x06, 0x9F, 0xDE, 0x33, 0x42, 0x18, 0x7F, 0xF4,
    0x20, 0xB4, 0xC3, 0x7B, 0x66, 0x08, 0x83, 0x01, 0x46, 0x07, 0x96, 0xAB, 0x82, 0xE9, 0xC3, 0xFF,
    0xFF, 0xFF, 0xF7, 0x01, 0xE9, 0xFD, 0xFF, 0xFF, 0xCC, 0xBF, 0xFF, 0xEC, 0x0C, 0x0C, 0x5F, 0xFE,
    0xB3, 0x01, 0x0D, 0x8A, 0x67, 0x60, 0xF8, 0x67, 0x0F, 0x36, 0x09, 0x28, 0xC3, 0x01, 0x64, 0x14,
    0xFC, 0x67, 0x5B, 0xF0, 0x9F, 0x09, 0xC8, 0x10, 0xF8, 0xCF, 0xFD, 0xE0, 0x3D, 0x58, 0xEB, 0x5F,
    0xFE, 0x0F, 0xE7, 0xC1, 0x8C, 0xDF, 0xF2, 0x1F, 0xF6, 0x83, 0x19, 0xBF, 0xF4, 0x11, 0x8C, 0xFB,
    0x50, 0xA9, 0x0B, 0xFF, 0xC1, 0x8C, 0x7F, 0x7C, 0x13, 0xFE, 0x83, 0xEC, 0x56, 0xF8, 0xCF, 0x6D,
    0xF0, 0x9F, 0x0B, 0xC8, 0x98, 0xF0, 0x9F, 0x95, 0xE1, 0x4F, 0x3E, 0x90, 0xF1, 0x15, 0xA8, 0xF2,
    0xD3, 0x7F, 0x2B, 0x86, 0xC9, 0xFF, 0x81, 0x16, 0x1A, 0xFC, 0x03, 0xBA, 0xE7, 0x3D, 0x0B, 0x50,
    0xB8, 0xE1, 0xEF, 0xFF, 0xF7, 0x12, 0x60, 0xAD, 0x02, 0xC6, 0x20, 0xDF, 0x00, 0x00, 0x8D, 0x98,
    0x42, 0xC9, 0x78, 0x9C, 0x63, 0x60, 0x60, 0x38, 0xF4, 0xDF, 0x86, 0x01, 0x04, 0x04, 0xFE, 0xAD,
    0x79, 0xCF, 0x04, 0x62, 0x6C, 0xF8, 0x2F, 0xF4, 0x8F, 0x07, 0xC4, 0xF8, 0x12, 0xCF, 0xF0, 0x25,
    0x1F, 0xC4, 0x30, 0x60, 0x64, 0x10, 0x60, 0x06, 0x2B, 0x0A, 0x2C, 0x57, 0x05, 0xD3, 0x87, 0xFF,
    0xFF, 0xFF, 0xEF, 0x03, 0xA4, 0x03, 0xFE, 0xFF, 0x3F, 0xF3, 0xEF, 0x3F, 0x3B, 0x50, 0xED, 0x7F,
    0x36, 0x86, 0x80, 0x7F, 0xF1, 0x0C, 0x0C, 0xFF, 0xEC, 0x81, 0xC2, 0x9F, 0xDE, 0x03, 0x65, 0x38,
    0x80, 0x8C, 0x82, 0xFF, 0x6C, 0x0B, 0xFE, 0x83, 0x4C, 0x15, 0xF8, 0xCF, 0xFD, 0xE0, 0x3D, 0x58,
    0xEB, 0x5F, 0xFE, 0x0F, 0xE7, 0xC1, 0x8C, 0xDF, 0xF2, 0x1F, 0xF6, 0x83, 0x19, 0xBF, 0xF4, 0x11,
    0x8C, 0xFB, 0x50, 0xA9, 0x0B, 0xFF, 0xC1, 0x8C, 0x7F, 0x7C, 0x13, 0xFE, 0x83, 0x6C, 0x56, 0xF8,
    0xCF, 0x6D, 0xF0, 0x9F, 0x0B, 0xC8, 0x98, 0xF0, 0x9F, 0x95, 0xE1, 0x0F, 0xC8, 0x51, 0x5F, 0x81,
    0x2A, 0x3F, 0xFD, 0xB7, 0x62, 0x98, 0xFC, 0x1F, 0x68, 0xA1, 0xC1, 0x3F, 0xA0, 0x7B, 0xDE, 0xB3,
    0x00, 0x85, 0x1B, 0xFE, 0xFE, 0x7F, 0x2F, 0x01, 0xF1, 0x8F, 0x31, 0x23, 0x90, 0x04, 0x00, 0x6A,
    0x7F, 0x47, 0xA1, 0x78, 0x9C, 0x63, 0x60, 0x28, 0xE8, 0x66, 0x62, 0x30, 0x65, 0x00, 0x82, 0xAF,
    0xFF, 0xFB, 0x0D, 0xEE, 0x83, 0x18, 0xBF, 0xA2, 0xFE, 0xBE, 0x5F, 0x0F, 0x66, 0x30, 0x25, 0xFC,
    0xD5, 0x63, 0x80, 0x00, 0x01, 0x08, 0x15, 0x58, 0xAE, 0x0A, 0xA6, 0x0F, 0xFF, 0xFF, 0xFF, 0xDF,
    0x07, 0x48, 0x07, 0xFC, 0xFF, 0x7F, 0xE6, 0xDF, 0x7F, 0x76, 0x06, 0x86, 0x2F, 0xFF, 0xD9, 0x18,
    0x02, 0xFE, 0xC5, 0x33, 0x30, 0xFC, 0xB3, 0x07, 0x0A, 0x7F, 0x7A, 0x0F, 0x94, 0xE1, 0x00, 0x32,
    0x0A, 0xFE, 0xB3, 0x2D, 0xF8, 0xCF, 0x04, 0xD2, 0xFF, 0x9F, 0xFB, 0xC1, 0x7B, 0xB0, 0xD6, 0xBF,
    0xFC, 0x1F, 0xCE, 0x83, 0x19, 0xBF, 0xE5, 0x3F, 0xEC, 0x07, 0x33, 0x7E, 0xE9, 0x23, 0x18, 0xF7,
    0xA1, 0x52, 0x17, 0xFE, 0x83, 0x19, 0xFF, 0xF8, 0x26, 0xFC, 0x67, 0x06, 0xD2, 0x0A, 0xFF, 0xB9,
    0x0D, 0xFE, 0x73, 0x01, 0x19, 0x13, 0xFE, 0xB3, 0x32, 0xFC, 0xC9, 0x07, 0x39, 0x17, 0xA8, 0xF2,
    0xD3, 0x7F, 0x2B, 0x86, 0xC9, 0xFF, 0x81, 0x16, 0x1A, 0xFC, 0x03, 0xBA, 0xE7, 0x3D, 0x0B, 0x50,
    0xB8, 0xE1, 0xEF, 0xFF, 0xF7, 0x12, 0x10, 0x17, 0x1B, 0x33, 0x02, 0x49, 0x00, 0x18, 0xC5, 0x48,
    0x7E, 0x78, 0x9C, 0x63, 0x60, 0x10, 0x50, 0x67, 0x28, 0x64, 0x62, 0x00, 0x82, 0x05, 0xFB, 0x19,
    0x7E, 0x71, 0x83, 0x19, 0xE7, 0x19, 0x7E, 0xF1, 0x80, 0x18, 0x06, 0xDE, 0x0C, 0x9B, 0x59, 0x18,
    0x50, 0x40, 0x60, 0xB9, 0x2A, 0x98, 0x3E, 0xFC, 0xFF, 0xFF, 0x7F, 0x1F, 0x20, 0x1D, 0xF0, 0xFF,
    0xFF, 0x99, 0x7F, 0xFF, 0xD9, 0x19, 0x18, 0xBE, 0xFC, 0x67, 0x63, 0x08, 0xF8, 0x17, 0xCF, 0xC0,
    0xF0, 0xCF, 0x1E, 0x28, 0xFC, 0xE9, 0x3D, 0x50, 0x86, 0x03, 0xC8, 0x28, 0xF8, 0xCF, 0xB6, 0xE0,
    0x3F, 0xC8, 0x78, 0x81, 0xFF, 0xDC, 0x0F, 0xDE, 0x83, 0xB5, 0xFE, 0xE5, 0xFF, 0x70, 0x1E, 0xCC,
    0xF8, 0x2D, 0xFF, 0x61, 0x3F, 0x98, 0xF1, 0x4B, 0x1F, 0xC1, 0xB8, 0x0F, 0x95, 0xBA, 0xF0, 0x1F,
    0xCC, 0xF8, 0xC7, 0x37, 0xE1, 0x3F, 0x33, 0x90, 0x56, 0xF8, 0xCF, 0x6D, 0xF0, 0x9F, 0x0B, 0xC8,
    0x98, 0xF0, 0x9F, 0x95, 0xE1, 0x4F, 0x3E, 0x90, 0xF1, 0x15, 0xA8, 0xF2, 0xD3, 0x7F, 0x2B, 0x86,
    0xC9, 0xFF, 0x81, 0x16, 0x1A, 0xFC, 0x03, 0xBA, 0xE7, 0x3D, 0xC8, 0xAD, 0x0D, 0x7F, 0xFF, 0xBF,
    0x97, 0x00, 0x6B, 0x15, 0x30, 0x66, 0x04, 0x92, 0x00, 0x6E, 0x75, 0x43, 0xE9, 0x78, 0x9C, 0x15,
    0xCA, 0xB1, 0x0D, 0xC0, 0x20, 0x10, 0xC5, 0x50, 0x8B, 0x88, 0x86, 0x69, 0x98, 0x20, 0xEC, 0xC0,
    0x84, 0x6C, 0xC0, 0x3C, 0x4C, 0x41, 0x41, 0x2A, 0x10, 0xBA, 0xFC, 0x73, 0x67, 0xE9, 0x55, 0x54,
    0xE5, 0x26, 0xC8, 0x16, 0x77, 0x87, 0x35, 0x43, 0xB3, 0x94, 0xED, 0x85, 0xDD, 0xBF, 0xF9, 0x40,
    0x33, 0x1F, 0x38, 0xA6, 0x11, 0x33, 0x61, 0x96, 0x9D, 0xEE, 0x53, 0x84, 0x35, 0x8F, 0x30, 0xB7,
    0x38, 0x8E, 0xC3, 0xD9, 0x08, 0x3F, 0x1D, 0xBA, 0x23, 0x0B, 0x78, 0x9C, 0x15, 0xCD, 0x3D, 0x0E,
    0x01, 0x01, 0x10, 0x86, 0xE1, 0x17, 0xCB, 0x92, 0xF8, 0x2B, 0xD4, 0xAC, 0x48, 0xB4, 0xDC, 0x60,
    0xDD, 0x80, 0x4E, 0xC9, 0x0D, 0x54, 0xEA, 0x75, 0x03, 0x4E, 0x20, 0x71, 0x02, 0x8E, 0xA0, 0x53,
    0xEE, 0x11, 0x36, 0x7A, 0xC9, 0x12, 0xE2, 0x6F, 0xAD, 0xCF, 0x98, 0x66, 0xE6, 0xCB, 0x93, 0x99,
    0x81, 0xFA, 0x7C, 0x9C, 0xDD, 0x38, 0xE0, 0x25, 0x52, 0x94, 0x96, 0xE1, 0xA6, 0xE8, 0x24, 0x15,
    0xF0, 0x14, 0xC0, 0x5D, 0x2E, 0x7B, 0xE5, 0x21, 0x51, 0x8F, 0xEB, 0x16, 0xA6, 0x4A, 0x96, 0x3C,
    0x87, 0x70, 0x0C, 0xCF, 0x11, 0x9F, 0x9A, 0x49, 0x6F, 0xA7, 0x4C, 0x5A, 0x65, 0x24, 0x77, 0xA5,
    0xDC, 0xB7, 0xC2, 0x31, 0x62, 0x21, 0xE7, 0x5B, 0xE5, 0xED, 0xFF, 0x87, 0xB4, 0x36, 0x50, 0x11,
    0xA3, 0xA4, 0x65, 0x62, 0xD7, 0x78, 0xCC, 0x5E, 0x3E, 0xD8, 0xFA, 0x25, 0x56, 0x09, 0x1E, 0x81,
    0xA9, 0x49, 0x5F, 0x4D, 0xEA, 0x0A, 0x1B, 0xDE, 0x53, 0x8E, 0x85, 0x7F, 0x4D, 0xEC, 0x61, 0x7C,
    0x90, 0xD6, 0x59, 0xA0, 0x4B, 0xBB, 0x63, 0x8D, 0x1F, 0x2F, 0x3C, 0x50, 0xC6, 0x78, 0x9C, 0x63,
    0x60, 0xF8, 0x9A, 0xC7, 0x00, 0x02, 0x17, 0xFE, 0xB3, 0x80, 0x28, 0x81, 0x7F, 0xBC, 0x60, 0xEE,
    0xA5, 0x7C, 0x30, 0xC5, 0xC0, 0x04, 0x14, 0x62, 0x02, 0x31, 0x98, 0x1F, 0xC4, 0x03, 0xC9, 0x0D,
    0xF3, 0x3F, 0xCF, 0x07, 0x52, 0x0F, 0xCE, 0x53, 0x87, 0xFA, 0xB4, 0x1E, 0x48, 0x7D, 0xD8, 0xFF,
    0xE1, 0x3C, 0x90, 0xFA, 0x38, 0xFF, 0xC0, 0x7F, 0x66, 0x06, 0x86, 0x1F, 0xF1, 0x01, 0xFF, 0xF3,
    0x85, 0x9A, 0xFE, 0xF3, 0x31, 0xFC, 0xFC, 0x0F, 0x04, 0xCC, 0x0C, 0x09, 0x7F, 0xFF, 0xFF, 0xD7,
    0x02, 0xB9, 0xCC, 0x18, 0xE8, 0x0E, 0x00, 0x85, 0x59, 0x41, 0xDC, 0x78, 0x9C, 0x63, 0x60, 0x60,
    0x58, 0xF0, 0x9E, 0x01, 0x04, 0x7E, 0xD5, 0x83, 0xC8, 0x80, 0xFF, 0x9C, 0x20, 0xEA, 0xC0, 0x7C,
    0xB0, 0x98, 0x02, 0x23, 0x90, 0x10, 0x60, 0x02, 0x31, 0x99, 0x1F, 0xC4, 0x03, 0xC9, 0x0D, 0xF3,
    0x3F, 0x83, 0x64, 0x1E, 0x9C, 0xA7, 0x0E, 0xF5, 0x69, 0x3D, 0x90, 0xFA, 0xB0, 0xFF, 0xC3, 0x79,
    0x20, 0xF5, 0x71, 0xFE, 0x81, 0xFF, 0xCC, 0x0C, 0x0C, 0x3F, 0xE2, 0x03, 0xFE, 0xE7, 0x0B, 0x35,
    0xFD, 0xE7, 0x63, 0xF8, 0xF9, 0x1F, 0x08, 0x98, 0x19, 0x12, 0xFE, 0xFE, 0xFF, 0xAF, 0x05, 0x72,
    0x86, 0x31, 0xD0, 0x1D, 0x00, 0xB0, 0x15, 0x42, 0x28, 0x78, 0x9C, 0x63, 0x60, 0x58, 0xF0, 0x3F,
    0x8E, 0x01, 0x08, 0x7E, 0xF7, 0xFD, 0x67, 0x65, 0x60, 0x28, 0xF8, 0xCF, 0xFA, 0x47, 0x9F, 0x81,
    0xE1, 0xC3, 0x7C, 0x86, 0x8B, 0xEB, 0x19, 0x18, 0x14, 0x98, 0x18, 0x18, 0x84, 0x19, 0x04, 0x98,
    0x40, 0xF2, 0xCC, 0x0F, 0xE2, 0x81, 0xE4, 0x86, 0xF9, 0x9F, 0xE7, 0x03, 0xA9, 0x07, 0xE7, 0xA9,
    0x43, 0x7D, 0x02, 0x5A, 0xC2, 0xF0, 0x61, 0xFF, 0x87, 0xF3, 0x40, 0xEA, 0xE3, 0xFC, 0x03, 0xFF,
    0x99, 0x19, 0x18, 0x7E, 0xC4, 0x07, 0xFC, 0xCF, 0x17, 0x6A, 0xFA, 0xCF, 0xC7, 0xF0, 0xF3, 0x3F,
    0x10, 0x30, 0x33, 0x24, 0xFC, 0xFD, 0xFF, 0x5F, 0x0B, 0x28, 0x2F, 0x60, 0x0C, 0x74, 0x07, 0x00,
    0x81, 0x5C, 0x46, 0xB5, 0x78, 0x9C, 0x63, 0x60, 0x30, 0x63, 0x48, 0x60, 0x66, 0x60, 0x48, 0xF8,
    0xCF, 0xF0, 0x8D, 0x1F, 0x4E, 0x09, 0x54, 0x31, 0x2C, 0x64, 0x67, 0x80, 0x02, 0x01, 0x26, 0x10,
    0xC9, 0xFC, 0x20, 0x1E, 0x48, 0x6E, 0x98, 0xFF, 0x79, 0x3E, 0x90, 0x7A, 0x70, 0x9E, 0x3A, 0xD4,
    0xA7, 0xF5, 0x40, 0xEA, 0xC3, 0xFE, 0x0F, 0xE7, 0x81, 0xD4, 0xC7, 0xF9, 0x07, 0xFE, 0x03, 0x1D,
    0xF2, 0x23, 0x3E, 0xE0, 0x7F, 0xBE, 0x50, 0xD3, 0x7F, 0x3E, 0x86, 0x9F, 0xFF, 0x81, 0x80, 0x99,
    0x21, 0xE1, 0xEF, 0xFF, 0xFF, 0x5A, 0x20, 0x67, 0x18, 0x03, 0xDD, 0x01, 0x00, 0x1B, 0xF8, 0x42,
    0xDB, 0x78, 0x9C, 0x63, 0x60, 0x60, 0x50, 0xF8, 0xCB, 0xC1, 0x00, 0x02, 0x0F, 0xDF, 0x33, 0x81,
    0xE9, 0xDF, 0xFE, 0x60, 0xCA, 0xE0, 0x3F, 0x0B, 0x98, 0x66, 0x60, 0x06, 0x11, 0x0A, 0x60, 0x39,
    0x03, 0xC6, 0x0F, 0xFB, 0x41, 0xF4, 0x1F, 0xBE, 0x0D, 0xFF, 0xD9, 0x18, 0x18, 0x0A, 0xFE, 0x73,
    0x28, 0xFC, 0xE7, 0x63, 0x60, 0xF8, 0xF8, 0x9E, 0x81, 0xE1, 0x47, 0x3D, 0x10, 0xE7, 0x33, 0x30,
    0x3C, 0x78, 0xCF, 0x28, 0xF0, 0x9F, 0x87, 0x81, 0x21, 0xE1, 0x3F, 0xC7, 0x84, 0xFF, 0x20, 0xAD,
    0x7F, 0xE5, 0x3F, 0xAD, 0x07, 0xE9, 0xF9, 0xD2, 0xFF, 0x4B, 0x1F, 0x44, 0x2F, 0xF8, 0xFF, 0x1F,
    0x6C, 0x9F, 0xC2, 0xFF, 0xF7, 0x10, 0xF3, 0x7F, 0xD6, 0x43, 0x68, 0x90, 0x6E, 0xA2, 0xE8, 0x78,
    0x08, 0xFD, 0x48, 0x16, 0x48, 0x00, 0x00, 0xFB, 0xA3, 0x2C, 0x6D, 0x78, 0x9C, 0x33, 0x60, 0x00,
    0x83, 0xDF, 0x9C, 0x60, 0xEA, 0x3F, 0x0F, 0x84, 0xEA, 0x9B, 0x59, 0xC9, 0x02, 0xA4, 0x80, 0xE0,
    0x3D, 0x2B, 0xC3, 0xFF, 0xFD, 0xB3, 0x5E, 0xFD, 0xCF, 0x07, 0xCB, 0x7D, 0xFB, 0xCF, 0x08, 0xA2,
    0x1A, 0xFE, 0xB3, 0x82, 0x28, 0x83, 0xFF, 0x1C, 0x20, 0x4A, 0x01, 0x42, 0x05, 0xFC, 0x67, 0x03,
    0x51, 0x17, 0xFE, 0x33, 0xFD, 0xD7, 0x65, 0x0C, 0xFA, 0xBB, 0x1E, 0xAC, 0x1D, 0x28, 0x02, 0x22,
    0x73, 0x80, 0x86, 0xC9, 0x0A, 0x32, 0x22, 0xD9, 0x00, 0xA1, 0x7E, 0xB0, 0x81, 0x29, 0x00, 0x6C,
    0xD2, 0x2E, 0x9F, 0x78, 0x9C, 0x63, 0x28, 0x78, 0xF3, 0x7F, 0x2D, 0x33, 0x03, 0xC3, 0xDF, 0xFF,
    0xFF, 0xFF, 0xD7, 0x33, 0x34, 0xFC, 0x8F, 0x76, 0x7E, 0xFE, 0x9F, 0xF1, 0xC2, 0x7B, 0x06, 0x86,
    0x84, 0xFF, 0x2C, 0x1F, 0xF6, 0x83, 0x28, 0xA6, 0x8F, 0xEB, 0x19, 0x18, 0x1E, 0x9C, 0x67, 0x00,
    0x51, 0x3F, 0xED, 0x41, 0x54, 0xC0, 0x7F, 0x4E, 0x10, 0xF5, 0x00, 0xA8, 0x0A, 0x48, 0x7D, 0xB8,
    0x0F, 0xA6, 0x12, 0xFE, 0x73, 0x41, 0x94, 0xF4, 0x83, 0xA9, 0x0D, 0xFF, 0x59, 0x40, 0x94, 0xC0,
    0x3F, 0x1E, 0x10, 0xC5, 0xF0, 0x53, 0x1E, 0x4C, 0xFD, 0xD6, 0xFF, 0xB8, 0x5E, 0x41, 0x38, 0xF1,
    0x3F, 0xFF, 0xC7, 0xF5, 0x0F, 0x80, 0x16, 0x72, 0x2E, 0xF0, 0x9B, 0xF0, 0xFF, 0x7F, 0x3F, 0x50,
    0x82, 0xC1, 0x50, 0x99, 0x81, 0x01, 0x00, 0x8A, 0x2E, 0x40, 0x9F, 0x78, 0x9C, 0x63, 0xF8, 0xA5,
    0xC3, 0x00, 0x04, 0x5F, 0xEE, 0x83, 0xC8, 0x84, 0xFF, 0x1C, 0x20, 0xEA, 0x1B, 0x3F, 0x88, 0x14,
    0x60, 0x02, 0x11, 0x46, 0xC2, 0x0C, 0x0C, 0x05, 0xFF, 0xFE, 0xFF, 0xF7, 0x65, 0xF8, 0xF0, 0xFF,
    0xEC, 0xDF, 0xFF, 0xCC, 0x0E, 0xCC, 0x0C, 0x0E, 0xFF, 0x39, 0x41, 0xF2, 0x7F, 0x78, 0x19, 0x18,
    0x9C, 0x52, 0xFF, 0xF2, 0x31, 0xBC, 0xF8, 0xFF, 0xFF, 0x3F, 0xDF, 0x81, 0xFF, 0x73, 0xCB, 0xFF,
    0xF2, 0x7D, 0xAF, 0x67, 0x60, 0xF8, 0xCD, 0xF7, 0x9B, 0x8F, 0x81, 0xE1, 0x1F, 0xDF, 0x1F, 0x3E,
    0x86, 0x80, 0xFF, 0x7C, 0xBF, 0xF2, 0x19, 0x9E, 0xFE, 0xE7, 0xFB, 0xFC, 0xFF, 0xDF, 0xFB, 0xDF,
    0x7C, 0x01, 0xFF, 0xFE, 0x6B, 0x3F, 0xE6, 0x64, 0x30, 0x00, 0x1A, 0xC9, 0x00, 0x00, 0x3D, 0x29,
    0x2D, 0x3D, 0x78, 0x9C, 0x1D, 0xCC, 0xB1, 0x09, 0xC2, 0x40, 0x00, 0x46, 0xE1, 0x07, 0xA9, 0x82,
    0xF8, 0x2B, 0x38, 0x81, 0xB5, 0x8D, 0x38, 0x41, 0xB0, 0x17, 0xB2, 0x44, 0xEA, 0xD8, 0x59, 0xEA,
    0x22, 0xCE, 0xA2, 0x0B, 0x38, 0x85, 0x08, 0x76, 0x0A, 0x29, 0xC4, 0x5C, 0xEE, 0x7E, 0x2F, 0x36,
    0x5F, 0xF5, 0x78, 0xC0, 0x77, 0x06, 0x9C, 0x5C, 0x66, 0xBB, 0x4B, 0x86, 0x7E, 0x32, 0xBA, 0x1C,
    0x99, 0x6F, 0x16, 0xB0, 0x4F, 0xF6, 0x8E, 0xB7, 0x6F, 0xD1, 0x45, 0x55, 0x50, 0xFD, 0x53, 0x86,
    0x29, 0x6C, 0x9B, 0x28, 0x9E, 0xB6, 0x75, 0xF5, 0xF9, 0x10, 0xF5, 0x39, 0x42, 0x50, 0x10, 0x24,
    0x0D, 0xA2, 0xB6, 0xFA, 0x96, 0x87, 0xD5, 0x39, 0xBD, 0x82, 0xEA, 0xE4, 0xD5, 0xBD, 0x64, 0x9D,
    0x97, 0xFC, 0x00, 0x2D, 0xEE, 0x2D, 0x2E, 0x78, 0x9C, 0x0D, 0xCC, 0xB1, 0x09, 0xC2, 0x50, 0x14,
    0x86, 0xD1, 0x4F, 0x5E, 0x15, 0x82, 0x97, 0x80, 0x0B, 0x88, 0xAD, 0x8D, 0x38, 0x41, 0xB0, 0x0F,
    0x64, 0x04, 0x1B, 0x6B, 0xED, 0x2C, 0x33, 0x82, 0x2E, 0x20, 0xB8, 0x81, 0x2B, 0xB8, 0x80, 0x33,
    0x58, 0x88, 0x90, 0x4E, 0x41, 0x54, 0xF0, 0xE5, 0xDD, 0xDF, 0x0C, 0x70, 0x0E, 0x4B, 0x3F, 0x01,
    0xEF, 0x9D, 0x72, 0xC6, 0xCA, 0x3F, 0x0D, 0xC7, 0xEB, 0x60, 0x2F, 0x8A, 0x00, 0x13, 0x28, 0xE6,
    0x23, 0xD8, 0xB8, 0x54, 0xF1, 0xD4, 0x25, 0x29, 0x94, 0x81, 0x52, 0x59, 0x2F, 0xE8, 0x86, 0xB0,
    0x58, 0x25, 0xA3, 0x95, 0x64, 0x67, 0x1D, 0xB6, 0xC9, 0xBE, 0x0D, 0x44, 0x8B, 0x06, 0x6E, 0x9D,
    0x51, 0xCB, 0x7E, 0x6B, 0xEE, 0xB2, 0x97, 0xFC, 0x11, 0xAD, 0x76, 0x4D, 0x6F, 0x19, 0xB3, 0xBE,
    0xE4, 0x0F, 0x4F, 0x9A, 0x32, 0x44, 0x78, 0x9C, 0x0D, 0xCC, 0xBD, 0x09, 0x02, 0x41, 0x18, 0x06,
    0xE1, 0xD1, 0x43, 0xE1, 0x02, 0x3F, 0x04, 0xB1, 0x0A, 0x93, 0xC5, 0x0A, 0x0E, 0x73, 0x61, 0x9B,
    0x30, 0xD6, 0x48, 0x43, 0x5B, 0xB0, 0x01, 0xB1, 0x84, 0x6B, 0xC1, 0x06, 0xAC, 0xC1, 0x40, 0x04,
    0x33, 0x4F, 0x0C, 0x0E, 0xDC, 0x9F, 0xD7, 0x9D, 0xF0, 0x09, 0x86, 0xFD, 0x10, 0xC7, 0x49, 0xED,
    0xA0, 0x1F, 0x77, 0x97, 0xD8, 0x6A, 0xF4, 0x31, 0x9F, 0xEE, 0xB8, 0xC2, 0x73, 0x98, 0x2E, 0x67,
    0xB0, 0xCB, 0xD2, 0x9A, 0x4E, 0xB7, 0xA4, 0xAA, 0xA9, 0x68, 0x54, 0x53, 0x8A, 0x13, 0x58, 0x6D,
    0x92, 0xF1, 0x92, 0x64, 0x57, 0x9D, 0x0F, 0xC9, 0xFA, 0x23, 0x04, 0x0B, 0x06, 0xD9, 0xA2, 0xE1,
    0x65, 0xBF, 0x2D, 0x4F, 0xD9, 0x57, 0xF9, 0x1D, 0xCC, 0x67, 0x2D, 0x1E, 0x35, 0xAE, 0x2C, 0xF9,
    0x03, 0xC7, 0x16, 0x33, 0x8A, 0x78, 0x9C, 0x2D, 0x8C, 0xB1, 0x09, 0xC2, 0x50, 0x00, 0x05, 0x4F,
    0x82, 0x81, 0x14, 0x3E, 0x04, 0x3B, 0x57, 0xB0, 0x11, 0x27, 0x08, 0xF6, 0x42, 0x36, 0xB0, 0xD1,
    0x3A, 0xE9, 0x2C, 0x9D, 0xC4, 0xDA, 0x35, 0x5C, 0xC0, 0x29, 0x44, 0xB0, 0xF3, 0x83, 0x85, 0xE0,
    0xCF, 0xFF, 0xCF, 0x08, 0x5E, 0x71, 0xCD, 0xC1, 0xB1, 0xA3, 0x2E, 0xC1, 0xE3, 0xB0, 0x1D, 0x5C,
    0x86, 0x16, 0xCE, 0xA3, 0x6E, 0xCE, 0x9F, 0xE9, 0x6A, 0x06, 0x5D, 0xB6, 0x37, 0x04, 0x5F, 0x93,
    0x8B, 0xBA, 0xA0, 0x76, 0xF5, 0x4B, 0xFD, 0x04, 0xD6, 0xFB, 0x24, 0x1E, 0xB6, 0x75, 0xF1, 0xE9,
    0x90, 0xF4, 0x3E, 0x42, 0x54, 0x14, 0x64, 0xF5, 0xA2, 0xB1, 0x3E, 0x2D, 0x77, 0xEB, 0xE5, 0xFC,
    0x8C, 0x6A, 0xB2, 0x17, 0xB7, 0x8A, 0xE5, 0xB0, 0xE4, 0x0B, 0xAC, 0x23, 0x2E, 0x59, 0x78, 0x9C,
    0x0D, 0x8C, 0x31, 0x0A, 0xC2, 0x40, 0x14, 0x05, 0x47, 0x16, 0xC4, 0x80, 0x7E, 0x04, 0x6F, 0xA1,
    0x8D, 0x47, 0x08, 0xE9, 0x85, 0x78, 0x08, 0x4B, 0xD1, 0xCE, 0xD2, 0x93, 0x08, 0xDE, 0xC4, 0x5C,
    0xC0, 0x53, 0x48, 0xC0, 0x4E, 0x31, 0x60, 0x24, 0xC9, 0xEE, 0xF3, 0x37, 0xAF, 0x99, 0x37, 0x03,
    0xDB, 0x00, 0x1C, 0x75, 0xF3, 0x6D, 0x96, 0xDF, 0x09, 0xFC, 0xB8, 0xCE, 0xA0, 0x1D, 0x55, 0x53,
    0xF8, 0xEC, 0xBB, 0x31, 0xE4, 0xF1, 0xEC, 0x74, 0x5E, 0x2C, 0xFC, 0x98, 0xA4, 0x0D, 0x6F, 0xDD,
    0xA3, 0x42, 0x1E, 0xC8, 0x95, 0x39, 0x61, 0x70, 0xA1, 0xD8, 0x45, 0xE3, 0x29, 0xC9, 0x2A, 0x5D,
    0x4E, 0xD1, 0x5A, 0x77, 0x7A, 0xEB, 0x0D, 0x92, 0x0D, 0x46, 0x29, 0xEB, 0x0E, 0xD4, 0xB2, 0x46,
    0xE9, 0xD5, 0x5B, 0x99, 0xB4, 0x7A, 0x64, 0xAC, 0x3D, 0xC9, 0x1F, 0x20, 0x26, 0x33, 0xF7, 0x78,
    0x9C, 0x1D, 0x8D, 0xB1, 0x09, 0xC2, 0x50, 0x18, 0x84, 0x8F, 0x67, 0x40, 0x2C, 0x0C, 0x0F, 0x1C,
    0x40, 0x47, 0x08, 0x66, 0x80, 0x04, 0x79, 0xA5, 0xE2, 0x08, 0xA9, 0xAC, 0x63, 0x67, 0xE9, 0x08,
    0xC1, 0x01, 0x24, 0x3B, 0xD8, 0x46, 0x88, 0x0B, 0x88, 0x43, 0xD8, 0xD8, 0x45, 0x11, 0x11, 0x7C,
    0xF9, 0x73, 0xFE, 0x7A, 0x70, 0x70, 0xC5, 0x7D, 0x77, 0xB0, 0xD3, 0x11, 0x10, 0xA9, 0xD7, 0x1D,
    0x39, 0x3F, 0x90, 0x0B, 0xDC, 0x79, 0x16, 0xF2, 0xD2, 0x32, 0x48, 0x7B, 0x48, 0xD9, 0x18, 0x2B,
    0x43, 0xA8, 0xDA, 0x1C, 0x78, 0x25, 0xC0, 0x6C, 0x25, 0x63, 0xE0, 0x91, 0xE3, 0x46, 0xB2, 0xAE,
    0x2A, 0x5F, 0x9C, 0xB8, 0xDF, 0x28, 0x42, 0x66, 0xEF, 0x2D, 0xE0, 0x97, 0xCE, 0x39, 0xE3, 0x43,
    0xA0, 0x4B, 0xFE, 0x5C, 0xA8, 0x2B, 0xE5, 0x2F, 0x7D, 0x0A, 0x5C, 0xC9, 0x3E, 0x2C, 0x9E, 0x6C,
    0x98, 0x49, 0x73, 0x94, 0x41, 0x24, 0xAC, 0xCD, 0x4E, 0xCF, 0x03, 0xD8, 0x58, 0x3B, 0x93, 0xD8,
    0xE0, 0x0B, 0xB6, 0xC0, 0x45, 0x31, 0x78, 0x9C, 0x63, 0x60, 0x10, 0x30, 0x66, 0x62, 0x60, 0x08,
    0xF8, 0xFB, 0xFF, 0x3F, 0x0B, 0xC3, 0xF7, 0xFF, 0x77, 0xFF, 0xB1, 0x19, 0xFC, 0xD7, 0x65, 0x60,
    0x60, 0x98, 0xF0, 0x9F, 0x19, 0x48, 0x3E, 0x78, 0x0F, 0x24, 0x18, 0x3E, 0xEC, 0x07, 0x91, 0x1F,
    0xD7, 0x23, 0xD8, 0x10, 0x71, 0x88, 0x1A, 0x83, 0xFF, 0xB6, 0x0C, 0x02, 0x0C, 0x40, 0xBD, 0xF7,
    0xFE, 0x71, 0x32, 0x38, 0xFC, 0xF9, 0xFF, 0x9F, 0x15, 0x28, 0xF8, 0x83, 0x17, 0xAC, 0xD8, 0x1F,
    0x44, 0x7E, 0xCE, 0x67, 0x60, 0x58, 0x3E, 0xE3, 0x1F, 0x90, 0xFD, 0xEB, 0xFF, 0x7F, 0x0E, 0xA0,
    0x5D, 0xE5, 0xA2, 0x0C, 0x0C, 0x00, 0x62, 0xFA, 0x27, 0x2C, 0x78, 0x9C, 0x63, 0x60, 0xF8, 0x23,
    0xCD, 0x00, 0x02, 0xDF, 0xCE, 0x83, 0xA9, 0x86, 0xFF, 0x6C, 0x60, 0xFA, 0x07, 0x1F, 0x98, 0x12,
    0x60, 0x02, 0x93, 0xC6, 0x20, 0x32, 0xE1, 0xEF, 0xFF, 0xF5, 0x8C, 0x40, 0x99, 0xF7, 0x77, 0xFE,
    0xF3, 0x32, 0x18, 0xFC, 0xE7, 0x62, 0xF8, 0x5A, 0xCF, 0xB0, 0xE0, 0x3F, 0x23, 0xC3, 0x86, 0xFB,
    0x0C, 0x0F, 0xF6, 0x83, 0x74, 0x32, 0x7C, 0x78, 0xBF, 0x7B, 0xF7, 0xED, 0xFF, 0x4C, 0x1F, 0xFF,
    0x03, 0xC1, 0x7B, 0x86, 0x0F, 0xFB, 0x5D, 0x5C, 0x5C, 0x84, 0x19, 0x2E, 0x40, 0x0C, 0x9E, 0xF0,
    0x9F, 0x19, 0x44, 0x29, 0xFC, 0xB7, 0x65, 0x60, 0x00, 0x9A, 0xF2, 0xED, 0xFF, 0xDE, 0x37, 0xF6,
    0x0C, 0x0C, 0x06, 0xBF, 0xFF, 0xFF, 0xE7, 0x01, 0x89, 0x1B, 0x09, 0x33, 0x30, 0x00, 0x00, 0xD5,
    0xF0, 0x2F, 0x12, 0x78, 0x9C, 0x63, 0x60, 0x60, 0x78, 0x9A, 0xCF, 0x00, 0x04, 0x0A, 0xFF, 0xE5,
    0x40, 0xD4, 0x81, 0xF7, 0x4C, 0x20, 0xEA, 0x8B, 0x1D, 0x88, 0x64, 0x30, 0x00, 0x93, 0x0C, 0x02,
    0xC6, 0x20, 0x32, 0xE1, 0xEF, 0xFF, 0xF5, 0x8C, 0x0C, 0x0C, 0x3F, 0xDE, 0xDF, 0xF9, 0xCF, 0xCB,
    0x60, 0xF0, 0x9F, 0x8B, 0xE1, 0x6B, 0x3D, 0xC3, 0x82, 0xFF, 0x8C, 0x0C, 0x1B, 0xEE, 0x33, 0x3C,
    0xD8, 0xCF, 0xC0, 0xD0, 0xF0, 0x9F, 0xE1, 0xC3, 0xFB, 0xDD, 0xBB, 0x6F, 0xFF, 0x67, 0xFA, 0xF8,
    0x1F, 0x08, 0xDE, 0x33, 0x7C, 0xD8, 0xEF, 0xE2, 0xE2, 0x22, 0xCC, 0x70, 0xE1, 0x3C, 0xD8, 0x8C,
    0x09, 0xFF, 0x99, 0x21, 0xD6, 0xD8, 0x32, 0x30, 0x00, 0x4D, 0xF9, 0xF6, 0x7F, 0xEF, 0x1B, 0x7B,
    0xA0, 0x05, 0xBF, 0xFF, 0xFF, 0xE7, 0x01, 0x89, 0x1B, 0x09, 0x33, 0x30, 0x00, 0x00, 0xE6, 0x78,
    0x2F, 0x3D, 0x78, 0x9C, 0x15, 0x8D, 0x31, 0x0A, 0xC2, 0x40, 0x10, 0x45, 0x5F, 0xB4, 0x52, 0x0C,
    0x04, 0x52, 0xDA, 0x78, 0x02, 0x15, 0x53, 0x8B, 0x16, 0x7B, 0x10, 0x6F, 0xA2, 0x47, 0xF0, 0x08,
    0xDE, 0x20, 0xF6, 0x41, 0x72, 0x84, 0x58, 0xD8, 0x29, 0x44, 0x4B, 0x41, 0xD8, 0x58, 0x28, 0x81,
    0x20, 0xDF, 0xD9, 0x29, 0xFE, 0xC0, 0x9B, 0xCF, 0x1B, 0xB8, 0x68, 0x0C, 0xCC, 0xF5, 0xAC, 0x6C,
    0x3D, 0xEA, 0xB5, 0x06, 0xD0, 0x4E, 0x69, 0x67, 0x06, 0x21, 0xE9, 0x1B, 0x4D, 0x32, 0x0B, 0x36,
    0x3F, 0xE5, 0x91, 0xDD, 0xFC, 0x4D, 0xB1, 0xF5, 0x87, 0x7C, 0xB6, 0x1C, 0x14, 0x71, 0xAC, 0xB9,
    0x97, 0xB0, 0x13, 0x8D, 0x2F, 0x8A, 0xAB, 0x7A, 0x6F, 0xD9, 0x78, 0x9A, 0xD2, 0x39, 0x97, 0x72,
    0x0E, 0x5E, 0xD8, 0x2B, 0x98, 0x98, 0x68, 0x09, 0x66, 0xF9, 0xEA, 0xF4, 0x5A, 0xD9, 0x87, 0x4E,
    0x1A, 0x05, 0xBE, 0x48, 0xE1, 0x0F, 0x40, 0xF9, 0x34, 0x06, 0x78, 0x9C, 0x63, 0x30, 0x60, 0x63,
    0x48, 0x66, 0x60, 0x60, 0x78, 0x50, 0xCF, 0xF0, 0x8F, 0x1D, 0x48, 0xF5, 0x33, 0xFC, 0xE3, 0x60,
    0x60, 0x48, 0xD0, 0x62, 0x58, 0xC6, 0xC4, 0x00, 0x07, 0x02, 0xC6, 0x20, 0x32, 0xE1, 0xEF, 0xFF,
    0xF5, 0x8C, 0x0C, 0x0C, 0x3F, 0xDE, 0xDF, 0xF9, 0xCF, 0xCB, 0x60, 0xF0, 0x9F, 0x8B, 0xE1, 0x6B,
    0x3D, 0xC3, 0x82, 0xFF, 0x8C, 0x0C, 0x1B, 0xEE, 0x33, 0x3C, 0xD8, 0xCF, 0xC0, 0xD0, 0xF0, 0x9F,
    0xE1, 0xC3, 0xFB, 0xDD, 0xBB, 0x6F, 0xFF, 0x67, 0xFA, 0xF8, 0x1F, 0x08, 0xDE, 0x33, 0x7C, 0xD8,
    0xEF, 0xE2, 0xE2, 0x22, 0xCC, 0x70, 0xE1, 0x3C, 0xD8, 0x8C, 0x09, 0xFF, 0x99, 0x41, 0x94, 0xC2,
    0x7F, 0x5B, 0x06, 0x06, 0xA0, 0x29, 0xDF, 0xFE, 0xEF, 0x7D, 0x63, 0xCF, 0xC0, 0x60, 0xF0, 0xFB,
    0xFF, 0x7F, 0x1E, 0x90, 0xB8, 0x91, 0x30, 0x03, 0x03, 0x00, 0x63, 0x40, 0x30, 0x3D, 0x78, 0x9C,
    0xFB, 0x9C, 0xC7, 0xC0, 0x70, 0xE0, 0x3F, 0x2B, 0x83, 0xC0, 0x5F, 0x39, 0x06, 0x86, 0x4B, 0xF5,
    0x0C, 0x0C, 0x0C, 0x4C, 0x0C, 0x60, 0x60, 0xB0, 0x8F, 0x81, 0x61, 0xC2, 0x7F, 0x26, 0xA2, 0x31,
    0x50, 0x3D, 0x00, 0x7E, 0xD5, 0x18, 0xBB, 0x78, 0x9C, 0x63, 0x98, 0xF0, 0x9F, 0x91, 0xE1, 0xFB,
    0x7A, 0x06, 0x85, 0xFF, 0x3C, 0x0C, 0x0B, 0xF6, 0x33, 0x32, 0x08, 0x30, 0x31, 0x80, 0xC1, 0x45,
    0x59, 0x06, 0x86, 0xAF, 0xF9, 0xC4, 0x63, 0x90, 0x7A, 0x00, 0x6E, 0x2E, 0x16, 0xFC, 0x78, 0x9C,
    0x63, 0x68, 0xF8, 0xD7, 0xC7, 0xC0, 0xC0, 0xF0, 0xBD, 0xFE, 0x3F, 0x07, 0x83, 0xC3, 0x7F, 0xCE,
    0x9F, 0xF1, 0x0C, 0x17, 0xCE, 0x33, 0x1C, 0xB8, 0xCF, 0xA0, 0xC0, 0xCC, 0xC0, 0xA0, 0xC4, 0x00,
    0x03, 0xDF, 0xD9, 0x41, 0xE4, 0x5F, 0x3E, 0x4A, 0x49, 0x90, 0x39, 0x00, 0x55, 0xFC, 0x18, 0x22,
    0x78, 0x9C, 0x2B, 0x64, 0x14, 0x10, 0xFF, 0xC5, 0xB5, 0x60, 0xFD, 0x6F, 0xEE, 0x0D, 0xFB, 0xB7,
    0xB0, 0x38, 0x78, 0x33, 0xC0, 0xC0, 0x45, 0x59, 0x06, 0x86, 0xAF, 0xF1, 0x0C, 0x0C, 0xDF, 0xF2,
    0x09, 0x63, 0x90, 0x3A, 0xA0, 0x7A, 0x00, 0x8C, 0x33, 0x17, 0xB6, 0x78, 0x9C, 0x25, 0x8D, 0xBD,
    0x09, 0x02, 0x41, 0x18, 0x44, 0xDF, 0xFD, 0x70, 0xA0, 0x70, 0xB0, 0x60, 0x01, 0x5E, 0x6E, 0xB2,
    0x1D, 0xD8, 0x80, 0xA0, 0x89, 0xB9, 0x1D, 0x68, 0x07, 0xB6, 0x60, 0x0D, 0x36, 0x60, 0xA4, 0x99,
    0xDC, 0x75, 0x61, 0xB8, 0x76, 0x70, 0x18, 0x68, 0xA0, 0x9F, 0x3B, 0xAE, 0x5C, 0x32, 0xC3, 0x63,
    0x1E, 0x0C, 0xEB, 0x1C, 0x32, 0x50, 0xA8, 0xCE, 0x5B, 0xB8, 0x48, 0x9A, 0x81, 0x7F, 0x2B, 0x01,
    0x16, 0x6E, 0x01, 0xDC, 0xB5, 0x6C, 0x34, 0x82, 0x9D, 0xB5, 0x36, 0xC5, 0x7D, 0x15, 0xB5, 0xA7,
    0xEB, 0xCB, 0xC6, 0x5A, 0x9E, 0x4B, 0x78, 0x88, 0x4F, 0x0D, 0x07, 0x65, 0x71, 0x0C, 0x1B, 0xE5,
    0x31, 0xC9, 0xAB, 0x54, 0x03, 0x0D, 0x1B, 0xAF, 0xBF, 0x79, 0xE2, 0xDE, 0x17, 0xCE, 0xE6, 0xF8,
    0x18, 0x4C, 0x15, 0x1C, 0xA5, 0x45, 0x3A, 0xC2, 0x4F, 0x52, 0xFC, 0x00, 0x9D, 0x2E, 0x37, 0x89,
    0x78, 0x9C, 0x63, 0x28, 0x62, 0x65, 0x10, 0x60, 0x54, 0xF8, 0xFF, 0x9E, 0xF5, 0x21, 0x5F, 0xC1,
    0xFD, 0x9F, 0xE7, 0x7F, 0xF3, 0x4E, 0xC8, 0x17, 0xF8, 0xF9, 0x9F, 0x4D, 0x00, 0x28, 0x6C, 0xCA,
    0x00, 0x04, 0x46, 0x4C, 0x0C, 0x17, 0x64, 0xAF, 0xFE, 0xBF, 0xCF, 0xFC, 0x79, 0xFF, 0xFF, 0x37,
    0xFF, 0xE5, 0x3E, 0xFF, 0x97, 0x66, 0xF8, 0x5E, 0xFF, 0xF9, 0x3E, 0x03, 0xC3, 0x87, 0xF5, 0x9F,
    0xEB, 0x19, 0x18, 0x2E, 0x9C, 0xFF, 0x9C, 0xCF, 0xC0, 0x70, 0x80, 0x28, 0xF2, 0x80, 0x1E, 0x03,
    0x43, 0x42, 0x3D, 0x00, 0x40, 0x61, 0x34, 0x0B, 0x78, 0x9C, 0x63, 0x08, 0x78, 0xCF, 0xC6, 0x00,
    0x02, 0x7F, 0xFD, 0xC1, 0xD4, 0xC3, 0xFB, 0x60, 0x4A, 0xE1, 0x2F, 0x44, 0x54, 0x01, 0x4C, 0x0A,
    0x18, 0x33, 0x02, 0x49, 0x87, 0x3F, 0xFF, 0xEF, 0xB3, 0x32, 0x30, 0x7C, 0xFB, 0x7F, 0xE6, 0x7F,
    0x3D, 0x83, 0xC2, 0x7F, 0x19, 0x86, 0x8D, 0xFF, 0x99, 0x27, 0xFC, 0x67, 0x62, 0x10, 0xF8, 0xCF,
    0x7D, 0xE1, 0x3C, 0x50, 0xFE, 0x37, 0xFF, 0x87, 0xF5, 0x40, 0xEA, 0x87, 0xFC, 0xC7, 0xF9, 0x20,
    0x4A, 0x1F, 0xCA, 0x83, 0xCA, 0x41, 0x55, 0x42, 0xF5, 0x41, 0x4D, 0x81, 0x99, 0x09, 0xB1, 0x01,
    0x00, 0x16, 0x72, 0x2D, 0x80, 0x78, 0x9C, 0x63, 0x60, 0x60, 0x08, 0xF8, 0xC7, 0xC6, 0x00, 0x04,
    0x9F, 0xDE, 0x33, 0x82, 0xA8, 0x3F, 0x7A, 0x20, 0xD2, 0xE1, 0x3D, 0x33, 0x88, 0x62, 0x80, 0x90,
    0x02, 0xC6, 0x20, 0x29, 0x87, 0x3F, 0xFF, 0xEF, 0xB3, 0x32, 0x30, 0x7C, 0xFB, 0x7F, 0xE6, 0x7F,
    0x3D, 0x83, 0xC2, 0x7F, 0x19, 0x86, 0x8D, 0xFF, 0x99, 0x27, 0xFC, 0x67, 0x62, 0x10, 0xF8, 0xCF,
    0x7D, 0xE1, 0x3C, 0x50, 0xFE, 0x37, 0xFF, 0x87, 0xF5, 0x40, 0xEA, 0x87, 0xFC, 0xC7, 0xF9, 0x20,
    0x4A, 0x1F, 0xCA, 0x83, 0xCA, 0x41, 0x55, 0x42, 0xF5, 0x41, 0x4D, 0x81, 0x99, 0x09, 0xB1, 0x01,
    0x00, 0x17, 0x93, 0x2D, 0x81, 0x78, 0x9C, 0x63, 0x60, 0x38, 0xF4, 0xDF, 0x86, 0x81, 0x81, 0x41,
    0xE0, 0xDF, 0x9A, 0xF7, 0x4C, 0x0C, 0x0C, 0x1B, 0xFE, 0x0B, 0xFD, 0xE3, 0x61, 0x60, 0xF8, 0x12,
    0xCF, 0xF0, 0x25, 0x9F, 0x81, 0xC1, 0x80, 0x91, 0x41, 0x80, 0x19, 0x24, 0x69, 0xCC, 0x08, 0x24,
    0x1D, 0xFE, 0xFC, 0xBF, 0xCF, 0xCA, 0xC0, 0xF0, 0xED, 0xFF, 0x99, 0xFF, 0xF5, 0x0C, 0x0A, 0xFF,
    0x65, 0x18, 0x36, 0xFE, 0x67, 0x9E, 0xF0, 0x9F, 0x89, 0x41, 0xE0, 0x3F, 0xF7, 0x85, 0xF3, 0x40,
    0xF9, 0xDF, 0xFC, 0x1F, 0xD6, 0x03, 0xA9, 0x1F, 0xF2, 0x1F, 0xE7, 0x83, 0x28, 0x7D, 0x28, 0x0F,
    0x2A, 0x07, 0x55, 0x09, 0xD5, 0x07, 0x35, 0x05, 0x66, 0x26, 0xC4, 0x06, 0x00, 0x70, 0xB2, 0x32,
    0x59, 0x78, 0x9C, 0x63, 0x30, 0x70, 0x67, 0x60, 0x10, 0x62, 0x60, 0xF8, 0xFC, 0xDF, 0x57, 0xE1,
    0x3C, 0x03, 0xC3, 0xCF, 0x39, 0xFF, 0xCF, 0xEC, 0x67, 0x60, 0xF8, 0xCD, 0xB2, 0xE8, 0xBF, 0x3F,
    0x03, 0x83, 0x23, 0x03, 0x43, 0x10, 0x13, 0x03, 0x03, 0x83, 0x80, 0x31, 0x23, 0x90, 0x74, 0xF8,
    0xF3, 0xFF, 0x3E, 0x2B, 0x03, 0xC3, 0xB7, 0xFF, 0x67, 0xFE, 0xD7, 0x33, 0x28, 0xFC, 0x97, 0x61,
    0xD8, 0xF8, 0x9F, 0x79, 0xC2, 0x7F, 0x26, 0x06, 0x81, 0xFF, 0xDC, 0x17, 0x80, 0x5A, 0x19, 0x7E,
    0xF3, 0x7F, 0x58, 0x0F, 0xA4, 0x7E, 0xC8, 0x7F, 0x9C, 0x0F, 0xA2, 0xF4, 0xA1, 0x3C, 0xA8, 0x1C,
    0x54, 0x25, 0x54, 0x1F, 0xD4, 0x14, 0x98, 0x99, 0x10, 0x1B, 0x00, 0xCB, 0x8E, 0x33, 0x46, 0x78,
    0x9C, 0x63, 0x10, 0x50, 0x67, 0x28, 0x64, 0x62, 0x60, 0x58, 0xB0, 0x9F, 0xE1, 0x17, 0x37, 0x90,
    0x3A, 0xCF, 0xF0, 0x8B, 0x87, 0x81, 0xC1, 0xC0, 0x9B, 0x61, 0x33, 0x0B, 0x03, 0x1C, 0x08, 0x18,
    0x33, 0x02, 0x49, 0x87, 0x3F, 0xFF, 0xEF, 0xB3, 0x32, 0x30, 0x7C, 0xFB, 0x7F, 0xE6, 0x7F, 0x3D,
    0x83, 0xC2, 0x7F, 0x19, 0x86, 0x8D, 0xFF, 0x99, 0x27, 0xFC, 0x67, 0x62, 0x10, 0xF8, 0xCF, 0x7D,
    0xE1, 0x3C, 0x50, 0xFE, 0x37, 0xFF, 0x87, 0xF5, 0x40, 0xEA, 0x87, 0xFC, 0xC7, 0xF9, 0x20, 0x4A,
    0x1F, 0xCA, 0x83, 0xCA, 0x41, 0x55, 0x42, 0xF5, 0x41, 0x4D, 0x81, 0x99, 0x09, 0xB1, 0x01, 0x00,
    0x9F, 0xF9, 0x2E, 0xA1, 0x78, 0x9C, 0x63, 0x60, 0x60, 0x70, 0x60, 0x63, 0x00, 0x83, 0xCF, 0xFD,
    0x10, 0xFA, 0xEB, 0x7A, 0x08, 0xFD, 0x29, 0x1F, 0x42, 0x0B, 0x30, 0x31, 0x20, 0x80, 0x82, 0x0B,
    0x18, 0x30, 0x7F, 0xF8, 0x0F, 0x06, 0xF1, 0x13, 0xCE, 0x80, 0x81, 0x36, 0x03, 0x26, 0x68, 0xD0,
    0x82, 0xD0, 0x5F, 0xE6, 0x43, 0x69, 0xA8, 0xB9, 0x07, 0xFD, 0x80, 0x04, 0x00, 0x90, 0xD8, 0x18,
    0x56, 0x78, 0x9C, 0x15, 0xCC, 0xC1, 0x0D, 0x43, 0x50, 0x00, 0xC7, 0xE1, 0xDF, 0x43, 0x13, 0x52,
    0xA9, 0x83, 0x05, 0x6C, 0xC0, 0x08, 0x36, 0x30, 0xC2, 0xB3, 0x40, 0x0F, 0xDD, 0xA4, 0x77, 0x17,
    0x23, 0x34, 0xE9, 0xBD, 0x1B, 0x08, 0x1B, 0x60, 0x02, 0x6E, 0x2F, 0xAD, 0xC6, 0x5F, 0x7C, 0x03,
    0x7C, 0x50, 0xA4, 0x5C, 0xE0, 0x2D, 0x75, 0x96, 0x52, 0xE3, 0x5F, 0x09, 0xF3, 0xE2, 0x65, 0xB2,
    0xB8, 0x8A, 0x97, 0x7A, 0xB6, 0x1B, 0xAE, 0x91, 0xD9, 0xE3, 0x62, 0x79, 0xC8, 0xD7, 0x75, 0xA8,
    0x6A, 0x05, 0x7B, 0xFC, 0x0D, 0x6B, 0xF9, 0x9B, 0xED, 0x79, 0xCA, 0x38, 0xE5, 0x4C, 0x23, 0xB3,
    0x42, 0x7E, 0x96, 0xF6, 0x5C, 0x22, 0xD6, 0x8F, 0x74, 0x87, 0xD2, 0x64, 0x29, 0x70, 0x00, 0x3C,
    0x6E, 0x31, 0x7F, 0x78, 0x9C, 0x63, 0x08, 0x78, 0xCF, 0xC6, 0x00, 0x04, 0x7F, 0xFD, 0x41, 0xE4,
    0xC3, 0xFB, 0x20, 0x52, 0xE1, 0x2F, 0x58, 0x48, 0x81, 0x01, 0x0A, 0x2E, 0xF2, 0x30, 0x30, 0x6C,
    0xB0, 0xFB, 0x6A, 0xCF, 0xC0, 0xF0, 0xB1, 0xFF, 0xAB, 0x3F, 0x61, 0xF2, 0x0B, 0x90, 0xFC, 0xD4,
    0xFF, 0x39, 0x9F, 0x81, 0xE1, 0x67, 0xFF, 0x87, 0xFB, 0x8C, 0x05, 0xFF, 0xFB, 0x17, 0xFC, 0x3F,
    0xFF, 0xEF, 0x4F, 0x3F, 0xC3, 0xAF, 0xFF, 0xFD, 0x13, 0xFC, 0x18, 0x04, 0x8C, 0x81, 0x66, 0x02,
    0x00, 0xB1, 0xFE, 0x2C, 0xC8, 0x78, 0x9C, 0x63, 0x60, 0x60, 0xF8, 0xC5, 0xC7, 0xC0, 0xC0, 0xB0,
    0xE0, 0x3F, 0x3B, 0x90, 0xFC, 0x3A, 0x1F, 0x48, 0x30, 0xFC, 0xE1, 0x04, 0x91, 0x42, 0x0C, 0x30,
    0x70, 0x91, 0x87, 0x81, 0x61, 0x83, 0xDD, 0x57, 0x7B, 0x06, 0x86, 0x8F, 0xFD, 0x5F, 0xFD, 0x09,
    0x93, 0x5F, 0x80, 0xE4, 0xA7, 0xFE, 0xCF, 0xF9, 0x0C, 0x0C, 0x3F, 0xFB, 0x3F, 0xDC, 0x67, 0x2C,
    0xF8, 0xDF, 0xBF, 0xE0, 0xFF, 0xF9, 0x7F, 0x7F, 0xFA, 0x19, 0x7E, 0xFD, 0xEF, 0x9F, 0xE0, 0xC7,
    0x20, 0x60, 0x0C, 0x34, 0x13, 0x00, 0x99, 0x6E, 0x2C, 0x8D, 0x78, 0x9C, 0x63, 0x60, 0xF8, 0xF5,
    0x9E, 0x95, 0x81, 0x61, 0xC3, 0xFB, 0x1F, 0xF1, 0x0C, 0x0C, 0xDF, 0xE3, 0x0F, 0xFC, 0x67, 0x62,
    0xF8, 0xCF, 0x29, 0xF0, 0x97, 0x8B, 0x41, 0x89, 0x81, 0xC1, 0x80, 0x91, 0x01, 0x0C, 0x2E, 0xF2,
    0x00, 0x15, 0xD8, 0x7D, 0xB5, 0x67, 0x60, 0xF8, 0xD8, 0xFF, 0xD5, 0x9F, 0x30, 0xF9, 0x05, 0x48,
    0x7E, 0xEA, 0xFF, 0x9C, 0xCF, 0xC0, 0xF0, 0xB3, 0xFF, 0xC3, 0x7D, 0xC6, 0x82, 0xFF, 0xFD, 0x0B,
    0xFE, 0x9F, 0xFF, 0xF7, 0xA7, 0x9F, 0xE1, 0xD7, 0xFF, 0xFE, 0x09, 0x7E, 0x0C, 0x02, 0xC6, 0x40,
    0x33, 0x01, 0xBA, 0x69, 0x31, 0xA1, 0x78, 0x9C, 0x63, 0x48, 0x60, 0x66, 0x30, 0x63, 0x60, 0xF8,
    0xC6, 0x9F, 0xF0, 0x1F, 0x46, 0x2E, 0x64, 0x17, 0xA8, 0x62, 0x40, 0x06, 0x17, 0x79, 0x18, 0x18,
    0x36, 0xD8, 0x7D, 0xB5, 0x67, 0x60, 0xF8, 0xD8, 0xFF, 0xD5, 0x9F, 0x30, 0xF9, 0x05, 0x48, 0x7E,
    0xEA, 0xFF, 0x9C, 0xCF, 0xC0, 0xF0, 0xB3, 0xFF, 0xC3, 0x7D, 0xC6, 0x82, 0xFF, 0xFD, 0x0B, 0xFE,
    0x9F, 0xFF, 0xF7, 0xA7, 0x9F, 0xE1, 0xD7, 0xFF, 0xFE, 0x09, 0x7E, 0x0C, 0x02, 0xC6, 0x40, 0x33,
    0x01, 0x1A, 0x17, 0x2D, 0xC7, 0x78, 0x9C, 0x63, 0x60, 0x60, 0x78, 0xEA, 0xCF, 0x00, 0x04, 0x0E,
    0xFF, 0x79, 0x41, 0xD4, 0x85, 0xF7, 0x8C, 0x20, 0xEA, 0x9B, 0x2E, 0x88, 0x64, 0x50, 0x60, 0x40,
    0x80, 0x03, 0x76, 0x40, 0xE2, 0x17, 0xF3, 0x83, 0xF3, 0x0C, 0x0C, 0x01, 0xFF, 0x99, 0x1B, 0xFE,
    0x33, 0x31, 0x6C, 0xB8, 0xCF, 0x60, 0xF0, 0x9F, 0x9D, 0xE1, 0x63, 0x3E, 0x03, 0xC3, 0x5F, 0x1E,
    0x86, 0xEF, 0xF2, 0x0C, 0x20, 0xFC, 0x87, 0x8B, 0x81, 0xE1, 0x53, 0xBE, 0xC2, 0x7F, 0x66, 0xA0,
    0x8E, 0xFD, 0x0D, 0xF7, 0x81, 0x7A, 0x12, 0xFE, 0x3F, 0xAC, 0x07, 0x52, 0x02, 0xFF, 0x7F, 0xC9,
    0x83, 0xCC, 0xF9, 0xFD, 0x9F, 0x0B, 0x44, 0x7D, 0x05, 0xA9, 0x60, 0x60, 0xF8, 0x70, 0x1F, 0x6C,
    0xF8, 0x87, 0x7A, 0x30, 0xF5, 0x1D, 0xAC, 0x82, 0xE1, 0x2F, 0x58, 0x45, 0xC0, 0x7F, 0x16, 0x10,
    0xB5, 0xE0, 0x3C, 0x58, 0xCC, 0x40, 0x0C, 0x44, 0x02, 0x00, 0x12, 0x90, 0x2B, 0x07, 0x78, 0x9C,
    0x6B, 0x90, 0x62, 0x00, 0x81, 0x4F, 0xF9, 0x60, 0xEA, 0x33, 0x0E, 0xCA, 0x88, 0x11, 0x44, 0x3D,
    0xFB, 0xBF, 0x9F, 0x89, 0xE1, 0xF3, 0xFB, 0xFF, 0x77, 0xFE, 0xEB, 0x31, 0x7C, 0xFE, 0xCF, 0xC9,
    0xF0, 0x75, 0x3F, 0xC3, 0xE7, 0xF3, 0x0C, 0x0C, 0x13, 0xFE, 0x33, 0x7E, 0xAE, 0x67, 0x60, 0x70,
    0xF8, 0xCF, 0x0A, 0xD2, 0xA0, 0xF0, 0x9F, 0x1D, 0x44, 0x09, 0xFC, 0xE7, 0x80, 0xF1, 0xA0, 0x72,
    0x40, 0x95, 0x0B, 0x80, 0x2A, 0x81, 0xFA, 0xBE, 0xAD, 0x07, 0x99, 0xF2, 0xE6, 0xBF, 0x2C, 0xC3,
    0x67, 0xFF, 0x1F, 0xFF, 0xF7, 0x33, 0x02, 0x29, 0x06, 0x63, 0x90, 0x0D, 0xFE, 0x10, 0xFB, 0x50,
    0xA8, 0x4F, 0xFA, 0x60, 0x2A, 0x80, 0x15, 0x4C, 0x01, 0x00, 0xED, 0x29, 0x3B, 0x35, 0x78, 0x9C,
    0x63, 0x30, 0x60, 0x63, 0x48, 0x66, 0x60, 0x60, 0xF8, 0x90, 0xCF, 0xF0, 0x9F, 0x0D, 0x4E, 0x15,
    0x48, 0x31, 0x2C, 0x67, 0x64, 0x40, 0x05, 0x07, 0xEC, 0x80, 0xC4, 0x2F, 0xE6, 0x07, 0xE7, 0x19,
    0x18, 0x02, 0xFE, 0x33, 0x37, 0xFC, 0x67, 0x62, 0xD8, 0x70, 0x9F, 0xC1, 0xE0, 0x3F, 0x3B, 0xC3,
    0xC7, 0x7C, 0x06, 0x86, 0xBF, 0x3C, 0x0C, 0xDF, 0xE5, 0x19, 0x40, 0xF8, 0x0F, 0x17, 0x03, 0xC3,
    0xA7, 0x7C, 0x85, 0xFF, 0xCC, 0x40, 0x1D, 0xFB, 0x1B, 0xEE, 0x03, 0xF5, 0x24, 0xFC, 0x7F, 0x58,
    0x0F, 0xA4, 0x04, 0xFE, 0xFF, 0x92, 0x07, 0x99, 0xF3, 0xFB, 0x3F, 0x17, 0x88, 0xFA, 0x0A, 0x52,
    0x01, 0xB4, 0xF0, 0x3E, 0xD8, 0xF0, 0x0F, 0xF5, 0x60, 0xEA, 0x3B, 0x58, 0x05, 0xC3, 0x5F, 0xB0,
    0x8A, 0x80, 0xFF, 0x2C, 0x20, 0x6A, 0xC1, 0x79, 0xB0, 0x98, 0x81, 0x18, 0x88, 0x04, 0x00, 0xBC,
    0x08, 0x2C, 0x17,
};
const GFXglyph MPLUSRounded1c_Medium_12Glyphs[] = {
    { 0, 0, 7, 0, 0, 8, 0 }, //  
    { 4, 19, 9, 2, 19, 47, 8 }, // !
    { 9, 8, 11, 1, 20, 47, 55 }, // "
    { 15, 19, 17, 1, 19, 142, 102 }, // #
    { 13, 24, 15, 1, 21, 124, 244 }, // $
    { 21, 20, 21, 0, 19, 179, 368 }, // %
    { 17, 20, 18, 1, 19, 159, 547 }, // &
    { 4, 8, 6, 1, 20, 25, 706 }, // '
    { 8, 24, 10, 1, 20, 97, 731 }, // (
    { 7, 24, 9, 1, 20, 93, 828 }, // )
    { 11, 11, 13, 1, 19, 69, 921 }, // *
    { 16, 15, 18, 1, 15, 51, 990 }, // +
    { 6, 7, 8, 1, 4, 30, 1041 }, // ,
    { 9, 3, 12, 1, 9, 24, 1071 }, // -
    { 4, 4, 8, 2, 4, 16, 1095 }, // .
    { 12, 20, 12, 0, 19, 84, 1111 }, // /
    { 14, 20, 16, 1, 19, 123, 1195 }, // 0
    { 9, 19, 16, 2, 19, 54, 1318 }, // 1
    { 12, 19, 16, 2, 19, 99, 1372 }, // 2
    { 12, 20, 16, 2, 19, 101, 1471 }, // 3
    { 15, 19, 16, 0, 19, 95, 1572 }, // 4
    { 12, 20, 16, 2, 19, 96, 1667 }, // 5
    { 14, 20, 16, 1, 19, 134, 1763 }, // 6
    { 12, 19, 16, 2, 19, 82, 1897 }, // 7
    { 14, 20, 16, 1, 19, 136, 1979 }, // 8
    { 14, 20, 16, 1, 19, 130, 2115 }, // 9
    { 4, 14, 10, 3, 14, 29, 2245 }, // :
    { 6, 17, 10, 1, 14, 47, 2274 }, // ;
    { 14, 14, 17, 1, 14, 84, 2321 }, // <
    { 15, 9, 19, 2, 12, 40, 2405 }, // =
    { 14, 14, 17, 2, 14, 83, 2445 }, // >
    { 13, 19, 16, 2, 19, 96, 2528 }, // ?
    { 20, 19, 21, 0, 16, 157, 2624 }, // @
    { 16, 19, 16, 0, 19, 125, 2781 }, // A
    { 13, 20, 15, 2, 19, 115, 2906 }, // B
    { 14, 20, 16, 0, 19, 104, 3021 }, // C
    { 14, 20, 17, 2, 19, 107, 3125 }, // D
    { 12, 19, 15, 2, 19, 58, 3232 }, // E
    { 11, 19, 14, 2, 19, 52, 3290 }, // F
    { 16, 20, 17, 0, 19, 134, 3342 }, // G
    { 14, 19, 17, 2, 19, 53, 3476 }, // H
    { 4, 19, 8, 2, 19, 20, 3529 }, // I
    { 12, 20, 13, 0, 19, 55, 3549 }, // J
    { 13, 19, 15, 2, 19, 108, 3604 }, // K
    { 12, 19, 15, 2, 19, 33, 3712 }, // L
    { 17, 19, 21, 2, 19, 113, 3745 }, // M
    { 14, 19, 17, 2, 19, 97, 3858 }, // N
    { 18, 20, 18, 0, 19, 147, 3955 }, // O
    { 13, 19, 15, 2, 19, 95, 4102 }, // P
    { 19, 23, 18, 0, 19, 170, 4197 }, // Q
    { 13, 19, 15, 2, 19, 111, 4367 }, // R
    { 12, 20, 14, 1, 19, 109, 4478 }, // S
    { 14, 19, 16, 1, 19, 37, 4587 }, // T
    { 14, 20, 17, 1, 19, 73, 4624 }, // U
    { 16, 19, 16, 0, 19, 133, 4697 }, // V
    { 20, 19, 22, 1, 19, 172, 4830 }, // W
    { 14, 19, 15, 1, 19, 127, 5002 }, // X
    { 16, 19, 15, 0, 19, 97, 5129 }, // Y
    { 13, 19, 16, 1, 19, 89, 5226 }, // Z
    { 9, 24, 12, 2, 20, 45, 5315 }, // [
    { 11, 20, 12, 1, 19, 74, 5360 }, // <backslash>
    { 8, 24, 12, 2, 20, 38, 5434 }, // ]
    { 14, 12, 15, 1, 19, 82, 5472 }, // ^
    { 16, 3, 14, -1, -1, 22, 5554 }, // _
    { 6, 8, 7, 0, 21, 33, 5576 }, // `
    { 11, 15, 14, 1, 14, 101, 5609 }, // a
    { 13, 20, 15, 1, 19, 94, 5710 }, // b
    { 11, 15, 12, 0, 14, 75, 5804 }, // c
    { 12, 20, 15, 1, 19, 90, 5879 }, // d
    { 13, 15, 13, 0, 14, 107, 5969 }, // e
    { 11, 19, 13, 1, 19, 62, 6076 }, // f
    { 12, 20, 14, 1, 14, 115, 6138 }, // g
    { 12, 19, 15, 1, 19, 65, 6253 }, // h
    { 4, 19, 8, 2, 19, 25, 6318 }, // i
    { 8, 25, 9, -1, 19, 47, 6343 }, // j
    { 12, 19, 13, 1, 19, 79, 6390 }, // k
    { 4, 19, 8, 2, 19, 17, 6469 }, // l
    { 18, 14, 20, 1, 14, 81, 6486 }, // m
    { 12, 14, 14, 1, 14, 59, 6567 }, // n
    { 14, 15, 14, 0, 14, 75, 6626 }, // o
    { 13, 20, 15, 1, 14, 107, 6701 }, // p
    { 12, 20, 15, 1, 14, 92, 6808 }, // q
    { 10, 13, 12, 1, 13, 46, 6900 }, // r
    { 11, 15, 13, 1, 14, 90, 6946 }, // s
    { 10, 19, 13, 1, 18, 60, 7036 }, // t
    { 12, 14, 14, 1, 13, 61, 7096 }, // u
    { 13, 13, 13, 0, 13, 93, 7157 }, // v
    { 18, 13, 19, 1, 13, 124, 7250 }, // w
    { 11, 13, 13, 1, 13, 85, 7374 }, // x
    { 13, 19, 13, 0, 13, 112, 7459 }, // y
    { 11, 13, 14, 1, 13, 64, 7571 }, // z
    { 10, 24, 13, 1, 20, 87, 7635 }, // {
    { 3, 27, 9, 3, 21, 20, 7722 }, // |
    { 10, 24, 13, 2, 20, 85, 7742 }, // }
    { 15, 5, 17, 1, 10, 46, 7827 }, // ~
    { 0, 0, 7, 0, 0, 8, 7873 }, //  
    { 4, 19, 9, 2, 13, 47, 7881 }, // ¡
    { 12, 23, 13, 0, 18, 86, 7928 }, // ¢
    { 13, 19, 15, 1, 19, 94, 8014 }, // £
    { 14, 14, 16, 1, 16, 95, 8108 }, // ¤
    { 16, 19, 16, 0, 19, 125, 8203 }, // ¥
    { 3, 23, 9, 3, 19, 31, 8328 }, // ¦
    { 11, 23, 13, 1, 19, 137, 8359 }, // §
    { 8, 4, 12, 2, 19, 24, 8496 }, // ¨
    { 20, 20, 20, 0, 19, 185, 8520 }, // ©
    { 12, 15, 16, 2, 19, 87, 8705 }, // ª
    { 15, 12, 18, 1, 13, 100, 8792 }, // «
    { 14, 9, 17, 1, 12, 34, 8892 }, // ¬
    { 9, 3, 12, 1, 9, 24, 8926 }, // ­
    { 20, 20, 20, 0, 19, 189, 8950 }, // ®
    { 10, 3, 12, 1, 18, 24, 9139 }, // ¯
    { 9, 9, 10, 1, 19, 44, 9163 }, // °
    { 15, 18, 19, 2, 17, 57, 9207 }, // ±
    { 8, 12, 10, 1, 19, 59, 9264 }, // ²
    { 8, 12, 10, 1, 19, 59, 9323 }, // ³
    { 6, 5, 6, 1, 19, 23, 9382 }, // ´
    { 12, 19, 14, 1, 13, 68, 9405 }, // µ
    { 15, 23, 16, 0, 19, 79, 9473 }, // ¶
    { 4, 5, 8, 2, 10, 18, 9552 }, // ·
    { 8, 6, 10, 1, 0, 33, 9570 }, // ¸
    { 6, 12, 10, 1, 19, 28, 9603 }, // ¹
    { 12, 15, 16, 2, 19, 92, 9631 }, // º
    { 15, 12, 18, 2, 13, 95, 9723 }, // »
    { 20, 19, 21, 0, 19, 148, 9818 }, // ¼
    { 20, 19, 21, 0, 19, 151, 9966 }, // ½
    { 19, 19, 21, 1, 19, 168, 10117 }, // ¾
    { 13, 19, 15, 1, 13, 97, 10285 }, // ¿
    { 16, 24, 16, 0, 24, 142, 10382 }, // À
    { 16, 24, 16, 0, 24, 144, 10524 }, // Á
    { 16, 24, 16, 0, 24, 158, 10668 }, // Â
    { 16, 24, 16, 0, 24, 158, 10826 }, // Ã
    { 16, 24, 16, 0, 24, 147, 10984 }, // Ä
    { 16, 26, 16, 0, 26, 160, 11131 }, // Å
    { 19, 19, 20, 0, 19, 127, 11291 }, // Æ
    { 14, 25, 16, 0, 19, 127, 11418 }, // Ç
    { 12, 24, 15, 2, 24, 80, 11545 }, // È
    { 12, 24, 15, 2, 24, 82, 11625 }, // É
    { 12, 24, 15, 2, 24, 90, 11707 }, // Ê
    { 12, 24, 15, 2, 24, 82, 11797 }, // Ë
    { 7, 24, 8, -1, 24, 46, 11879 }, // Ì
    { 7, 24, 8, 2, 24, 43, 11925 }, // Í
    { 10, 24, 7, -1, 24, 59, 11968 }, // Î
    { 8, 24, 8, 0, 24, 45, 12027 }, // Ï
    { 18, 20, 18, 0, 19, 134, 12072 }, // Ð
    { 14, 24, 17, 2, 24, 123, 12206 }, // Ñ
    { 18, 25, 18, 0, 24, 164, 12329 }, // Ò
    { 18, 25, 18, 0, 24, 165, 12493 }, // Ó
    { 18, 25, 18, 0, 24, 177, 12658 }, // Ô
    { 18, 25, 18, 0, 24, 174, 12835 }, // Õ
    { 18, 25, 18, 0, 24, 172, 13009 }, // Ö
    { 13, 13, 14, 1, 14, 77, 13181 }, // ×
    { 17, 20, 18, 1, 19, 163, 13258 }, // Ø
    { 14, 25, 17, 1, 24, 94, 13421 }, // Ù
    { 14, 25, 17, 1, 24, 94, 13515 }, // Ú
    { 14, 25, 17, 1, 24, 107, 13609 }, // Û
    { 14, 25, 17, 1, 24, 93, 13716 }, // Ü
    { 16, 24, 15, 0, 24, 122, 13809 }, // Ý
    { 13, 19, 16, 2, 19, 88, 13931 }, // Þ
    { 14, 20, 15, 1, 19, 120, 14019 }, // ß
    { 11, 20, 14, 1, 19, 119, 14139 }, // à
    { 11, 20, 14, 1, 19, 117, 14258 }, // á
    { 11, 20, 14, 1, 19, 127, 14375 }, // â
    { 11, 20, 14, 1, 19, 127, 14502 }, // ã
    { 11, 20, 14, 1, 19, 121, 14629 }, // ä
    { 11, 22, 14, 1, 21, 129, 14750 }, // å
    { 20, 15, 22, 1, 14, 151, 14879 }, // æ
    { 11, 20, 12, 0, 14, 100, 15030 }, // ç
    { 13, 20, 13, 0, 19, 121, 15130 }, // è
    { 13, 20, 13, 0, 19, 127, 15251 }, // é
    { 13, 20, 13, 0, 19, 136, 15378 }, // ê
    { 13, 20, 13, 0, 19, 132, 15514 }, // ë
    { 7, 19, 8, -1, 19, 41, 15646 }, // ì
    { 7, 19, 8, 2, 19, 39, 15687 }, // í
    { 11, 19, 7, -2, 19, 50, 15726 }, // î
    { 8, 19, 8, 0, 19, 43, 15776 }, // ï
    { 13, 20, 14, 1, 19, 133, 15819 }, // ð
    { 12, 19, 14, 1, 19, 88, 15952 }, // ñ
    { 14, 20, 14, 0, 19, 93, 16040 }, // ò
    { 14, 20, 14, 0, 19, 96, 16133 }, // ó
    { 14, 20, 14, 0, 19, 108, 16229 }, // ô
    { 14, 20, 14, 0, 19, 110, 16337 }, // õ
    { 14, 20, 14, 0, 19, 101, 16447 }, // ö
    { 16, 15, 18, 1, 15, 61, 16548 }, // ÷
    { 13, 15, 14, 1, 14, 114, 16609 }, // ø
    { 12, 20, 14, 1, 19, 82, 16723 }, // ù
    { 12, 20, 14, 1, 19, 85, 16805 }, // ú
    { 12, 20, 14, 1, 19, 92, 16890 }, // û
    { 12, 20, 14, 1, 19, 79, 16982 }, // ü
    { 13, 25, 13, 0, 19, 137, 17061 }, // ý
    { 13, 25, 15, 1, 19, 112, 17198 }, // þ
    { 13, 25, 13, 0, 19, 133, 17310 }, // ÿ
};
const UnicodeInterval MPLUSRounded1c_Medium_12Intervals[] = {
    { 0x20, 0x7E, 0x0 },
    { 0xA0, 0xFF, 0x5F },
};
const GFXfont MPLUSRounded1c_Medium_12 = {
    (uint8_t*)MPLUSRounded1c_Medium_12Bitmaps,
    (GFXglyph*)MPLUSRounded1c_Medium_12Glyphs,
    (UnicodeInterval*)MPLUSRounded1c_Medium_12Intervals,
    2,
    1,
    37,
    27,
    -8,
};
